timestamp,isp,interface,download_mbps,upload_mbps,ping_ms,jitter_ms,server_name,server_location,result_url
2026-03-08T14:37:47.948266,astound,eth0,50.04,53.0,13.08,2.44,EZEE Fiber,"Seattle, WA, United States",https://www.speedtest.net/result/c/c086c5d4-f1c8-4dfd-af34-efc3a4432a72
2026-03-08T14:45:51.430597,astound,eth0,46.96,52.25,11.35,2.0,Astound Broadband,"Seattle, WA, United States",https://www.speedtest.net/result/c/a94c0514-02b4-472f-a505-48dac7c01ec9
2026-03-08T15:00:53.344269,astound,eth0,48.16,52.48,11.42,1.26,Ziply Fiber,"Seattle, WA, United States",https://www.speedtest.net/result/c/96dccb60-19f8-451c-8f96-7a384b7282c6
2026-03-08T15:15:53.564947,astound,eth0,47.5,53.42,12.22,2.19,Astound Broadband,"Seattle, WA, United States",https://www.speedtest.net/result/c/d117d4d3-705b-4bac-93bc-3c1f3c105760
2026-03-08T15:30:51.992723,astound,eth0,48.65,52.2,14.89,0.76,CenturyLink,"Seattle, WA, United States",https://www.speedtest.net/result/c/0c98d969-2ebe-4c82-8b78-d483f1003d23
2026-03-08T15:46:02.794705,astound,eth0,47.25,52.27,15.85,3.05,CenturyLink,"Seattle, WA, United States",https://www.speedtest.net/result/c/6e8b8908-df71-4d68-b9c9-081b8ff6dcdd
2026-03-08T16:00:58.385276,astound,eth0,47.08,52.66,12.83,0.54,Nitel,"Seattle, WA, United States",https://www.speedtest.net/result/c/1d87c45a-eca1-4db3-ac6c-5969f6c0939f
2026-03-08T16:15:52.374833,astound,eth0,49.09,52.34,12.09,2.15,Ziply Fiber,"Seattle, WA, United States",https://www.speedtest.net/result/c/c8aaaa34-0937-44b9-94df-5b54d5073b0b
2026-03-08T16:30:53.898110,astound,eth0,44.45,52.56,12.21,1.74,Astound Broadband,"Seattle, WA, United States",https://www.speedtest.net/result/c/c7826946-3df3-41e5-8079-523c4c69ec19
2026-03-08T16:45:58.549228,astound,eth0,47.22,52.69,12.24,2.23,EZEE Fiber,"Seattle, WA, United States",https://www.speedtest.net/result/c/e69e20ca-cb66-43b4-b942-a346da89e6fc
2026-03-08T17:00:56.057385,astound,eth0,46.68,52.21,12.11,1.15,"KamaTera, Inc.","Seattle, WA, United States",https://www.speedtest.net/result/c/407e0ac0-05b1-4ab0-a8ca-8c0e03861553
2026-03-08T17:15:54.422833,astound,eth0,46.7,52.28,12.98,1.37,Nitel,"Seattle, WA, United States",https://www.speedtest.net/result/c/fce53c15-ebca-4a70-bffb-ffd56ec28622
2026-03-08T17:30:54.787734,astound,eth0,47.48,53.13,12.16,0.81,Nitel,"Seattle, WA, United States",https://www.speedtest.net/result/c/38dd068f-a0ba-471c-9c40-8785718cb272
2026-03-08T17:46:01.760727,astound,eth0,45.88,52.23,12.22,1.76,Astound Broadband,"Seattle, WA, United States",https://www.speedtest.net/result/c/3e793d38-5ad7-4679-bd96-cffdd168f297
2026-03-08T18:00:52.583499,astound,eth0,48.75,52.35,11.36,3.73,Ziply Fiber,"Seattle, WA, United States",https://www.speedtest.net/result/c/91658ce4-d1ec-49b0-b41e-a8f05565e755
2026-03-08T18:15:52.440881,astound,eth0,46.89,53.02,12.24,0.98,Astound Broadband,"Seattle, WA, United States",https://www.speedtest.net/result/c/d3449882-5b21-4d6a-b70f-c83074a39e94
2026-03-08T18:30:54.739811,astound,eth0,46.89,52.39,11.91,1.27,Ziply Fiber,"Seattle, WA, United States",https://www.speedtest.net/result/c/307ff2e2-c929-4fcf-9cf8-f8bda016109d
2026-03-08T18:45:53.992248,astound,eth0,46.45,52.6,11.89,1.08,Nitel,"Seattle, WA, United States",https://www.speedtest.net/result/c/66f4cf22-0dec-45f3-a21a-232f32a95dfb
2026-03-08T19:00:54.744356,astound,eth0,47.9,52.56,12.02,2.79,Nitel,"Seattle, WA, United States",https://www.speedtest.net/result/c/8b5c0695-b575-470b-8687-3607d2e1b411
2026-03-08T19:16:01.582973,astound,eth0,49.28,53.76,12.82,1.22,GSL Networks,"Seattle, WA, United States",https://www.speedtest.net/result/c/3899dcba-4c87-4df6-a6d3-0551a8a2e2b6
2026-03-08T19:30:57.275498,astound,eth0,46.5,48.44,7.54,3.24,Nitel,"Seattle, WA, United States",https://www.speedtest.net/result/c/f9d02ce5-9a0a-488b-9e08-daac336cd94c
2026-03-08T19:46:01.026383,astound,eth0,45.55,48.35,10.75,2.44,Nitel,"Seattle, WA, United States",https://www.speedtest.net/result/c/e9f8cf28-898e-464e-8979-10e66e178c19
2026-03-08T20:01:01.629949,astound,eth0,38.63,52.28,12.57,1.33,Ziply Fiber,"Seattle, WA, United States",https://www.speedtest.net/result/c/715008a8-fd23-4f3b-8764-65c46cc91a14
2026-03-08T20:15:57.957222,astound,eth0,48.3,52.33,12.74,1.07,Astound Broadband,"Seattle, WA, United States",https://www.speedtest.net/result/c/20ad765d-62d6-416c-90f9-82a44d060f8b
2026-03-08T20:30:56.772129,astound,eth0,892.28,52.36,12.05,1.55,"KamaTera, Inc.","Seattle, WA, United States",https://www.speedtest.net/result/c/769f7754-bf5f-489d-a5a8-fbab2ef3caf6
2026-03-08T20:45:53.981355,astound,eth0,913.17,52.36,12.9,0.23,Ziply Fiber,"Seattle, WA, United States",https://www.speedtest.net/result/c/29b84d5f-5233-4f13-8315-618dc1b6fb7f
2026-03-08T21:00:55.236983,astound,eth0,49.06,53.08,13.57,1.47,EZEE Fiber,"Seattle, WA, United States",https://www.speedtest.net/result/c/863b812a-e375-4459-a247-8d80e453ef02
2026-03-08T21:15:56.406764,astound,eth0,47.52,52.65,12.66,1.56,Astound Broadband,"Seattle, WA, United States",https://www.speedtest.net/result/c/d6c72d89-5f47-42fd-9a2f-b74adc033da7
2026-03-08T21:30:54.723198,astound,eth0,42.64,52.18,11.33,2.8,GSL Networks,"Seattle, WA, United States",https://www.speedtest.net/result/c/e809f9f3-300a-4be9-9c91-b69fb09410e2
2026-03-08T21:45:52.155989,astound,eth0,50.31,52.86,12.82,2.41,GSL Networks,"Seattle, WA, United States",https://www.speedtest.net/result/c/d5692da2-bc2a-46ce-a4cf-0b6668f0d493
2026-03-08T22:00:54.094854,astound,eth0,50.36,52.29,12.24,1.18,Nitel,"Seattle, WA, United States",https://www.speedtest.net/result/c/f180b506-1054-4085-957c-711ba957d90e
2026-03-08T22:15:50.764401,astound,eth0,50.26,52.29,11.38,3.05,Ziply Fiber,"Seattle, WA, United States",https://www.speedtest.net/result/c/050928d3-dc55-45d6-9876-25d5d97ed978
2026-03-08T22:30:51.311712,astound,eth0,49.75,52.87,12.47,5.5,Astound Broadband,"Seattle, WA, United States",https://www.speedtest.net/result/c/8f1b8cf8-86e1-4440-855d-3ada57011350
2026-03-08T22:45:55.186666,astound,eth0,49.55,52.83,12.57,55.08,Astound Broadband,"Seattle, WA, United States",https://www.speedtest.net/result/c/99c71599-3c0f-48dd-9da1-c422282c12e9
2026-03-08T23:00:50.689145,astound,eth0,46.68,52.32,12.92,0.22,Nitel,"Seattle, WA, United States",https://www.speedtest.net/result/c/3bd95590-807d-41d3-b021-cbd099ca094e
2026-03-08T23:15:52.692546,astound,eth0,50.42,52.26,12.55,1.25,Astound Broadband,"Seattle, WA, United States",https://www.speedtest.net/result/c/89fce6dc-4618-4a71-8d47-f37334cd9720
2026-03-08T23:30:50.453069,astound,eth0,50.41,52.4,6.48,2.04,Astound Broadband,"Seattle, WA, United States",https://www.speedtest.net/result/c/6eea50df-af4c-4ad2-ac61-ecbe6267afe0
2026-03-08T23:45:50.632168,astound,eth0,50.39,52.26,12.89,0.67,Astound Broadband,"Seattle, WA, United States",https://www.speedtest.net/result/c/f9bd4084-cc65-453b-85d9-b8bf9f0d4d5d
2026-03-09T00:01:01.794955,astound,eth0,38.51,52.35,12.84,1.2,Nitel,"Seattle, WA, United States",https://www.speedtest.net/result/c/9badb03f-af52-45e9-b1da-ee3ba59e6ee7
2026-03-09T00:15:54.244215,astound,eth0,50.38,52.31,12.99,0.66,Ziply Fiber,"Seattle, WA, United States",https://www.speedtest.net/result/c/279e9d0f-1e6a-49fb-bbfe-efa76d0d63c5
2026-03-09T00:30:53.999274,astound,eth0,50.52,52.29,12.88,1.18,"KamaTera, Inc.","Seattle, WA, United States",https://www.speedtest.net/result/c/380bb467-8202-46e3-9131-b165591520fb
2026-03-09T00:45:52.709177,astound,eth0,50.38,52.33,12.75,0.61,Astound Broadband,"Seattle, WA, United States",https://www.speedtest.net/result/c/4a164326-b263-48e1-af70-147c390a90f1
2026-03-09T01:00:53.483599,astound,eth0,50.46,52.41,12.67,1.21,EZEE Fiber,"Seattle, WA, United States",https://www.speedtest.net/result/c/8097b11a-c4dd-48bc-a35e-26f68fc4827b
2026-03-09T01:15:54.461063,astound,eth0,49.37,52.34,12.2,1.09,Nitel,"Seattle, WA, United States",https://www.speedtest.net/result/c/6857af6b-9c55-4f3e-b895-5a23400382c4
2026-03-09T01:30:51.003999,astound,eth0,49.79,52.26,12.19,1.96,"KamaTera, Inc.","Seattle, WA, United States",https://www.speedtest.net/result/c/d34f2759-258a-4888-9047-80b2e5de1f1a
2026-03-09T01:45:57.824063,astound,eth0,49.52,52.27,11.21,0.84,Nitel,"Seattle, WA, United States",https://www.speedtest.net/result/c/10e6d774-8490-449c-b02d-af7d1c8160e3
2026-03-09T02:00:52.753533,astound,eth0,48.5,52.32,12.74,1.38,Ziply Fiber,"Seattle, WA, United States",https://www.speedtest.net/result/c/ac4665e1-2fe7-4ab8-8f55-145d1d1a3904
2026-03-09T02:15:50.570735,astound,eth0,50.17,52.29,12.44,3.57,Ziply Fiber,"Seattle, WA, United States",https://www.speedtest.net/result/c/2d8e3200-4c13-4d7a-b1c7-a01f6c7939cf
2026-03-09T02:30:54.647543,astound,eth0,50.36,52.28,12.23,2.27,Ziply Fiber,"Seattle, WA, United States",https://www.speedtest.net/result/c/f6e7fa42-1ce1-4b47-b9c7-88f7514f297d
2026-03-09T02:45:54.376038,astound,eth0,50.36,52.31,12.19,1.56,Ziply Fiber,"Seattle, WA, United States",https://www.speedtest.net/result/c/d4148477-6e5b-4274-9f37-2759115480d3
2026-03-09T03:00:50.378750,astound,eth0,50.36,52.31,12.86,1.13,GSL Networks,"Seattle, WA, United States",https://www.speedtest.net/result/c/7d735d56-f99b-4e18-88f8-32a0b60ab961
2026-03-09T03:15:50.770464,astound,eth0,49.83,52.29,12.15,1.28,GSL Networks,"Seattle, WA, United States",https://www.speedtest.net/result/c/5ddfc8d1-9f83-46b3-8e5b-8defd0ecca0f
2026-03-09T03:30:50.730040,astound,eth0,50.22,52.31,12.99,2.67,Nitel,"Seattle, WA, United States",https://www.speedtest.net/result/c/f73428b1-0473-4aab-8293-c041cf838145
2026-03-09T03:45:53.795222,astound,eth0,49.77,52.18,12.92,0.16,EZEE Fiber,"Seattle, WA, United States",https://www.speedtest.net/result/c/9fccb851-89e5-4825-8dcb-e77687cb85c5
2026-03-09T04:00:54.373588,astound,eth0,48.26,52.33,12.79,0.64,Nitel,"Seattle, WA, United States",https://www.speedtest.net/result/c/609f0b2a-5390-422e-8657-24ff5d3b4ee7
2026-03-09T04:15:50.710054,astound,eth0,49.7,52.35,11.4,1.21,Astound Broadband,"Seattle, WA, United States",https://www.speedtest.net/result/c/d5951fc4-7b0f-4f14-9d2a-b0857441a167
2026-03-09T04:30:50.365502,astound,eth0,50.34,52.31,11.43,2.34,GSL Networks,"Seattle, WA, United States",https://www.speedtest.net/result/c/c866e6e6-33b0-4609-aa2c-d2b95d8aea91
2026-03-09T04:45:50.343884,astound,eth0,50.25,52.29,11.42,1.71,GSL Networks,"Seattle, WA, United States",https://www.speedtest.net/result/c/5fc2db5f-5c75-4664-b9ee-0b72b99fb3a1
2026-03-09T05:00:50.398970,astound,eth0,50.38,52.3,12.16,2.19,Ziply Fiber,"Seattle, WA, United States",https://www.speedtest.net/result/c/34417618-eb2a-41cf-ad6a-81bdd765f0cd
2026-03-09T05:15:50.925091,astound,eth0,50.13,52.19,12.25,1.73,"KamaTera, Inc.","Seattle, WA, United States",https://www.speedtest.net/result/c/08cb509c-9053-457f-a908-f706de0be8cc
2026-03-09T05:30:50.727174,astound,eth0,50.34,52.33,11.52,1.88,Ziply Fiber,"Seattle, WA, United States",https://www.speedtest.net/result/c/98a65338-e1d8-4cbe-9541-31244722ffee
2026-03-09T05:45:50.848334,astound,eth0,50.16,52.29,13.0,1.09,EZEE Fiber,"Seattle, WA, United States",https://www.speedtest.net/result/c/38ac5dbd-17b7-4780-952c-823dc85f6eef
2026-03-09T06:00:54.232805,astound,eth0,49.45,52.28,14.31,1.87,EZEE Fiber,"Seattle, WA, United States",https://www.speedtest.net/result/c/58d8bcb0-d031-4051-b968-b0a6c0372fd2
2026-03-09T06:15:54.195460,astound,eth0,50.23,52.28,14.02,1.66,Nitel,"Seattle, WA, United States",https://www.speedtest.net/result/c/39feca6d-2027-421f-bc18-d0b0a0eca6ba
2026-03-09T06:30:50.714897,astound,eth0,50.31,51.77,12.22,2.19,"KamaTera, Inc.","Seattle, WA, United States",https://www.speedtest.net/result/c/501ee862-e69e-4ad3-8cd1-2935e3f2e6dd
2026-03-09T06:45:52.757164,astound,eth0,50.32,52.34,12.43,1.21,Astound Broadband,"Seattle, WA, United States",https://www.speedtest.net/result/c/99abf930-c6e9-4add-9883-f62522ec8456
2026-03-09T07:00:52.217533,astound,eth0,50.31,52.26,10.76,1.21,Astound Broadband,"Seattle, WA, United States",https://www.speedtest.net/result/c/337128ae-5ab8-4f01-8da1-3f68a6885c4a
2026-03-09T07:15:50.642202,astound,eth0,50.16,52.3,12.21,1.95,Astound Broadband,"Seattle, WA, United States",https://www.speedtest.net/result/c/e3f8c91c-15fd-4eb3-92c3-9b8e2ea6f5cb
2026-03-09T07:30:52.705128,astound,eth0,50.37,52.31,12.71,1.11,Astound Broadband,"Seattle, WA, United States",https://www.speedtest.net/result/c/46fd14ca-697e-4bb6-9cc1-f677c6345f3f
2026-03-09T07:45:50.494850,astound,eth0,50.24,52.33,11.35,1.67,Astound Broadband,"Seattle, WA, United States",https://www.speedtest.net/result/c/5c6f2916-77a7-4a31-9cb5-2a1c0ef337fb
2026-03-09T08:00:50.695176,astound,eth0,50.13,52.26,9.38,2.31,"KamaTera, Inc.","Seattle, WA, United States",https://www.speedtest.net/result/c/d3489397-0160-45de-bd4a-fe42e9a272db
2026-03-09T08:15:54.205386,astound,eth0,50.05,52.32,13.59,1.48,Nitel,"Seattle, WA, United States",https://www.speedtest.net/result/c/ad2937f9-b9cf-4410-bd66-3e5ee12fd000
2026-03-09T08:30:53.761318,astound,eth0,50.26,52.31,12.9,1.31,EZEE Fiber,"Seattle, WA, United States",https://www.speedtest.net/result/c/85286653-518d-41fa-ba55-7e5aaa4373ff
2026-03-09T08:45:54.297953,astound,eth0,50.32,52.23,12.23,1.62,"KamaTera, Inc.","Seattle, WA, United States",https://www.speedtest.net/result/c/e3ea9e9c-7833-4c50-af92-f55fce2c7461
2026-03-09T09:00:50.817481,astound,eth0,46.71,52.29,12.9,1.66,EZEE Fiber,"Seattle, WA, United States",https://www.speedtest.net/result/c/a6db1c50-a21b-4746-92b3-da96754eb371
2026-03-09T09:15:50.625078,astound,eth0,50.24,52.29,12.71,0.78,Ziply Fiber,"Seattle, WA, United States",https://www.speedtest.net/result/c/cd7d3499-67a5-4658-9580-e3e6ee0c8d21
2026-03-09T09:30:54.394904,astound,eth0,50.47,52.37,13.04,0.64,EZEE Fiber,"Seattle, WA, United States",https://www.speedtest.net/result/c/be01d851-97a1-4c9d-a8ed-7657325b011b
2026-03-09T09:45:59.098025,astound,eth0,49.03,48.86,12.98,0.91,"KamaTera, Inc.","Seattle, WA, United States",https://www.speedtest.net/result/c/490d1228-cab4-4bbf-a8c4-ba6c02713f1f
2026-03-09T10:00:55.485955,astound,eth0,50.37,53.16,12.22,1.37,"KamaTera, Inc.","Seattle, WA, United States",https://www.speedtest.net/result/c/0ad87c56-11f4-4c3e-bb1f-1c9bb960105c
2026-03-09T10:15:51.072214,astound,eth0,50.43,52.18,11.44,1.64,Astound Broadband,"Seattle, WA, United States",https://www.speedtest.net/result/c/5a9af860-c910-40f2-b173-975d703b1656
2026-03-09T10:30:51.303327,astound,eth0,50.27,52.4,12.15,2.76,Ziply Fiber,"Seattle, WA, United States",https://www.speedtest.net/result/c/d95087eb-32bf-40a0-bcdb-e6ac7f196e95
2026-03-09T10:45:49.586535,astound,eth0,50.35,52.41,12.75,0.91,"KamaTera, Inc.","Seattle, WA, United States",https://www.speedtest.net/result/c/ca47e8ec-4963-4676-a78c-856c4366570f
2026-03-09T11:00:59.118870,astound,eth0,50.34,41.72,11.45,2.36,Nitel,"Seattle, WA, United States",https://www.speedtest.net/result/c/8e676842-f1ba-48a9-80d4-95382fdc53d8
2026-03-09T11:15:55.437631,astound,eth0,50.29,25.22,12.48,0.98,Ziply Fiber,"Seattle, WA, United States",https://www.speedtest.net/result/c/393e9908-b5f1-4957-926d-9f0c53133f89
2026-03-09T11:30:53.981294,astound,eth0,49.69,52.49,12.24,1.56,Astound Broadband,"Seattle, WA, United States",https://www.speedtest.net/result/c/9765aa1c-cad5-4660-9736-8ef35077f416
2026-03-09T11:45:57.684744,astound,eth0,50.4,39.34,12.91,0.9,Astound Broadband,"Seattle, WA, United States",https://www.speedtest.net/result/c/65c2bf83-5392-4e5f-a415-513cd177b508
2026-03-09T12:00:55.518992,astound,eth0,50.34,42.9,12.66,1.78,Nitel,"Seattle, WA, United States",https://www.speedtest.net/result/c/a1aef9e7-8086-4ea0-88e3-be9b36e313e6
2026-03-09T12:15:54.058532,astound,eth0,50.18,52.41,11.92,2.98,Nitel,"Seattle, WA, United States",https://www.speedtest.net/result/c/5ec23737-913d-4490-845b-d90da635e040
2026-03-09T12:30:55.026519,astound,eth0,50.35,50.52,12.24,1.68,Astound Broadband,"Seattle, WA, United States",https://www.speedtest.net/result/c/d4bf9c80-6115-4ebf-8231-6b7e42d0edaa
2026-03-09T12:45:57.973633,astound,eth0,50.34,49.75,11.04,1.26,Astound Broadband,"Seattle, WA, United States",https://www.speedtest.net/result/c/6c2212fb-720a-4776-9901-aa56460ac8a8
2026-03-09T13:00:50.455770,astound,eth0,50.27,52.54,12.47,1.33,EZEE Fiber,"Seattle, WA, United States",https://www.speedtest.net/result/c/c98196fe-5bf3-4587-b157-d88f505aafc6
2026-03-09T13:15:58.258277,astound,eth0,50.27,52.66,12.9,0.7,Astound Broadband,"Seattle, WA, United States",https://www.speedtest.net/result/c/ae590e2b-5808-45e9-a3d9-8cfd2975b105
2026-03-09T13:30:52.169803,astound,eth0,50.25,52.43,10.76,1.17,Astound Broadband,"Seattle, WA, United States",https://www.speedtest.net/result/c/59ab4575-266a-41b6-b357-25e64d6c89b1
2026-03-09T13:45:49.584488,astound,eth0,50.22,52.32,12.32,1.48,GSL Networks,"Seattle, WA, United States",https://www.speedtest.net/result/c/c77306f6-82ac-41ac-9280-f08ad67a3bc0
2026-03-09T14:00:58.162311,astound,eth0,50.29,48.63,12.98,4.39,GSL Networks,"Seattle, WA, United States",https://www.speedtest.net/result/c/5176c82a-097b-4161-ae1e-dbaa02a9db43
2026-03-09T14:15:51.472331,astound,eth0,50.28,52.33,12.27,4.17,Ziply Fiber,"Seattle, WA, United States",https://www.speedtest.net/result/c/e3af9fc7-ce45-48dc-8794-9afcbdefbcb5
2026-03-09T14:30:54.865466,astound,eth0,50.32,52.54,12.13,1.37,"KamaTera, Inc.","Seattle, WA, United States",https://www.speedtest.net/result/c/9f8d5c68-2239-4c4b-8307-b1fe13e1ad6b
2026-03-09T14:45:50.721431,astound,eth0,50.23,52.28,12.9,4.97,"KamaTera, Inc.","Seattle, WA, United States",https://www.speedtest.net/result/c/a6b89b7d-234e-41cc-87a6-c59500b1cc32
2026-03-09T15:00:55.331425,astound,eth0,50.22,52.4,12.72,1.73,Astound Broadband,"Seattle, WA, United States",https://www.speedtest.net/result/c/6edaf9dc-ab99-4504-9ec0-432b68e22110
2026-03-09T15:15:49.817558,astound,eth0,50.17,52.33,11.44,1.99,"KamaTera, Inc.","Seattle, WA, United States",https://www.speedtest.net/result/c/270fb280-e25d-440e-87fa-4176981abf0e
2026-03-09T15:30:57.447398,astound,eth0,50.27,52.21,12.72,0.63,Astound Broadband,"Seattle, WA, United States",https://www.speedtest.net/result/c/5c608f07-910b-4f1e-bb95-5f8b108be26f
2026-03-09T15:45:53.449604,astound,eth0,50.6,52.3,12.19,2.17,Astound Broadband,"Seattle, WA, United States",https://www.speedtest.net/result/c/0802c4ed-0483-432f-ad16-ab41289086f2
2026-03-09T16:00:52.367923,astound,eth0,50.37,52.31,11.42,3.4,Astound Broadband,"Seattle, WA, United States",https://www.speedtest.net/result/c/eb2b7016-7aac-419b-a3ec-8d391b4e36c2
2026-03-09T16:15:55.932405,astound,eth0,47.22,52.31,11.33,1.54,"KamaTera, Inc.","Seattle, WA, United States",https://www.speedtest.net/result/c/4c64effb-8480-40b3-924e-f329707c5a9c
2026-03-09T16:31:01.315793,astound,eth0,44.24,52.37,11.38,1.94,Astound Broadband,"Seattle, WA, United States",https://www.speedtest.net/result/c/89b8a72b-f659-46a5-a6ab-301a38b7581d
2026-03-09T16:45:53.737037,astound,eth0,46.88,22.01,12.89,2.29,Nitel,"Seattle, WA, United States",https://www.speedtest.net/result/c/9f8ad2ab-1bb7-4407-ac93-20398a158294
2026-03-09T17:00:58.050203,astound,eth0,46.61,53.64,12.03,0.92,"KamaTera, Inc.","Seattle, WA, United States",https://www.speedtest.net/result/c/6663a7dd-a415-4869-8c00-0a20f1177928
2026-03-09T17:16:01.423751,astound,eth0,45.86,52.23,12.85,0.97,GSL Networks,"Seattle, WA, United States",https://www.speedtest.net/result/c/304f98fd-8589-4317-9316-12ef700abebc
2026-03-09T17:30:50.572381,astound,eth0,50.37,52.25,12.64,4.71,Nitel,"Seattle, WA, United States",https://www.speedtest.net/result/c/d138eaba-9fc7-4156-a159-5bf6261d3c8a
2026-03-09T17:45:53.859213,astound,eth0,47.55,18.26,11.58,3.62,Nitel,"Seattle, WA, United States",https://www.speedtest.net/result/c/2eba6042-a256-4efb-870d-8b2f918a82a5
2026-03-09T18:00:59.760223,astound,eth0,48.21,14.45,12.81,1.65,EZEE Fiber,"Seattle, WA, United States",https://www.speedtest.net/result/c/0b320932-65e5-40ad-91dc-8243cd2d390d
2026-03-09T18:15:57.982109,astound,eth0,48.31,32.89,11.33,2.57,Astound Broadband,"Seattle, WA, United States",https://www.speedtest.net/result/c/0da1806a-f2fe-441b-b28e-6039a9f738c9
2026-03-09T18:30:55.097290,astound,eth0,48.87,49.82,12.16,1.99,Ziply Fiber,"Seattle, WA, United States",https://www.speedtest.net/result/c/3e6652a5-1576-43ac-9b0a-77cb5d26c4fe
2026-03-09T18:45:53.045038,astound,eth0,48.85,52.84,12.86,0.4,Nitel,"Seattle, WA, United States",https://www.speedtest.net/result/c/964acfb8-9a16-4099-adea-4f2bd9968295
2026-03-09T19:00:55.671898,astound,eth0,48.42,52.29,13.15,1.84,EZEE Fiber,"Seattle, WA, United States",https://www.speedtest.net/result/c/31d0f4d0-8b27-4746-b7ab-6e73cc412a56
2026-03-09T19:15:58.311735,astound,eth0,48.48,37.6,13.62,3.21,EZEE Fiber,"Seattle, WA, United States",https://www.speedtest.net/result/c/21a68d72-78a5-40f5-bb42-d4b052e73c7b
2026-03-09T19:30:49.139802,astound,eth0,47.97,52.78,12.85,2.6,"KamaTera, Inc.","Seattle, WA, United States",https://www.speedtest.net/result/c/82af4e5f-b6fe-45cf-bf8d-1cc21a8f50bb
2026-03-09T19:46:01.408669,astound,eth0,47.27,42.99,12.18,3.85,Nitel,"Seattle, WA, United States",https://www.speedtest.net/result/c/ed8a9bd3-2bf5-4bd9-8bd2-2be7ca4a5772
2026-03-09T20:00:55.581744,astound,eth0,47.07,43.68,10.71,3.48,Astound Broadband,"Seattle, WA, United States",https://www.speedtest.net/result/c/676445f2-7a10-40db-b4de-97ef8c34cda3
2026-03-09T20:15:49.990545,astound,eth0,46.07,51.63,12.35,2.99,Nitel,"Seattle, WA, United States",https://www.speedtest.net/result/c/aa0491b6-5d91-4f40-8e9a-bcaad57a9226
2026-03-09T20:30:55.929877,astound,eth0,46.97,52.2,11.77,4.1,Ziply Fiber,"Seattle, WA, United States",https://www.speedtest.net/result/c/f774347c-a145-4822-b98a-69039566afb1
2026-03-09T20:45:54.274557,astound,eth0,48.7,52.14,12.94,6.08,Astound Broadband,"Seattle, WA, United States",https://www.speedtest.net/result/c/362be12c-5421-4825-bd10-6366249ffd0c
2026-03-09T21:00:55.326741,astound,eth0,50.34,52.37,12.78,0.48,Ziply Fiber,"Seattle, WA, United States",https://www.speedtest.net/result/c/41a1c856-59f5-4f70-99dc-9664181ec488
2026-03-09T21:15:49.967422,astound,eth0,44.67,52.61,12.8,0.57,GSL Networks,"Seattle, WA, United States",https://www.speedtest.net/result/c/941142cb-075a-40e1-bf7e-c5d872f1ae88
2026-03-09T21:31:00.501815,astound,eth0,47.93,47.2,12.39,0.76,Ziply Fiber,"Seattle, WA, United States",https://www.speedtest.net/result/c/4da5bacd-4525-4429-866a-4af48dd7b56d
2026-03-09T21:45:57.857600,astound,eth0,43.59,40.71,12.14,9.02,Astound Broadband,"Seattle, WA, United States",https://www.speedtest.net/result/c/40b44f77-e20e-4879-a6e5-dc6327c1d01e
2026-03-09T22:00:52.574528,astound,eth0,47.72,50.49,10.43,2.09,Ziply Fiber,"Seattle, WA, United States",https://www.speedtest.net/result/c/80ea7243-b2e3-4a6f-a449-b1b0e1f9f146
2026-03-09T22:16:04.626797,astound,eth0,43.87,38.09,8.95,14.1,"KamaTera, Inc.","Seattle, WA, United States",https://www.speedtest.net/result/c/bc09f0a5-8663-4e28-b3cf-76730e804a64
2026-03-09T22:31:01.507532,astound,eth0,40.98,40.85,6.79,1.18,Ziply Fiber,"Seattle, WA, United States",https://www.speedtest.net/result/c/8b21da31-e79b-4ce5-8be1-32218e00b868
2026-03-09T22:45:57.282661,astound,eth0,44.16,48.38,8.53,2.88,Ziply Fiber,"Seattle, WA, United States",https://www.speedtest.net/result/c/8fbc8460-a4cb-4b3f-861a-d4aa5af8314f
2026-03-09T23:01:02.236342,astound,eth0,47.92,52.53,12.81,0.65,Nitel,"Seattle, WA, United States",https://www.speedtest.net/result/c/5076b35d-31fe-4053-a46b-828cd617c743
2026-03-09T23:15:57.194917,astound,eth0,50.41,46.04,12.2,0.67,Astound Broadband,"Seattle, WA, United States",https://www.speedtest.net/result/c/f023a0ea-38fe-4f47-bdf9-1c033e35dfe5
2026-03-09T23:30:56.647364,astound,eth0,47.75,30.98,11.38,1.61,EZEE Fiber,"Seattle, WA, United States",https://www.speedtest.net/result/c/05abacb9-5efd-40f0-8880-3e859effa592
2026-03-09T23:45:50.521539,astound,eth0,50.01,52.3,11.38,1.68,GSL Networks,"Seattle, WA, United States",https://www.speedtest.net/result/c/4513cfde-080e-4e90-8080-62d9cb614ff6
2026-03-10T00:01:00.915652,astound,eth0,50.36,52.66,12.24,1.32,Astound Broadband,"Seattle, WA, United States",https://www.speedtest.net/result/c/b5590670-464a-43ab-91b3-195f5905aa92
2026-03-10T00:15:52.633839,astound,eth0,46.92,52.29,11.34,3.56,EZEE Fiber,"Seattle, WA, United States",https://www.speedtest.net/result/c/90045062-2fe4-4379-a3cf-a4e1af9a69dc
2026-03-10T00:30:51.350766,astound,eth0,50.24,52.68,12.91,0.19,Ziply Fiber,"Seattle, WA, United States",https://www.speedtest.net/result/c/a204e54b-617d-4343-9660-4e42ba006ebe
2026-03-10T00:45:54.099492,astound,eth0,50.41,52.22,12.11,1.46,Nitel,"Seattle, WA, United States",https://www.speedtest.net/result/c/94770625-c580-4752-8736-37dbe1956518
2026-03-10T01:00:54.370382,astound,eth0,49.82,52.3,12.13,2.76,Nitel,"Seattle, WA, United States",https://www.speedtest.net/result/c/675996d7-d013-4159-9ebe-d2714f377fac
2026-03-10T01:15:54.174542,astound,eth0,49.83,52.29,12.77,1.0,"KamaTera, Inc.","Seattle, WA, United States",https://www.speedtest.net/result/c/7daa91d7-5038-4541-a274-8f9ff9ba7b00
2026-03-10T01:30:50.628673,astound,eth0,50.12,52.29,12.11,1.71,EZEE Fiber,"Seattle, WA, United States",https://www.speedtest.net/result/c/d3451d50-1ecd-4a9a-92ca-92ac015753c3
2026-03-10T01:45:50.724885,astound,eth0,50.34,52.33,12.09,1.78,Nitel,"Seattle, WA, United States",https://www.speedtest.net/result/c/430ecc4a-6dbb-4e37-8bba-0bf7f5672d84
2026-03-10T02:00:50.858265,astound,eth0,50.36,52.32,11.53,1.29,Ziply Fiber,"Seattle, WA, United States",https://www.speedtest.net/result/c/477b9819-e289-4c27-92dd-8e1b549891b0
2026-03-10T02:15:50.797964,astound,eth0,50.07,52.3,12.73,0.91,"KamaTera, Inc.","Seattle, WA, United States",https://www.speedtest.net/result/c/52f4279f-9350-48fb-ba1b-de8d8f426aee
2026-03-10T02:30:50.571761,astound,eth0,50.21,52.29,12.62,0.93,Ziply Fiber,"Seattle, WA, United States",https://www.speedtest.net/result/c/cd7c32fd-2438-4291-b799-1ae32f4b4268
2026-03-10T02:45:54.390916,astound,eth0,50.04,52.28,12.92,0.15,"KamaTera, Inc.","Seattle, WA, United States",https://www.speedtest.net/result/c/f2eb850a-7996-4aa1-a874-6ca89fdb637d
2026-03-10T03:00:50.594144,astound,eth0,50.24,52.33,12.86,1.09,Ziply Fiber,"Seattle, WA, United States",https://www.speedtest.net/result/c/5eaf4dd9-e96e-4d66-b379-4a5024048891
2026-03-10T03:15:54.758333,astound,eth0,50.24,52.26,12.84,1.26,"KamaTera, Inc.","Seattle, WA, United States",https://www.speedtest.net/result/c/a303c129-75ac-45f0-8684-77bfd6ed7eb0
2026-03-10T03:30:54.876484,astound,eth0,49.35,52.23,12.21,1.61,"KamaTera, Inc.","Seattle, WA, United States",https://www.speedtest.net/result/c/ed124f32-2eb0-4b6e-a4ff-5751e251e1f8
2026-03-10T03:45:57.809453,astound,eth0,50.29,39.44,12.04,1.03,Astound Broadband,"Seattle, WA, United States",https://www.speedtest.net/result/c/555839e3-894b-4f4a-9f31-be1a06566654
2026-03-10T04:00:59.035939,astound,eth0,50.04,52.15,12.74,1.24,"KamaTera, Inc.","Seattle, WA, United States",https://www.speedtest.net/result/c/e8c79d77-38f6-4f37-a363-988bbd93adae
2026-03-10T04:15:55.668669,astound,eth0,50.23,30.1,12.93,1.53,"KamaTera, Inc.","Seattle, WA, United States",https://www.speedtest.net/result/c/405dbe4f-d431-48a3-af7b-fe0f4635d591
2026-03-10T04:30:51.595403,astound,eth0,50.26,52.63,12.98,1.45,Ziply Fiber,"Seattle, WA, United States",https://www.speedtest.net/result/c/0f15c556-f84a-41f0-8d09-a5660d807d32
2026-03-10T04:45:57.606328,astound,eth0,50.44,49.31,12.92,2.44,Astound Broadband,"Seattle, WA, United States",https://www.speedtest.net/result/c/b51ae881-ef30-431b-8282-c628e0be7827
2026-03-10T05:00:55.619020,astound,eth0,50.25,25.0,12.52,0.45,Nitel,"Seattle, WA, United States",https://www.speedtest.net/result/c/cfc98dce-067f-41be-ac58-dc99a86f5a2a
2026-03-10T05:15:57.573989,astound,eth0,50.26,42.86,12.23,1.5,Astound Broadband,"Seattle, WA, United States",https://www.speedtest.net/result/c/502a797e-7cf5-4dcf-87cf-1f47d1484dc5
2026-03-10T05:30:56.097296,astound,eth0,50.33,50.95,12.78,0.96,Astound Broadband,"Seattle, WA, United States",https://www.speedtest.net/result/c/9b9250a0-0d05-4b0e-801f-6b3f680da582
2026-03-10T05:45:55.333341,astound,eth0,50.47,51.62,12.73,1.0,Nitel,"Seattle, WA, United States",https://www.speedtest.net/result/c/2660debe-93e3-4e65-9605-9635cdded3af
2026-03-10T06:00:55.079218,astound,eth0,50.22,39.54,12.73,1.04,Astound Broadband,"Seattle, WA, United States",https://www.speedtest.net/result/c/9551fe14-adb1-4636-a8c1-aeb8a4a650e1
2026-03-10T06:15:55.222067,astound,eth0,50.26,52.6,12.92,1.48,Nitel,"Seattle, WA, United States",https://www.speedtest.net/result/c/ae1c0a12-53de-4109-a2f3-8963790b1353
2026-03-10T06:30:56.657420,astound,eth0,50.29,25.03,11.5,1.79,Astound Broadband,"Seattle, WA, United States",https://www.speedtest.net/result/c/e42bc6d4-9191-4347-b7cf-6d4f98d104b9
2026-03-10T06:45:50.404716,astound,eth0,50.26,53.61,12.89,0.14,GSL Networks,"Seattle, WA, United States",https://www.speedtest.net/result/c/86d4d58c-0a8b-4575-bc77-520f96c4b270
2026-03-10T07:00:55.183217,astound,eth0,50.31,24.99,12.79,1.14,"KamaTera, Inc.","Seattle, WA, United States",https://www.speedtest.net/result/c/986247ec-01e0-42cb-96a6-10ee0489fb71
2026-03-10T07:15:46.396097,astound,eth0,50.34,27.04,12.07,1.66,Ziply Fiber,"Seattle, WA, United States",https://www.speedtest.net/result/c/7b4bdb57-5531-4b0a-9af9-5987d24a24a6
2026-03-10T07:30:50.433776,astound,eth0,50.27,52.19,12.72,3.12,Ziply Fiber,"Seattle, WA, United States",https://www.speedtest.net/result/c/2dd6a26a-5bb9-42cd-bc6c-95f9acd280fc
2026-03-10T07:45:54.933878,astound,eth0,50.09,31.42,12.64,1.5,GSL Networks,"Seattle, WA, United States",https://www.speedtest.net/result/c/1cec9e3c-1979-425c-9146-fb76eeffbe16
2026-03-10T08:01:05.137597,astound,eth0,48.69,52.48,12.04,1.8,"KamaTera, Inc.","Seattle, WA, United States",https://www.speedtest.net/result/c/5dcb5184-fe3f-467e-9667-04cc61ecb48b
2026-03-10T08:15:50.792870,astound,eth0,46.49,48.26,10.43,4.33,Ziply Fiber,"Seattle, WA, United States",https://www.speedtest.net/result/c/b422b7f9-b684-45f6-a7d6-f06f442195f5
2026-03-10T08:30:55.474140,astound,eth0,50.32,26.66,12.9,0.22,Ziply Fiber,"Seattle, WA, United States",https://www.speedtest.net/result/c/930d98ac-8568-4ce5-b74b-fe33cbaeac93
2026-03-10T08:45:48.749458,astound,eth0,49.72,28.49,12.1,1.85,Ziply Fiber,"Seattle, WA, United States",https://www.speedtest.net/result/c/f1752b19-a8ca-4c68-8145-01ccf096b29f
2026-03-10T09:00:50.251639,astound,eth0,46.29,50.05,9.48,2.51,GSL Networks,"Seattle, WA, United States",https://www.speedtest.net/result/c/1dce8eba-8dff-48b2-906c-e43082f7e571
2026-03-10T09:15:50.378567,astound,eth0,46.66,48.42,11.68,3.24,Astound Broadband,"Seattle, WA, United States",https://www.speedtest.net/result/c/89638280-c259-4708-809e-8a405589090a
2026-03-10T09:30:51.166182,astound,eth0,46.77,52.28,13.11,1.58,Nitel,"Seattle, WA, United States",https://www.speedtest.net/result/c/e5bf2ed4-9ed8-48c7-a284-5e44c72dd27e
2026-03-10T09:45:53.737893,astound,eth0,50.32,52.98,11.4,1.32,Astound Broadband,"Seattle, WA, United States",https://www.speedtest.net/result/c/afa78bb9-5f2f-406f-8fe5-4a39a0a425b1
2026-03-10T10:00:50.768359,astound,eth0,46.59,48.39,10.61,3.63,Astound Broadband,"Seattle, WA, United States",https://www.speedtest.net/result/c/e8d49b8a-6bf2-419f-938c-cead44cfb248
2026-03-10T10:15:51.017767,astound,eth0,48.96,51.64,6.67,2.03,"KamaTera, Inc.","Seattle, WA, United States",https://www.speedtest.net/result/c/de503791-a3ba-48cc-aa18-e649c5660f1a
2026-03-10T10:30:53.505639,astound,eth0,49.6,51.9,10.13,3.03,Ziply Fiber,"Seattle, WA, United States",https://www.speedtest.net/result/c/2de3bdcc-1b05-4357-819b-ce154ae2a8bd
2026-03-10T10:45:55.360731,astound,eth0,49.67,16.63,10.16,2.06,GSL Networks,"Seattle, WA, United States",https://www.speedtest.net/result/c/adc3de02-c1ed-413f-89f1-1d74ae0f82dc
2026-03-10T11:00:52.156300,astound,eth0,49.74,12.99,7.16,1.7,Nitel,"Seattle, WA, United States",https://www.speedtest.net/result/c/453e2d6d-1db3-4d87-9d6d-0742b38213b7
2026-03-10T11:15:51.108414,astound,eth0,49.04,25.47,9.73,3.44,GSL Networks,"Seattle, WA, United States",https://www.speedtest.net/result/c/2bd75c13-094c-42bd-bcad-6087bffc5eeb
2026-03-10T11:30:57.844734,astound,eth0,50.28,42.94,11.58,0.58,Ziply Fiber,"Seattle, WA, United States",https://www.speedtest.net/result/c/3ae7055c-0f81-41bc-99a1-1ad943761a28
2026-03-10T11:45:55.121013,astound,eth0,50.04,12.24,12.64,1.3,Nitel,"Seattle, WA, United States",https://www.speedtest.net/result/c/be5fdf12-cceb-4b57-883c-308259905cd8
2026-03-10T12:00:50.846412,astound,eth0,49.69,51.72,9.24,4.13,Ziply Fiber,"Seattle, WA, United States",https://www.speedtest.net/result/c/540c1480-c986-41cb-9e6c-e12d34a051df
2026-03-10T12:15:51.539730,astound,eth0,49.48,23.71,11.42,3.2,"KamaTera, Inc.","Seattle, WA, United States",https://www.speedtest.net/result/c/6ec8f01c-bff7-4fbc-8b0e-fa77341c61ae
2026-03-10T12:30:50.412958,astound,eth0,50.17,51.94,12.3,2.23,Ziply Fiber,"Seattle, WA, United States",https://www.speedtest.net/result/c/64cf5646-874b-4696-bf8b-bd4a52c9835a
2026-03-10T12:45:59.486649,astound,eth0,50.39,52.76,12.6,1.39,Nitel,"Seattle, WA, United States",https://www.speedtest.net/result/c/f4b18fb1-0cfb-43ff-8f73-99f49afefee0
2026-03-10T13:00:52.590465,astound,eth0,49.87,10.75,11.71,4.48,"KamaTera, Inc.","Seattle, WA, United States",https://www.speedtest.net/result/c/40c8a528-6210-448b-afc5-43853c87cd1a
2026-03-10T13:15:50.509887,astound,eth0,48.69,51.84,11.34,3.83,Astound Broadband,"Seattle, WA, United States",https://www.speedtest.net/result/c/a27d2ff6-81c6-4a7d-b2d4-389678ebec36
2026-03-10T13:30:50.478971,astound,eth0,49.79,52.18,12.3,1.78,Ziply Fiber,"Seattle, WA, United States",https://www.speedtest.net/result/c/2c63581e-f9aa-47f5-9c1a-dc3ec03d7ca2
2026-03-10T13:46:01.338726,astound,eth0,288.53,52.29,12.2,1.74,Astound Broadband,"Seattle, WA, United States",https://www.speedtest.net/result/c/f3ce3ea0-af48-4e2c-bf59-5d49e109c987
2026-03-10T14:00:50.493421,astound,eth0,46.55,48.47,10.14,4.08,Ziply Fiber,"Seattle, WA, United States",https://www.speedtest.net/result/c/5b4620aa-ef0f-4279-8fbd-049077aa2ccc
2026-03-10T14:15:50.676614,astound,eth0,46.4,48.54,10.47,2.8,Astound Broadband,"Seattle, WA, United States",https://www.speedtest.net/result/c/6c1d821e-c1c9-4cb7-94d6-7ce342018339
2026-03-10T14:30:50.578425,astound,eth0,46.41,48.49,6.33,1.09,Ziply Fiber,"Seattle, WA, United States",https://www.speedtest.net/result/c/9ae91eca-c03a-4cca-9b1d-2f5a382e512c
2026-03-10T14:45:50.535104,astound,eth0,46.51,48.36,10.15,3.12,Ziply Fiber,"Seattle, WA, United States",https://www.speedtest.net/result/c/7f7c8a96-0583-40e2-92ad-b159d212d6e3
2026-03-10T15:00:55.700847,astound,eth0,49.91,52.31,11.29,2.14,Astound Broadband,"Seattle, WA, United States",https://www.speedtest.net/result/c/5d9fdb57-b023-4add-99ca-c8e59d748e8a
2026-03-10T15:15:51.678856,astound,eth0,49.86,52.23,12.68,1.2,GSL Networks,"Seattle, WA, United States",https://www.speedtest.net/result/c/7aaf0376-3f45-47ce-b95c-69abfc3b17ae
2026-03-10T15:30:53.117714,astound,eth0,49.95,52.29,12.22,1.34,Astound Broadband,"Seattle, WA, United States",https://www.speedtest.net/result/c/acd352b2-415e-4c96-82ab-0c56493ec0ee
2026-03-10T15:45:55.402639,astound,eth0,49.81,52.07,12.27,0.96,Astound Broadband,"Seattle, WA, United States",https://www.speedtest.net/result/c/fdf26d38-9f5b-466d-8337-0f2eab884b7d
2026-03-10T16:01:02.513877,astound,eth0,48.32,21.39,12.58,1.2,"KamaTera, Inc.","Seattle, WA, United States",https://www.speedtest.net/result/c/c5b2211b-7d5f-4256-890c-992955987612
2026-03-10T16:16:01.338119,astound,eth0,47.82,42.25,12.78,0.73,"KamaTera, Inc.","Seattle, WA, United States",https://www.speedtest.net/result/c/a8dec8c3-37a2-432b-84c9-1269a872b91b
2026-03-10T16:30:57.141431,astound,eth0,49.81,53.59,12.31,110.15,"KamaTera, Inc.","Seattle, WA, United States",https://www.speedtest.net/result/c/7b3afb1e-6b63-48b4-b764-60bb8996c754
2026-03-10T16:45:58.491179,astound,eth0,48.28,52.51,14.32,4.99,Ziply Fiber,"Seattle, WA, United States",https://www.speedtest.net/result/c/75287273-ea4d-47e4-a932-2678db155ac3
2026-03-10T17:00:57.059915,astound,eth0,49.67,52.63,12.22,1.55,GSL Networks,"Seattle, WA, United States",https://www.speedtest.net/result/c/d6d78a5e-8427-40f7-ac46-b2fe036fce37
2026-03-10T17:15:49.567407,astound,eth0,50.2,52.06,12.56,1.1,Astound Broadband,"Seattle, WA, United States",https://www.speedtest.net/result/c/cc9f138b-324a-4384-91f8-70a8daf02d76
2026-03-10T17:31:01.620448,astound,eth0,49.42,26.61,12.01,1.1,Ziply Fiber,"Seattle, WA, United States",https://www.speedtest.net/result/c/c3d3f121-6f96-4b99-9822-09f2cad14e3d
2026-03-10T17:45:58.019898,astound,eth0,48.9,49.74,12.64,1.15,"KamaTera, Inc.","Seattle, WA, United States",https://www.speedtest.net/result/c/b835940b-39e8-4cda-b2ca-2c5f1654fd7b
2026-03-10T18:00:54.718291,astound,eth0,49.31,52.28,11.1,3.18,Astound Broadband,"Seattle, WA, United States",https://www.speedtest.net/result/c/4ae3c2ce-c122-4235-ad77-115b01e9f8d9
2026-03-10T18:16:00.284892,astound,eth0,49.82,54.13,12.71,4.34,Nitel,"Seattle, WA, United States",https://www.speedtest.net/result/c/4b48a779-24f8-4b0a-b078-251f4f04c7e9
2026-03-10T18:30:55.759220,astound,eth0,46.85,52.32,12.31,1.74,Nitel,"Seattle, WA, United States",https://www.speedtest.net/result/c/83972c68-39b7-406e-871e-c77c03730b35
2026-03-10T18:45:54.172712,astound,eth0,46.86,48.57,11.36,3.27,EZEE Fiber,"Seattle, WA, United States",https://www.speedtest.net/result/c/19f4653e-b411-4690-9e09-8d153253b73e
2026-03-10T19:01:02.569169,astound,eth0,49.39,22.09,12.76,1.57,"KamaTera, Inc.","Seattle, WA, United States",https://www.speedtest.net/result/c/fdefb5cb-0e69-41e4-9d81-2369b543ea1c
2026-03-10T19:16:02.319840,astound,eth0,50.22,24.32,12.17,1.28,Ziply Fiber,"Seattle, WA, United States",https://www.speedtest.net/result/c/2e9d6ca9-2036-49c0-beec-41ef46d76bb3
2026-03-10T19:30:55.176448,astound,eth0,47.56,24.53,11.36,4.29,Astound Broadband,"Seattle, WA, United States",https://www.speedtest.net/result/c/a08e5df4-e45f-42ba-92a5-2502132d68ff
2026-03-10T19:45:57.117891,astound,eth0,49.58,52.37,12.15,0.61,Nitel,"Seattle, WA, United States",https://www.speedtest.net/result/c/da8e6723-0bf0-4f15-8040-caf0374d0ef7
2026-03-10T20:00:53.617376,astound,eth0,49.38,52.83,12.59,0.7,Astound Broadband,"Seattle, WA, United States",https://www.speedtest.net/result/c/f895dab0-d316-4e2f-97e8-2e3199ff7760
2026-03-10T20:15:58.831911,astound,eth0,43.58,52.26,11.34,3.59,GSL Networks,"Seattle, WA, United States",https://www.speedtest.net/result/c/fc894aa7-35cf-412a-a774-c9b47971ccfe
2026-03-10T20:30:57.999048,astound,eth0,49.69,47.57,12.92,1.35,EZEE Fiber,"Seattle, WA, United States",https://www.speedtest.net/result/c/efd9f019-d039-4e76-aae4-282e4e89c6b3
2026-03-10T20:45:59.446845,astound,eth0,49.85,52.02,12.92,0.16,Nitel,"Seattle, WA, United States",https://www.speedtest.net/result/c/960ce9f9-ead9-4863-a097-694ae283e5a0
2026-03-10T21:00:55.324276,astound,eth0,50.06,39.17,12.91,1.47,Nitel,"Seattle, WA, United States",https://www.speedtest.net/result/c/87a0af84-31e7-4317-b229-18551cce38c0
2026-03-10T21:15:51.765086,astound,eth0,46.05,48.46,7.13,2.12,Astound Broadband,"Seattle, WA, United States",https://www.speedtest.net/result/c/1c73116a-2416-4dea-a36f-cbc4aa5967df
2026-03-10T21:30:54.455312,astound,eth0,49.97,52.27,8.32,4.8,Nitel,"Seattle, WA, United States",https://www.speedtest.net/result/c/17e4af84-45e6-4c80-ac2c-f9e7b04cb8ff
2026-03-10T21:45:55.420644,astound,eth0,49.89,26.82,12.98,1.56,Astound Broadband,"Seattle, WA, United States",https://www.speedtest.net/result/c/29f20de9-b1cc-4705-b61f-55a64e618d48
2026-03-10T22:00:55.156581,astound,eth0,49.67,11.38,12.44,2.03,Nitel,"Seattle, WA, United States",https://www.speedtest.net/result/c/2e1b928f-13bf-4d09-a375-0c1d36a23fc3
2026-03-10T22:15:52.904979,astound,eth0,49.8,53.18,12.71,1.07,Ziply Fiber,"Seattle, WA, United States",https://www.speedtest.net/result/c/1783e5bd-62f2-433a-90bf-d8d6fe585f6a
2026-03-10T22:30:59.976925,astound,eth0,46.89,53.27,19.32,16.83,Ziply Fiber,"Seattle, WA, United States",https://www.speedtest.net/result/c/cc69b12a-c68c-4108-b03b-3beebc4f9eec
2026-03-10T22:45:50.745294,astound,eth0,49.17,52.26,12.14,1.22,EZEE Fiber,"Seattle, WA, United States",https://www.speedtest.net/result/c/be7b52ad-ae9a-402c-bcde-8931357e7f0c
2026-03-10T23:00:53.926391,astound,eth0,49.81,52.53,12.15,1.15,"KamaTera, Inc.","Seattle, WA, United States",https://www.speedtest.net/result/c/eb2028bf-56fb-4f75-993c-6c39dc77bd26
2026-03-10T23:15:50.496232,astound,eth0,46.28,48.43,6.69,1.88,Astound Broadband,"Seattle, WA, United States",https://www.speedtest.net/result/c/a3358da5-a137-4b15-bccb-f5f65725823b
2026-03-10T23:30:59.193771,astound,eth0,49.22,53.84,11.93,2.63,"KamaTera, Inc.","Seattle, WA, United States",https://www.speedtest.net/result/c/e90d0ace-aad3-4e60-a324-9c9ccb1cae2b
2026-03-10T23:45:49.145878,astound,eth0,50.26,51.62,12.74,0.49,GSL Networks,"Seattle, WA, United States",https://www.speedtest.net/result/c/01de0353-1979-48a3-8119-aa756e521135
2026-03-11T00:00:49.593601,astound,eth0,50.01,52.48,12.62,0.82,Nitel,"Seattle, WA, United States",https://www.speedtest.net/result/c/6effe159-b10d-414b-b05a-71bdf26d7102
2026-03-11T00:15:58.853778,astound,eth0,50.39,52.28,12.18,0.65,"KamaTera, Inc.","Seattle, WA, United States",https://www.speedtest.net/result/c/1a9c0399-cb4c-4c49-9466-256481e13931
2026-03-11T00:30:50.638195,astound,eth0,50.05,52.3,13.0,0.38,Nitel,"Seattle, WA, United States",https://www.speedtest.net/result/c/7b56d306-589d-4a93-bbe0-74a3c87a0383
2026-03-11T00:45:50.637023,astound,eth0,50.25,52.29,12.12,1.94,Ziply Fiber,"Seattle, WA, United States",https://www.speedtest.net/result/c/939f3283-fff4-4097-baaf-f0178f3a9ac2
2026-03-11T01:00:54.215077,astound,eth0,50.0,52.28,12.97,0.09,EZEE Fiber,"Seattle, WA, United States",https://www.speedtest.net/result/c/1a73da24-571c-4f3c-b112-b0d71af9a82c
2026-03-11T01:15:50.634385,astound,eth0,50.23,52.33,13.0,1.11,EZEE Fiber,"Seattle, WA, United States",https://www.speedtest.net/result/c/edb02923-a093-43eb-a239-4dc303624de4
2026-03-11T01:30:55.176847,astound,eth0,50.21,52.26,12.63,0.92,Astound Broadband,"Seattle, WA, United States",https://www.speedtest.net/result/c/3afa465b-a65c-45fe-bce1-67796e0c456e
2026-03-11T01:45:51.945271,astound,eth0,50.09,52.33,11.72,3.48,Astound Broadband,"Seattle, WA, United States",https://www.speedtest.net/result/c/cb1f402c-b532-47b1-9bd5-fc63036e9486
2026-03-11T02:00:50.651983,astound,eth0,46.22,52.33,12.21,2.62,Nitel,"Seattle, WA, United States",https://www.speedtest.net/result/c/e1a0dac7-373e-47cd-86d6-e4001a502fab
2026-03-11T02:15:50.426375,astound,eth0,50.12,52.27,11.44,1.19,Astound Broadband,"Seattle, WA, United States",https://www.speedtest.net/result/c/e6a7736a-a2fe-4759-8ffa-667cc300dcf0
2026-03-11T02:30:54.719223,astound,eth0,50.35,52.29,12.24,2.16,Astound Broadband,"Seattle, WA, United States",https://www.speedtest.net/result/c/14d313ac-2189-4459-a1bc-de04802bfb41
2026-03-11T02:45:50.741312,astound,eth0,49.95,52.3,12.64,1.15,Ziply Fiber,"Seattle, WA, United States",https://www.speedtest.net/result/c/3233a085-3594-4db5-9857-6c8eb82d575c
2026-03-11T03:00:54.409074,astound,eth0,50.34,52.34,12.87,1.29,Nitel,"Seattle, WA, United States",https://www.speedtest.net/result/c/1d3257ca-02f2-440c-ba4b-5588e74fa214
2026-03-11T03:15:50.959548,astound,eth0,47.73,52.39,12.87,0.67,Nitel,"Seattle, WA, United States",https://www.speedtest.net/result/c/a765ab1f-024b-4db4-b385-c80ebf5d7975
2026-03-11T03:30:55.410284,astound,eth0,50.11,52.16,12.14,1.46,"KamaTera, Inc.","Seattle, WA, United States",https://www.speedtest.net/result/c/5998b12e-058c-4ff9-81a7-6945680b5e3e
2026-03-11T03:45:50.660276,astound,eth0,49.98,52.26,11.47,1.46,Ziply Fiber,"Seattle, WA, United States",https://www.speedtest.net/result/c/1c5d1473-6cb5-4e2c-a51c-4d2581b83907
2026-03-11T04:00:50.572478,astound,eth0,50.04,52.29,12.08,1.05,Ziply Fiber,"Seattle, WA, United States",https://www.speedtest.net/result/c/ee9f9d83-e335-4d02-b84a-53f52520f5b2
2026-03-11T04:15:50.691771,astound,eth0,50.14,52.33,12.93,1.22,Nitel,"Seattle, WA, United States",https://www.speedtest.net/result/c/425b6cb1-5d27-498c-8c48-077c84a59e97
2026-03-11T04:30:50.559533,astound,eth0,50.15,52.34,12.24,1.96,Nitel,"Seattle, WA, United States",https://www.speedtest.net/result/c/f4b42362-0c8e-43eb-9c34-bd370b73f0ad
2026-03-11T04:45:50.697036,astound,eth0,49.99,52.29,11.36,1.67,Nitel,"Seattle, WA, United States",https://www.speedtest.net/result/c/afedd2cb-7bfd-40f7-87d5-68263a35dd58
2026-03-11T05:00:50.494328,astound,eth0,50.24,52.27,12.22,1.66,Ziply Fiber,"Seattle, WA, United States",https://www.speedtest.net/result/c/edd0b940-93c8-4e37-87b7-eb95995f6275
2026-03-11T05:15:54.660453,astound,eth0,48.91,52.27,11.43,1.72,Ziply Fiber,"Seattle, WA, United States",https://www.speedtest.net/result/c/462a9f71-0223-4b04-a4d9-081aaff182e5
2026-03-11T05:30:50.859112,astound,eth0,49.71,52.22,12.15,1.35,"KamaTera, Inc.","Seattle, WA, United States",https://www.speedtest.net/result/c/e63dce59-c28e-4074-bb0f-ea35cb614ab0
2026-03-11T05:45:50.795500,astound,eth0,50.18,52.29,12.8,1.44,"KamaTera, Inc.","Seattle, WA, United States",https://www.speedtest.net/result/c/0b53dfcf-00f9-4b29-ac72-4bfb369726b3
2026-03-11T06:00:50.603069,astound,eth0,50.2,52.33,12.31,1.56,Ziply Fiber,"Seattle, WA, United States",https://www.speedtest.net/result/c/411bee00-6d38-4e7f-946d-dd08025984ba
2026-03-11T06:15:50.788741,astound,eth0,49.98,52.32,11.31,1.64,Nitel,"Seattle, WA, United States",https://www.speedtest.net/result/c/7a760577-58bf-47ea-86c3-fcd8922b60eb
2026-03-11T06:30:50.972479,astound,eth0,49.81,52.3,11.75,1.36,"KamaTera, Inc.","Seattle, WA, United States",https://www.speedtest.net/result/c/f4af2487-82d2-49ed-8f8b-2b1ed55625d6
2026-03-11T06:45:52.464366,astound,eth0,50.16,52.31,12.17,2.03,Astound Broadband,"Seattle, WA, United States",https://www.speedtest.net/result/c/d8c95308-479f-4ec4-82dd-827adb26b156
2026-03-11T07:00:51.744373,astound,eth0,50.34,52.34,10.8,2.32,Ziply Fiber,"Seattle, WA, United States",https://www.speedtest.net/result/c/cf13a60d-5c3a-4790-b79e-72136f215392
2026-03-11T07:15:51.241419,astound,eth0,50.25,52.3,12.78,1.05,GSL Networks,"Seattle, WA, United States",https://www.speedtest.net/result/c/669c29de-3cee-4ca0-841c-d08035ba4aff
2026-03-11T07:30:59.129787,astound,eth0,49.95,45.17,11.52,2.0,Astound Broadband,"Seattle, WA, United States",https://www.speedtest.net/result/c/1b280fb9-76b0-424f-adcc-22b5db01dc0a
2026-03-11T07:45:54.615929,astound,eth0,49.94,52.24,12.12,1.35,Nitel,"Seattle, WA, United States",https://www.speedtest.net/result/c/439e010b-9de0-4aea-bf0d-d30e05ddcf5c
2026-03-11T08:00:55.360362,astound,eth0,48.68,50.31,11.53,3.32,EZEE Fiber,"Seattle, WA, United States",https://www.speedtest.net/result/c/1dddeaf5-4a39-40f6-841a-b0d3724e9d3e
2026-03-11T08:15:52.690537,astound,eth0,49.38,51.89,9.33,3.42,Astound Broadband,"Seattle, WA, United States",https://www.speedtest.net/result/c/2f9d2d42-1eff-4ffb-9c5e-4990659df019
2026-03-11T08:30:50.119887,astound,eth0,48.88,51.71,8.49,2.89,GSL Networks,"Seattle, WA, United States",https://www.speedtest.net/result/c/b5892209-76d4-4472-8670-5efc7e5c140a
2026-03-11T08:45:50.735628,astound,eth0,48.81,51.64,12.45,3.28,Nitel,"Seattle, WA, United States",https://www.speedtest.net/result/c/0bf21982-9110-4df3-bcd5-b60c9b689a91
2026-03-11T09:00:49.813405,astound,eth0,49.62,51.97,8.51,2.5,Ziply Fiber,"Seattle, WA, United States",https://www.speedtest.net/result/c/24f85e8f-3c72-4867-b421-2e43045f78bb
2026-03-11T09:15:50.638657,astound,eth0,50.27,52.29,12.84,1.24,Ziply Fiber,"Seattle, WA, United States",https://www.speedtest.net/result/c/79f0d2c8-cc88-49bf-9ca3-747335a99608
2026-03-11T09:30:54.832510,astound,eth0,50.07,52.3,11.29,1.86,Ziply Fiber,"Seattle, WA, United States",https://www.speedtest.net/result/c/b74356a7-0756-4f29-8bf0-02ae50c77909
2026-03-11T09:45:58.814313,astound,eth0,50.26,52.23,13.2,2.37,Nitel,"Seattle, WA, United States",https://www.speedtest.net/result/c/e9a6c7e7-a5b3-4551-ae5c-108e8c76e22b
2026-03-11T10:00:50.550219,astound,eth0,46.46,48.4,8.36,4.62,Ziply Fiber,"Seattle, WA, United States",https://www.speedtest.net/result/c/3892d01a-868c-49f5-bb09-00ed32448128
2026-03-11T10:15:51.220126,astound,eth0,46.52,48.45,6.71,1.9,Ziply Fiber,"Seattle, WA, United States",https://www.speedtest.net/result/c/d6a73307-0deb-4aae-bd4c-4b26f59e7040
2026-03-11T10:30:50.391617,astound,eth0,46.37,48.37,8.68,3.83,EZEE Fiber,"Seattle, WA, United States",https://www.speedtest.net/result/c/d3f6ca90-f896-4d5c-9917-da0e93557cef
2026-03-11T10:45:54.101473,astound,eth0,46.41,48.34,6.55,1.94,"KamaTera, Inc.","Seattle, WA, United States",https://www.speedtest.net/result/c/36addabc-7cae-492c-824b-109844970b6f
2026-03-11T11:00:50.389240,astound,eth0,46.37,48.43,10.18,1.85,EZEE Fiber,"Seattle, WA, United States",https://www.speedtest.net/result/c/356ffc97-f910-4d2a-bf00-9d3e4370154c
2026-03-11T11:15:50.388904,astound,eth0,46.38,48.39,7.5,2.55,Ziply Fiber,"Seattle, WA, United States",https://www.speedtest.net/result/c/a4ba3268-468e-48f9-bcb5-7e67a6214391
2026-03-11T11:30:50.215831,astound,eth0,50.18,52.38,11.44,1.57,Ziply Fiber,"Seattle, WA, United States",https://www.speedtest.net/result/c/27d4b689-20ea-40f8-be9e-afc2dc19382e
2026-03-11T11:45:54.602161,astound,eth0,48.89,52.2,11.42,1.75,Nitel,"Seattle, WA, United States",https://www.speedtest.net/result/c/96014370-c7ee-40c1-8443-a3dcf283d116
2026-03-11T12:00:51.484661,astound,eth0,47.06,52.55,12.92,1.23,EZEE Fiber,"Seattle, WA, United States",https://www.speedtest.net/result/c/2d59fdda-c6ec-4fcf-9f05-4ed9c51ae46e
2026-03-11T12:15:54.359369,astound,eth0,50.29,52.25,13.24,0.65,"KamaTera, Inc.","Seattle, WA, United States",https://www.speedtest.net/result/c/8a47a045-bcf3-4cf2-92f4-5897cffc9e5a
2026-03-11T12:30:58.647860,astound,eth0,50.35,52.35,10.67,3.3,Nitel,"Seattle, WA, United States",https://www.speedtest.net/result/c/3b6049c3-8eb0-45fc-9b4f-5d19a3c1d1d2
2026-03-11T12:45:55.208880,astound,eth0,49.24,53.04,12.66,1.14,"KamaTera, Inc.","Seattle, WA, United States",https://www.speedtest.net/result/c/d0dbc5d4-905f-486c-84a8-17e7184fd56a
2026-03-11T13:00:54.601508,astound,eth0,48.96,51.57,12.15,1.94,Nitel,"Seattle, WA, United States",https://www.speedtest.net/result/c/58f375e5-9de1-4d5c-99fe-f1b1c12e68bb
2026-03-11T13:15:54.179392,astound,eth0,49.9,52.2,12.7,0.85,"KamaTera, Inc.","Seattle, WA, United States",https://www.speedtest.net/result/c/3ac68cbf-6de5-4883-b202-821a82e4b8e6
2026-03-11T13:30:53.013272,astound,eth0,50.32,53.39,12.21,1.05,Astound Broadband,"Seattle, WA, United States",https://www.speedtest.net/result/c/5ae02252-4722-4e24-bbce-d9d68d915f03
2026-03-11T13:45:52.599154,astound,eth0,50.35,52.24,12.85,1.06,Astound Broadband,"Seattle, WA, United States",https://www.speedtest.net/result/c/6edc9587-da8b-4d77-a6ff-edd47164703f
2026-03-11T14:00:55.193384,astound,eth0,49.73,52.81,12.09,1.89,Nitel,"Seattle, WA, United States",https://www.speedtest.net/result/c/931e4319-e0fa-4acc-8062-5a12ac14b105
2026-03-11T14:15:50.547722,astound,eth0,50.38,52.28,12.38,1.15,Ziply Fiber,"Seattle, WA, United States",https://www.speedtest.net/result/c/11b4c413-0280-4a98-8176-0b08ad012269
2026-03-11T14:30:50.143728,astound,eth0,49.68,52.16,6.48,1.25,Nitel,"Seattle, WA, United States",https://www.speedtest.net/result/c/b19784de-a558-4da6-a5b2-c57d74b17353
2026-03-11T14:45:50.359505,astound,eth0,50.15,52.28,12.14,1.87,Ziply Fiber,"Seattle, WA, United States",https://www.speedtest.net/result/c/98fa5978-5124-4ef2-bab3-2303e918c279
2026-03-11T15:00:50.784352,astound,eth0,49.35,52.3,12.24,2.21,Nitel,"Seattle, WA, United States",https://www.speedtest.net/result/c/4f8152c3-507e-47a9-969e-203e6e1289af
2026-03-11T15:15:54.392551,astound,eth0,48.88,52.23,12.11,1.41,"KamaTera, Inc.","Seattle, WA, United States",https://www.speedtest.net/result/c/07661e79-acd2-4647-8fc6-2b93be02a12f
2026-03-11T15:30:55.629101,astound,eth0,48.49,52.27,11.46,2.97,Ziply Fiber,"Seattle, WA, United States",https://www.speedtest.net/result/c/3ab53d56-29b8-4934-9993-3943741178ef
2026-03-11T15:45:54.493410,astound,eth0,50.34,52.48,11.49,1.58,Nitel,"Seattle, WA, United States",https://www.speedtest.net/result/c/2c066ab3-6294-4754-9e4b-d0ed2a6c7daa
2026-03-11T16:01:02.360145,astound,eth0,50.33,52.42,12.79,1.69,"KamaTera, Inc.","Seattle, WA, United States",https://www.speedtest.net/result/c/d02b2f1d-5436-45e2-b4b4-543ac00992a0
2026-03-11T16:15:51.051892,astound,eth0,50.23,49.93,12.79,0.59,GSL Networks,"Seattle, WA, United States",https://www.speedtest.net/result/c/83bb56a2-9dae-4d06-90b2-f160d7366c97
2026-03-11T16:30:51.016191,astound,eth0,49.8,51.73,24.61,12.15,GSL Networks,"Seattle, WA, United States",https://www.speedtest.net/result/c/c954b783-a59c-437d-8683-9f5e00f272ca
2026-03-11T16:45:59.934379,astound,eth0,45.25,52.29,41.62,3.17,Nitel,"Seattle, WA, United States",https://www.speedtest.net/result/c/80db7e2a-1e25-4aa6-9198-db5126d3989e
2026-03-11T17:00:50.496747,astound,eth0,50.32,52.31,10.77,2.33,Ziply Fiber,"Seattle, WA, United States",https://www.speedtest.net/result/c/7ef989e3-3a18-484c-be3e-dba9b6a5c60c
2026-03-11T17:15:55.737372,astound,eth0,49.6,52.24,12.09,1.34,Astound Broadband,"Seattle, WA, United States",https://www.speedtest.net/result/c/13e83697-6af7-4f07-9c62-5ebd53ef0437
2026-03-11T17:30:57.574848,astound,eth0,35.12,53.05,12.93,1.11,Nitel,"Seattle, WA, United States",https://www.speedtest.net/result/c/b209ea01-e43a-46fc-ae6a-3dadb58941ec
2026-03-11T17:45:59.916036,astound,eth0,47.95,49.18,12.29,1.23,Nitel,"Seattle, WA, United States",https://www.speedtest.net/result/c/7691c945-9a8f-49ae-bab9-03fed308d172
2026-03-11T18:01:01.666396,astound,eth0,41.65,52.23,10.83,1.74,"KamaTera, Inc.","Seattle, WA, United States",https://www.speedtest.net/result/c/51815f58-82f6-4b55-aacf-3980076b50b3
2026-03-11T18:15:48.970094,astound,eth0,50.17,53.27,12.15,1.91,"KamaTera, Inc.","Seattle, WA, United States",https://www.speedtest.net/result/c/0e1fd293-1788-4c0e-b37f-edc069583dfa
2026-03-11T18:30:51.170271,astound,eth0,49.98,52.64,11.44,1.7,"KamaTera, Inc.","Seattle, WA, United States",https://www.speedtest.net/result/c/1611f93a-07b9-4d57-9867-95358d50b15e
2026-03-11T18:45:52.765493,astound,eth0,50.17,48.61,12.54,0.76,Ziply Fiber,"Seattle, WA, United States",https://www.speedtest.net/result/c/578bfb4f-5e3c-45d5-9f40-fde243589dc1
2026-03-11T19:00:54.529662,astound,eth0,50.31,52.56,12.17,2.86,Ziply Fiber,"Seattle, WA, United States",https://www.speedtest.net/result/c/02ef0332-0274-4bf6-b166-edc06dfe6913
2026-03-11T19:15:57.508444,astound,eth0,50.32,47.75,12.68,1.64,Astound Broadband,"Seattle, WA, United States",https://www.speedtest.net/result/c/33f8086e-9d43-40b2-b2e9-e07c313dcd9f
2026-03-11T19:30:54.134149,astound,eth0,50.27,52.4,12.42,1.67,Ziply Fiber,"Seattle, WA, United States",https://www.speedtest.net/result/c/d88ed51c-5b10-450b-9ed9-ec85daca1e7c
2026-03-11T19:45:54.117533,astound,eth0,50.05,52.29,12.93,5.38,"KamaTera, Inc.","Seattle, WA, United States",https://www.speedtest.net/result/c/c86d7d93-2db0-479e-abe3-e3f43c6e88e8
2026-03-11T20:00:51.833375,astound,eth0,49.07,52.45,12.85,5.63,Astound Broadband,"Seattle, WA, United States",https://www.speedtest.net/result/c/0f03c48a-8e62-4c89-a260-d4190706894f
2026-03-11T20:15:54.635091,astound,eth0,50.42,52.99,12.84,0.68,Nitel,"Seattle, WA, United States",https://www.speedtest.net/result/c/d3059bdb-683f-49b7-ab03-b41f7c7cad7a
2026-03-11T20:30:50.574352,astound,eth0,49.88,51.83,12.84,5.15,Nitel,"Seattle, WA, United States",https://www.speedtest.net/result/c/10e00f94-de01-49b3-926f-683fd2d8f678
2026-03-11T20:45:58.915449,astound,eth0,50.25,26.05,12.35,1.01,Nitel,"Seattle, WA, United States",https://www.speedtest.net/result/c/e4bc53d5-14c1-4ed8-b245-8fe5e09b4106
2026-03-11T21:00:51.938826,astound,eth0,49.3,53.05,12.26,0.41,Nitel,"Seattle, WA, United States",https://www.speedtest.net/result/c/62e9487e-f7c0-418a-9fcf-cbbdbdb4fc0b
2026-03-11T21:15:50.717222,astound,eth0,50.32,52.21,12.08,1.43,"KamaTera, Inc.","Seattle, WA, United States",https://www.speedtest.net/result/c/a90f0d25-b443-4d5d-9b13-89c3015bde59
2026-03-11T21:30:54.427676,astound,eth0,50.26,53.27,12.29,0.75,Nitel,"Seattle, WA, United States",https://www.speedtest.net/result/c/ee4bed81-ee0d-4084-a7a0-ce3d645180e3
2026-03-11T21:45:50.381877,astound,eth0,50.27,52.32,10.82,1.09,Astound Broadband,"Seattle, WA, United States",https://www.speedtest.net/result/c/aca652b0-a511-45f3-8608-a987292092df
2026-03-12T02:56:52.543875,astound,eth0,50.42,52.34,12.79,1.22,Astound Broadband,"Seattle, WA, United States",https://www.speedtest.net/result/c/9e0a302c-49dc-4353-bae8-607409d0e7ca
2026-03-12T03:00:53.491396,astound,eth0,935.41,52.3,12.53,1.1,"KamaTera, Inc.","Seattle, WA, United States",https://www.speedtest.net/result/c/0cde17fe-de94-42b3-80e5-a8fd5459d345
2026-03-12T03:15:54.097753,astound,eth0,932.48,52.35,12.98,0.15,Nitel,"Seattle, WA, United States",https://www.speedtest.net/result/c/b544ca87-ab27-4deb-acfa-90ed98eb6695
2026-03-12T03:30:56.989096,astound,eth0,935.57,52.35,12.28,0.71,Astound Broadband,"Seattle, WA, United States",https://www.speedtest.net/result/c/cc30a972-d121-4b44-993f-f39c1f53a50e
2026-03-12T03:45:58.158010,astound,eth0,941.64,47.38,12.92,0.71,Ziply Fiber,"Seattle, WA, United States",https://www.speedtest.net/result/c/ba87a36b-a62d-40b3-acb2-f26b9e7c7c20
2026-03-12T04:00:58.149155,astound,eth0,928.9,45.07,12.67,1.64,Nitel,"Seattle, WA, United States",https://www.speedtest.net/result/c/666349c0-f8a8-40aa-a2d3-76c1d5bc7be7
2026-03-12T04:15:49.586172,astound,eth0,927.54,46.88,11.53,2.9,"KamaTera, Inc.","Seattle, WA, United States",https://www.speedtest.net/result/c/0647c6a0-b36a-46fe-bd2c-11a2f2b58c4b
2026-03-12T04:30:52.924573,astound,eth0,937.25,52.32,12.71,1.02,Ziply Fiber,"Seattle, WA, United States",https://www.speedtest.net/result/c/446cc4f4-9694-4be3-ae38-836bfbf3281f
2026-03-12T04:45:57.475003,astound,eth0,926.61,52.78,11.36,1.53,Astound Broadband,"Seattle, WA, United States",https://www.speedtest.net/result/c/8f83e77b-e319-423a-97d4-e3a76358cc66
2026-03-12T05:00:51.503308,astound,eth0,931.73,52.31,12.99,0.13,EZEE Fiber,"Seattle, WA, United States",https://www.speedtest.net/result/c/29981730-ff5e-419d-b86f-9dfc2d0ee8ff
2026-03-12T05:15:50.517266,astound,eth0,935.63,47.32,12.35,1.72,Ziply Fiber,"Seattle, WA, United States",https://www.speedtest.net/result/c/2f19cc5d-c85e-4dfa-92c9-e6391c9ce75f
2026-03-12T05:30:54.001261,astound,eth0,938.69,52.37,12.87,1.14,Ziply Fiber,"Seattle, WA, United States",https://www.speedtest.net/result/c/39432e31-ab59-4a69-8344-f0220204e52d
2026-03-12T05:45:53.741162,astound,eth0,913.29,52.59,11.53,1.47,Astound Broadband,"Seattle, WA, United States",https://www.speedtest.net/result/c/1b91d2e7-eb7b-4fa3-a20c-931ae6d5e8ce
2026-03-12T06:01:03.306957,astound,eth0,153.14,47.2,10.74,1.21,Astound Broadband,"Seattle, WA, United States",https://www.speedtest.net/result/c/98f18231-231b-4880-b4f2-6cb2f8cfc065
2026-03-12T06:15:55.676827,astound,eth0,133.9,52.84,12.19,1.71,Astound Broadband,"Seattle, WA, United States",https://www.speedtest.net/result/c/2158f790-a181-4ecc-b3f6-a2076ce8a7b6
2026-03-12T06:30:52.732814,astound,eth0,110.46,52.25,12.22,1.79,Astound Broadband,"Seattle, WA, United States",https://www.speedtest.net/result/c/bdcf72fb-5351-41bd-85d4-5e667ae47219
2026-03-12T06:45:51.648060,astound,eth0,922.48,52.29,11.28,1.56,Ziply Fiber,"Seattle, WA, United States",https://www.speedtest.net/result/c/ff20cfc6-2abc-46e0-a747-6717d7e4e3b0
2026-03-12T07:00:53.658878,astound,eth0,937.77,53.01,12.99,0.14,Nitel,"Seattle, WA, United States",https://www.speedtest.net/result/c/9a43fb71-821e-4141-89f5-9720d5cba2de
2026-03-12T07:15:52.133947,astound,eth0,890.73,52.35,12.9,0.65,Ziply Fiber,"Seattle, WA, United States",https://www.speedtest.net/result/c/2d9f5b89-6b81-4752-93ba-979b2973e244
2026-03-12T07:30:51.977846,astound,eth0,925.84,52.42,12.74,1.01,"KamaTera, Inc.","Seattle, WA, United States",https://www.speedtest.net/result/c/16bad9e6-f097-43d6-ac1a-ee4684d636ab
2026-03-12T07:45:54.093701,astound,eth0,923.12,52.35,12.19,1.3,Ziply Fiber,"Seattle, WA, United States",https://www.speedtest.net/result/c/4e714672-b362-45f2-a626-f77dd512418d
2026-03-12T08:00:53.157108,astound,eth0,915.74,52.38,11.46,1.61,Astound Broadband,"Seattle, WA, United States",https://www.speedtest.net/result/c/4cdc9b78-7a30-47b8-933c-80fc36e4a4b8
2026-03-12T08:15:57.473771,astound,eth0,913.06,52.29,12.66,1.6,Astound Broadband,"Seattle, WA, United States",https://www.speedtest.net/result/c/e588e543-a264-40a3-8b37-99ad4456f1c4
2026-03-12T08:30:56.487495,astound,eth0,912.81,53.26,12.08,1.25,Ziply Fiber,"Seattle, WA, United States",https://www.speedtest.net/result/c/7e29da1e-652a-413e-87be-b7f12f911e72
2026-03-12T08:45:56.757011,astound,eth0,124.66,52.59,12.93,1.21,Astound Broadband,"Seattle, WA, United States",https://www.speedtest.net/result/c/075bd6b3-5925-4908-8cb9-891f6b392879
2026-03-12T09:00:52.653970,astound,eth0,927.73,52.26,12.3,1.97,Ziply Fiber,"Seattle, WA, United States",https://www.speedtest.net/result/c/6e36aad6-01ec-4b15-8f78-87cd4c22ab7e
2026-03-12T09:15:48.060861,astound,eth0,50.3,52.35,12.25,2.23,Astound Broadband,"Seattle, WA, United States",https://www.speedtest.net/result/c/d7fee6e0-fef9-43cf-9e97-df55eef9410b
2026-03-12T09:30:51.095691,astound,eth0,50.32,52.43,11.31,1.61,EZEE Fiber,"Seattle, WA, United States",https://www.speedtest.net/result/c/a153629b-bfa5-44f5-8d1a-da88b7a44728
2026-03-12T09:45:47.820094,astound,eth0,46.33,52.26,12.8,0.57,"KamaTera, Inc.","Seattle, WA, United States",https://www.speedtest.net/result/c/60e2c051-e4fb-4e3b-9144-36096fc1f315
2026-03-12T10:00:52.509314,astound,eth0,50.37,51.97,10.43,2.05,EZEE Fiber,"Seattle, WA, United States",https://www.speedtest.net/result/c/3216fc01-702a-4e21-bfda-ab0c6d843579
2026-03-12T10:15:47.822904,astound,eth0,50.26,52.12,12.85,0.61,Nitel,"Seattle, WA, United States",https://www.speedtest.net/result/c/99e26bea-4f5c-417f-aab3-887a1678309e
2026-03-12T10:30:51.500480,astound,eth0,50.39,52.56,14.84,0.59,Comcast,"Seattle, WA, United States",https://www.speedtest.net/result/c/f29d0689-ec82-4d26-95aa-38e59feea6ce
2026-03-12T10:45:48.436662,astound,eth0,50.28,52.39,12.81,1.15,Ziply Fiber,"Seattle, WA, United States",https://www.speedtest.net/result/c/38e90f11-20b1-428d-b6fb-dacc433cbab7
2026-03-12T11:00:50.725506,astound,eth0,50.35,52.29,12.19,1.71,EZEE Fiber,"Seattle, WA, United States",https://www.speedtest.net/result/c/da382dfc-2d35-4203-8003-db258cbd717b
2026-03-12T11:15:49.697146,astound,eth0,50.21,52.25,13.53,3.15,EZEE Fiber,"Seattle, WA, United States",https://www.speedtest.net/result/c/d675642d-ad9f-4e0f-80c3-2205dd28a463
2026-03-12T11:30:47.935827,astound,eth0,50.16,52.26,13.01,0.46,"KamaTera, Inc.","Seattle, WA, United States",https://www.speedtest.net/result/c/1d153ca3-c27f-4282-84c5-8a090f64e173
2026-03-12T11:45:48.686971,astound,eth0,50.3,53.18,12.22,2.39,"KamaTera, Inc.","Seattle, WA, United States",https://www.speedtest.net/result/c/f45f7e2e-3d1d-4f6c-b7d5-7dd520710274
2026-03-12T12:00:49.440988,astound,eth0,50.24,53.04,12.21,2.21,Ziply Fiber,"Seattle, WA, United States",https://www.speedtest.net/result/c/38655908-ebc7-418a-aa32-6768379e006b
2026-03-12T12:15:52.141262,astound,eth0,49.62,51.23,11.43,2.03,Nitel,"Seattle, WA, United States",https://www.speedtest.net/result/c/aa586158-a356-4ba0-8b1f-781b02b26037
2026-03-12T12:30:47.877842,astound,eth0,49.04,51.32,11.35,1.12,Astound Broadband,"Seattle, WA, United States",https://www.speedtest.net/result/c/3f0106bf-a64c-4c26-ad26-7f074aa090c3
2026-03-12T12:45:51.395546,astound,eth0,48.33,51.1,11.4,0.79,"KamaTera, Inc.","Seattle, WA, United States",https://www.speedtest.net/result/c/5e273c16-211a-4fcf-a2b4-6597ed8d773d
2026-03-12T13:00:47.700861,astound,eth0,49.21,51.31,12.07,1.25,GSL Networks,"Seattle, WA, United States",https://www.speedtest.net/result/c/48d488af-fe53-45dd-b492-a305fa1c3b99
2026-03-12T13:15:53.232594,astound,eth0,48.52,52.32,12.93,0.39,"KamaTera, Inc.","Seattle, WA, United States",https://www.speedtest.net/result/c/22065e2a-8386-47cf-95a7-1cafc43aa73e
2026-03-12T13:30:56.666635,astound,eth0,48.13,52.76,11.88,1.98,Astound Broadband,"Seattle, WA, United States",https://www.speedtest.net/result/c/0efdee7c-c914-452b-b49d-0edf1bc325e3
2026-03-12T13:45:53.854118,astound,eth0,44.44,52.33,12.14,0.77,Nitel,"Seattle, WA, United States",https://www.speedtest.net/result/c/ec0f04f0-d4c1-4faf-babc-b2bf127ce1c7
2026-03-12T14:00:50.373976,astound,eth0,46.56,51.51,11.38,1.11,Nitel,"Seattle, WA, United States",https://www.speedtest.net/result/c/bb93fe1e-ea3c-4911-afdc-7d6d245ce9b3
2026-03-12T14:15:58.981950,astound,eth0,45.41,52.28,8.74,2.82,Astound Broadband,"Seattle, WA, United States",https://www.speedtest.net/result/c/90ca00ed-1190-48b8-b95f-b570fb8df6e2
2026-03-12T14:30:53.948042,astound,eth0,49.0,52.5,12.3,1.56,Nitel,"Seattle, WA, United States",https://www.speedtest.net/result/c/40ab3211-091c-4f60-adfa-d7d0ac4aac8c
2026-03-12T14:45:52.608324,astound,eth0,49.32,43.19,12.9,0.34,"KamaTera, Inc.","Seattle, WA, United States",https://www.speedtest.net/result/c/ebfa69e0-8fd4-4d1e-a6be-37feb0f8505a
2026-03-12T15:00:47.426264,astound,eth0,50.16,52.27,12.79,1.36,"KamaTera, Inc.","Seattle, WA, United States",https://www.speedtest.net/result/c/6f55d968-19d0-4288-bb55-5e7279b54a2c
2026-03-12T15:15:47.545134,astound,eth0,49.6,51.58,12.01,3.91,Astound Broadband,"Seattle, WA, United States",https://www.speedtest.net/result/c/b8ad76e2-5291-426c-a9bd-88426b724328
2026-03-12T15:30:47.989720,astound,eth0,50.14,51.52,9.85,4.24,Nitel,"Seattle, WA, United States",https://www.speedtest.net/result/c/1eac5b1d-a586-4ce4-9fbf-3e9969237778
2026-03-12T15:45:47.917539,astound,eth0,50.09,52.32,11.54,1.96,"KamaTera, Inc.","Seattle, WA, United States",https://www.speedtest.net/result/c/90bc099d-5422-4e7b-9910-4dfaa275824c
2026-03-12T16:01:01.585224,astound,eth0,44.89,52.84,12.88,1.24,Ziply Fiber,"Seattle, WA, United States",https://www.speedtest.net/result/c/6e52fcf5-734c-4a6c-869b-5a9455d437b8
2026-03-12T16:15:59.614182,astound,eth0,35.31,47.38,12.57,1.68,Astound Broadband,"Seattle, WA, United States",https://www.speedtest.net/result/c/80aa3855-5bad-4b07-aa7b-e91fc0b9e2c7
2026-03-12T16:30:49.753978,astound,eth0,50.35,52.35,11.76,1.25,Astound Broadband,"Seattle, WA, United States",https://www.speedtest.net/result/c/ea695a9e-d3c6-4a1d-ab9f-410ecd3e5cf8
2026-03-12T16:45:48.830089,astound,eth0,50.45,53.84,12.91,0.26,"KamaTera, Inc.","Seattle, WA, United States",https://www.speedtest.net/result/c/fbf337f7-ffee-488e-9378-84250b277d9f
2026-03-12T17:00:50.723176,astound,eth0,50.33,53.36,12.82,1.23,Nitel,"Seattle, WA, United States",https://www.speedtest.net/result/c/c7315020-0b23-4dea-a48e-c84e77d4d240
2026-03-12T17:15:52.044593,astound,eth0,50.32,52.78,12.83,1.06,"KamaTera, Inc.","Seattle, WA, United States",https://www.speedtest.net/result/c/d3cfaaff-cb65-416d-a820-eee3e6018e06
2026-03-12T17:30:48.446056,astound,eth0,50.17,52.93,12.91,0.16,"KamaTera, Inc.","Seattle, WA, United States",https://www.speedtest.net/result/c/1ad7d9a3-cd63-4764-9762-cf6b365fba8e
2026-03-12T17:45:52.536075,astound,eth0,50.36,42.28,12.21,1.06,Ziply Fiber,"Seattle, WA, United States",https://www.speedtest.net/result/c/243ff474-2f5e-4824-96e1-4ecdc3746abb
2026-03-12T18:00:47.351537,astound,eth0,50.17,52.97,12.73,0.95,Ziply Fiber,"Seattle, WA, United States",https://www.speedtest.net/result/c/9c790775-c503-472f-bb82-37e46bf6f552
2026-03-12T18:15:49.166606,astound,eth0,50.38,52.36,10.87,1.6,Astound Broadband,"Seattle, WA, United States",https://www.speedtest.net/result/c/b18cca39-4d0a-497d-85ec-7857a00061e4
2026-03-12T18:30:47.553460,astound,eth0,50.3,52.35,10.84,1.26,Astound Broadband,"Seattle, WA, United States",https://www.speedtest.net/result/c/48518455-caaf-43ea-84a7-c185b6baadf8
2026-03-12T18:45:51.056128,astound,eth0,50.32,52.32,12.87,1.25,Astound Broadband,"Seattle, WA, United States",https://www.speedtest.net/result/c/2591eefc-9910-43a2-aa92-b731aa489c7d
2026-03-12T19:00:47.472918,astound,eth0,50.3,52.43,12.21,1.43,Astound Broadband,"Seattle, WA, United States",https://www.speedtest.net/result/c/8e0fe8db-5ffd-46a5-9691-edb65cc6ae20
2026-03-12T19:15:48.815109,astound,eth0,50.13,52.28,12.99,1.33,Ziply Fiber,"Seattle, WA, United States",https://www.speedtest.net/result/c/3ec2b4dc-a60a-4ae3-ba21-8c770f25c0e2
2026-03-12T19:30:47.898193,astound,eth0,50.22,52.27,13.6,1.8,EZEE Fiber,"Seattle, WA, United States",https://www.speedtest.net/result/c/fc8740c0-57d4-4761-8a33-4521d32854af
2026-03-12T19:45:50.602595,astound,eth0,45.68,52.39,11.49,1.36,Ziply Fiber,"Seattle, WA, United States",https://www.speedtest.net/result/c/fa0652f5-576a-4198-ad99-8b0e5c4dfc48
2026-03-12T20:00:45.740611,astound,eth0,49.96,48.64,11.92,2.09,"KamaTera, Inc.","Seattle, WA, United States",https://www.speedtest.net/result/c/01ae2a04-ee91-466e-bb11-e379c1523277
2026-03-12T20:15:56.413335,astound,eth0,45.94,52.53,10.54,2.55,GSL Networks,"Seattle, WA, United States",https://www.speedtest.net/result/c/6a40d8d5-a85d-4b63-94db-c200b0f6bfa3
2026-03-12T20:31:02.255879,astound,eth0,46.82,51.58,10.3,2.62,"KamaTera, Inc.","Seattle, WA, United States",https://www.speedtest.net/result/c/216362d7-3387-4c14-a824-e45b9ee904fc
2026-03-12T20:46:00.313021,astound,eth0,46.79,53.18,7.35,0.98,Ziply Fiber,"Seattle, WA, United States",https://www.speedtest.net/result/c/48fb36e0-b213-40a7-ae8c-5496001acbb7
2026-03-12T21:00:52.856480,astound,eth0,48.81,52.03,12.85,0.2,Nitel,"Seattle, WA, United States",https://www.speedtest.net/result/c/0788a1ec-82b0-4c0f-93be-e3fc066c13ce
2026-03-12T21:15:52.955557,astound,eth0,43.65,51.94,11.35,1.29,"KamaTera, Inc.","Seattle, WA, United States",https://www.speedtest.net/result/c/2d235c52-09a0-43ab-aeff-9891070c5f52
2026-03-12T21:30:55.241919,astound,eth0,46.09,51.83,12.8,1.09,Nitel,"Seattle, WA, United States",https://www.speedtest.net/result/c/9bd23342-480d-4379-a89f-97193ad1e0ac
2026-03-12T21:45:48.577293,astound,eth0,42.2,52.08,11.51,1.8,Ziply Fiber,"Seattle, WA, United States",https://www.speedtest.net/result/c/031fac2f-ef91-4ce3-ac78-166c6fa3f8be
2026-03-12T22:00:54.700443,astound,eth0,39.57,51.06,15.29,2.04,EZEE Fiber,"Seattle, WA, United States",https://www.speedtest.net/result/c/8788adb4-422a-45b3-a7d0-1cda3bc36152
2026-03-12T22:15:47.661526,astound,eth0,50.17,52.31,13.17,2.62,Astound Broadband,"Seattle, WA, United States",https://www.speedtest.net/result/c/18b9bb53-d460-474f-a7f8-eb82b6ab887c
2026-03-12T22:30:48.018117,astound,eth0,46.31,52.17,12.18,2.58,"KamaTera, Inc.","Seattle, WA, United States",https://www.speedtest.net/result/c/2e0c10b1-a5d8-42e5-80e1-5520184cd836
2026-03-12T22:45:48.079220,astound,eth0,49.7,52.31,11.37,1.44,Nitel,"Seattle, WA, United States",https://www.speedtest.net/result/c/e7a2e3c3-cef9-4ea3-a0c0-175e12120f6e
2026-03-12T23:00:47.588040,astound,eth0,50.39,52.32,12.91,0.43,Ziply Fiber,"Seattle, WA, United States",https://www.speedtest.net/result/c/44acdcbe-11d3-4335-82ee-5dbf62f64520
2026-03-12T23:15:47.573067,astound,eth0,50.36,52.26,12.74,1.0,Ziply Fiber,"Seattle, WA, United States",https://www.speedtest.net/result/c/8e0e744e-8b5f-4aca-acaa-f47375343b7d
2026-03-12T23:30:47.169328,astound,eth0,49.99,45.02,6.7,1.29,Astound Broadband,"Seattle, WA, United States",https://www.speedtest.net/result/c/00aba9ad-1953-4b9f-a26b-c06f3a2ff995
2026-03-12T23:45:47.643746,astound,eth0,50.3,52.37,12.23,1.67,Astound Broadband,"Seattle, WA, United States",https://www.speedtest.net/result/c/545020e6-282b-415c-9bac-1704b3427fae
2026-03-13T00:00:54.347415,astound,eth0,50.35,52.22,12.91,0.12,Astound Broadband,"Seattle, WA, United States",https://www.speedtest.net/result/c/cedd313c-8984-41c9-b3a4-3aa49a0e9f00
2026-03-13T00:15:51.317745,astound,eth0,50.24,52.28,12.23,1.77,"KamaTera, Inc.","Seattle, WA, United States",https://www.speedtest.net/result/c/7d7a691c-5d40-4bb0-ae76-26e875394aa3
2026-03-13T00:30:49.627022,astound,eth0,50.45,52.27,11.34,1.66,Astound Broadband,"Seattle, WA, United States",https://www.speedtest.net/result/c/3d62931a-dd64-4a5c-97bc-604c22e6fa04
2026-03-13T00:45:47.929354,astound,eth0,50.16,52.33,12.93,4.8,Nitel,"Seattle, WA, United States",https://www.speedtest.net/result/c/cdc9cecb-683a-42ff-a46d-693635f2f8af
2026-03-13T01:00:47.748627,astound,eth0,50.25,52.4,11.49,1.2,Nitel,"Seattle, WA, United States",https://www.speedtest.net/result/c/a523d456-5b6f-4f9e-9807-c8a2c4d1c264
2026-03-13T01:15:49.331913,astound,eth0,50.34,52.32,12.21,1.67,Astound Broadband,"Seattle, WA, United States",https://www.speedtest.net/result/c/f249ef20-1d24-45e0-ae27-b012b12c40a4
2026-03-13T01:30:48.042302,astound,eth0,48.81,52.31,12.82,1.25,Nitel,"Seattle, WA, United States",https://www.speedtest.net/result/c/9c174c00-b974-4eaf-b25a-0913a198f6d9
2026-03-13T01:45:47.747935,astound,eth0,50.18,52.31,12.19,1.11,Nitel,"Seattle, WA, United States",https://www.speedtest.net/result/c/341cfd3a-306d-42fc-aeb7-7434fbe3856e
2026-03-13T02:00:47.993224,astound,eth0,50.34,52.27,12.84,1.13,"KamaTera, Inc.","Seattle, WA, United States",https://www.speedtest.net/result/c/1da6998a-50e0-427f-8533-4ca4aa2cfc4f
2026-03-13T02:15:47.611345,astound,eth0,50.32,52.29,12.84,0.97,GSL Networks,"Seattle, WA, United States",https://www.speedtest.net/result/c/5cd128c1-521d-4e5d-a0c6-074fdf50dac5
2026-03-13T02:30:47.907350,astound,eth0,50.26,52.26,12.33,1.57,"KamaTera, Inc.","Seattle, WA, United States",https://www.speedtest.net/result/c/f9fa40e9-0e10-41ae-8778-e23b3992ae71
2026-03-13T02:45:47.584618,astound,eth0,50.35,52.29,12.85,1.23,Astound Broadband,"Seattle, WA, United States",https://www.speedtest.net/result/c/ec30a6e5-8fa0-44cb-ae7d-5f7940317d2a
2026-03-13T03:00:47.488913,astound,eth0,49.16,52.27,12.95,5.64,GSL Networks,"Seattle, WA, United States",https://www.speedtest.net/result/c/20cb3f50-97bd-4b60-bdaf-1977da4947a0
2026-03-13T03:15:50.360431,astound,eth0,47.35,52.2,12.33,1.2,Ziply Fiber,"Seattle, WA, United States",https://www.speedtest.net/result/c/6a4b60d6-65a8-444f-9f64-ce04debcabfd
2026-03-13T03:30:48.119670,astound,eth0,49.68,52.29,12.83,1.15,"KamaTera, Inc.","Seattle, WA, United States",https://www.speedtest.net/result/c/bd43df8b-1a65-4427-9ec2-c8da98bf29ec
2026-03-13T03:45:58.738624,astound,eth0,51.16,52.27,11.44,1.58,Ziply Fiber,"Seattle, WA, United States",https://www.speedtest.net/result/c/ce4f806f-6fe0-45e1-bc0e-b18f91ae7df9
2026-03-13T04:00:42.516415,astound,eth0,50.34,55.02,12.2,1.23,Astound Broadband,"Seattle, WA, United States",https://www.speedtest.net/result/c/1de7c230-9233-41e2-8e22-728e01dda93e
2026-03-13T04:15:55.971957,astound,eth0,50.23,53.29,12.78,1.61,"KamaTera, Inc.","Seattle, WA, United States",https://www.speedtest.net/result/c/e15febde-c3a9-4f0b-8375-7315fb834147
2026-03-13T04:30:52.241323,astound,eth0,50.08,52.23,11.37,1.63,"KamaTera, Inc.","Seattle, WA, United States",https://www.speedtest.net/result/c/607537b7-9113-41a9-93e2-655887a70ff8
2026-03-13T04:45:47.445611,astound,eth0,48.93,52.34,10.63,4.61,Nitel,"Seattle, WA, United States",https://www.speedtest.net/result/c/16b4d04d-b8e4-4699-9c7e-ffe2b591ab60
2026-03-13T05:00:51.462857,astound,eth0,49.62,52.34,12.1,1.71,"KamaTera, Inc.","Seattle, WA, United States",https://www.speedtest.net/result/c/622ebdee-a02c-44a8-a3ae-65fc5ac74193
2026-03-13T05:15:47.976583,astound,eth0,50.36,52.29,12.96,0.68,Nitel,"Seattle, WA, United States",https://www.speedtest.net/result/c/0bb3c511-40a8-4013-a3c0-f2b1f6bccf1c
2026-03-13T05:30:47.932187,astound,eth0,50.3,52.33,11.43,2.13,Ziply Fiber,"Seattle, WA, United States",https://www.speedtest.net/result/c/bb658890-2b43-4ca4-8472-dffcc24e27d6
2026-03-13T05:45:47.744499,astound,eth0,50.33,52.32,12.22,2.27,GSL Networks,"Seattle, WA, United States",https://www.speedtest.net/result/c/40deac71-c0ba-473e-870f-af40d15b493c
2026-03-13T06:00:47.864042,astound,eth0,50.23,52.34,12.89,0.57,Nitel,"Seattle, WA, United States",https://www.speedtest.net/result/c/b974d3ec-cb3d-46be-aa4b-b6ad725c9695
2026-03-13T06:15:48.019437,astound,eth0,50.22,52.28,12.91,0.19,"KamaTera, Inc.","Seattle, WA, United States",https://www.speedtest.net/result/c/e3880e75-373c-42d7-8891-c8860a9b212d
2026-03-13T06:30:47.855745,astound,eth0,50.11,52.39,12.0,1.86,Nitel,"Seattle, WA, United States",https://www.speedtest.net/result/c/dbd9aee0-54d4-45bf-a329-31e92a0e725c
2026-03-13T06:45:47.931001,astound,eth0,50.22,52.21,12.84,1.69,"KamaTera, Inc.","Seattle, WA, United States",https://www.speedtest.net/result/c/6f22186f-d5ae-4d91-a743-384977c8bf78
2026-03-13T07:00:47.833086,astound,eth0,50.39,52.3,12.31,0.78,Astound Broadband,"Seattle, WA, United States",https://www.speedtest.net/result/c/4939c247-003a-4f5f-94b8-383df2123816
2026-03-13T07:15:48.053789,astound,eth0,50.43,52.48,12.89,0.66,Nitel,"Seattle, WA, United States",https://www.speedtest.net/result/c/7640ffaf-5bff-4c4b-97a3-9add6edf6a37
2026-03-13T07:30:52.078072,astound,eth0,50.36,53.29,6.49,1.4,"KamaTera, Inc.","Seattle, WA, United States",https://www.speedtest.net/result/c/cf7b8b6b-7182-4ba2-8d91-7c9e127b217b
2026-03-13T07:45:47.774977,astound,eth0,50.28,52.26,12.02,1.46,Ziply Fiber,"Seattle, WA, United States",https://www.speedtest.net/result/c/cfdac202-5af8-4c44-8544-c97ed012c964
2026-03-13T08:00:51.363359,astound,eth0,49.72,52.31,11.45,2.75,EZEE Fiber,"Seattle, WA, United States",https://www.speedtest.net/result/c/5518b2a0-0db3-442d-b25b-8ecd957261e2
2026-03-13T08:15:50.470757,astound,eth0,50.23,52.38,12.88,1.11,Nitel,"Seattle, WA, United States",https://www.speedtest.net/result/c/f4a9b897-d0a6-41c2-8f61-0648527ad267
2026-03-13T08:30:50.938265,astound,eth0,50.23,52.45,12.65,0.81,Ziply Fiber,"Seattle, WA, United States",https://www.speedtest.net/result/c/df4b56f6-66f3-413d-83f4-404c08730972
2026-03-13T08:45:47.796706,astound,eth0,50.38,52.23,12.32,1.76,"KamaTera, Inc.","Seattle, WA, United States",https://www.speedtest.net/result/c/847d061c-1079-46e5-8fb0-bced70743880
2026-03-13T09:00:47.793696,astound,eth0,50.4,52.25,12.8,0.58,Ziply Fiber,"Seattle, WA, United States",https://www.speedtest.net/result/c/50ddfe9f-5cd0-4cb5-a54e-6dd55532c16e
2026-03-13T09:15:51.133409,astound,eth0,48.29,52.31,12.72,0.87,EZEE Fiber,"Seattle, WA, United States",https://www.speedtest.net/result/c/19c1c192-aa1d-48b4-928e-0c6e9b3a8085
2026-03-13T09:30:48.058306,astound,eth0,50.23,52.37,12.23,3.67,Ziply Fiber,"Seattle, WA, United States",https://www.speedtest.net/result/c/24437574-a8db-4399-a141-f404c203f245
2026-03-13T09:45:48.153091,astound,eth0,49.07,52.3,11.5,1.87,Nitel,"Seattle, WA, United States",https://www.speedtest.net/result/c/7360fdb4-8443-44a9-89f9-77093a4da6b0
2026-03-13T10:00:47.695789,astound,eth0,46.86,48.52,7.69,3.24,Nitel,"Seattle, WA, United States",https://www.speedtest.net/result/c/7b0a5d41-cff8-46ae-bff5-e112f82115e5
2026-03-13T10:15:49.137083,astound,eth0,46.62,48.4,7.68,3.49,Nitel,"Seattle, WA, United States",https://www.speedtest.net/result/c/46b73a56-0167-4e6f-8e64-d0e6cf139bab
2026-03-13T10:30:47.666784,astound,eth0,46.91,48.39,7.74,3.51,"KamaTera, Inc.","Seattle, WA, United States",https://www.speedtest.net/result/c/86c16f93-e65a-4069-92c2-e0d27a96b3d7
2026-03-13T10:45:47.735906,astound,eth0,46.16,48.04,8.84,3.85,Astound Broadband,"Seattle, WA, United States",https://www.speedtest.net/result/c/9501d87e-58b9-4c54-8ca0-0ccc2f1e717e
2026-03-13T11:00:53.340696,astound,eth0,47.28,52.2,10.79,1.72,Ziply Fiber,"Seattle, WA, United States",https://www.speedtest.net/result/c/7ca9e80c-91c5-4ecc-ad68-72361fac3e5a
2026-03-13T11:15:47.794284,astound,eth0,45.47,48.37,8.27,1.8,Astound Broadband,"Seattle, WA, United States",https://www.speedtest.net/result/c/bb3c55bb-e129-40ff-b5d5-f5b8cbf2d4fb
2026-03-13T11:30:47.453124,astound,eth0,46.96,48.34,10.29,5.32,EZEE Fiber,"Seattle, WA, United States",https://www.speedtest.net/result/c/2c83b13e-de95-4cf3-a7ce-3caba96823d6
2026-03-13T11:45:54.222626,astound,eth0,41.05,48.38,7.92,4.16,Astound Broadband,"Seattle, WA, United States",https://www.speedtest.net/result/c/02cad2a9-8d05-4df7-a68b-66b066f33a3d
2026-03-13T12:00:54.011747,astound,eth0,49.51,51.17,12.71,1.22,"KamaTera, Inc.","Seattle, WA, United States",https://www.speedtest.net/result/c/541a7b7a-1216-45ec-8c18-c1b6c543bde1
2026-03-13T12:15:48.240288,astound,eth0,49.96,52.54,12.22,1.75,"KamaTera, Inc.","Seattle, WA, United States",https://www.speedtest.net/result/c/f6db20cc-7f30-44c4-bbd0-a9828aa3ae30
2026-03-13T12:30:47.836972,astound,eth0,49.41,52.02,12.84,0.67,Astound Broadband,"Seattle, WA, United States",https://www.speedtest.net/result/c/e3753e89-ea7b-4625-b8c5-ec7bb2cfce68
2026-03-13T12:45:48.141761,astound,eth0,49.98,52.17,11.16,0.66,Nitel,"Seattle, WA, United States",https://www.speedtest.net/result/c/23803355-7aa5-4eb1-9975-2fbec2117dca
2026-03-13T13:00:47.920486,astound,eth0,50.0,52.24,11.44,2.05,Astound Broadband,"Seattle, WA, United States",https://www.speedtest.net/result/c/81ffcca0-3f87-4b4c-9238-904ef4b47f0d
2026-03-13T13:15:53.264256,astound,eth0,48.06,52.21,11.34,2.26,Nitel,"Seattle, WA, United States",https://www.speedtest.net/result/c/d8c7909c-0a3c-4270-a57e-2d82e1545d5d
2026-03-13T13:30:49.389369,astound,eth0,49.36,51.48,10.22,2.27,GSL Networks,"Seattle, WA, United States",https://www.speedtest.net/result/c/5ce90b85-d15d-4837-8eb6-ad496d6e7729
2026-03-13T13:45:50.068094,astound,eth0,47.9,51.59,12.17,1.02,"KamaTera, Inc.","Seattle, WA, United States",https://www.speedtest.net/result/c/aa4c3996-5e8f-4cc3-9eac-a3e9f7c7269f
2026-03-13T14:00:49.950924,astound,eth0,46.95,50.99,10.6,2.78,Nitel,"Seattle, WA, United States",https://www.speedtest.net/result/c/1966351f-8cbe-4425-ab53-f5cdb6ca111b
2026-03-13T14:15:47.544799,astound,eth0,47.96,51.57,10.82,1.2,Astound Broadband,"Seattle, WA, United States",https://www.speedtest.net/result/c/9464b4db-f419-4bca-84da-8fae2caeafe5
2026-03-13T14:30:47.607595,astound,eth0,50.2,52.04,9.24,3.13,Ziply Fiber,"Seattle, WA, United States",https://www.speedtest.net/result/c/822fb832-be40-4df7-890a-9630bec9a29d
2026-03-13T15:00:21.772244,astound,eth0,49.58,50.4,12.96,1.78,"KamaTera, Inc.","Seattle, WA, United States",https://www.speedtest.net/result/c/7b97513b-381a-41d5-9d38-dd9542dd259e
2026-03-13T15:15:31.271079,astound,eth0,49.05,52.21,12.99,0.78,"KamaTera, Inc.","Seattle, WA, United States",https://www.speedtest.net/result/c/1253ae67-7867-403c-81dd-29a393c8c4d3
2026-03-13T15:30:34.660660,astound,eth0,47.55,52.19,12.06,0.74,Ziply Fiber,"Seattle, WA, United States",https://www.speedtest.net/result/c/87f50e7a-fd1c-4493-8fea-f0a8ee511737
2026-03-13T15:45:23.821283,astound,eth0,46.29,52.13,12.8,1.21,Nitel,"Seattle, WA, United States",https://www.speedtest.net/result/c/ac745315-e2c3-45e9-a6e1-9818e06f772b
2026-03-13T16:00:30.774653,astound,eth0,49.72,52.31,10.85,3.65,Ziply Fiber,"Seattle, WA, United States",https://www.speedtest.net/result/c/acaec8df-0ec5-4cbe-974f-bd7239bfc054
2026-03-13T16:15:31.528903,astound,eth0,49.85,52.18,12.81,1.15,Nitel,"Seattle, WA, United States",https://www.speedtest.net/result/c/4cbb12b4-0527-4a9e-bb1a-385023f9e35a
2026-03-13T16:30:25.172452,astound,eth0,49.21,52.37,10.82,1.21,Astound Broadband,"Seattle, WA, United States",https://www.speedtest.net/result/c/0eda2483-5f12-41e3-9a41-4be64067d3a6
2026-03-13T16:45:27.337184,astound,eth0,49.49,52.26,11.92,3.08,Ziply Fiber,"Seattle, WA, United States",https://www.speedtest.net/result/c/b700a5e1-ab1a-4484-9798-e5aa1673bb0b
2026-03-13T17:00:25.605357,astound,eth0,49.89,53.44,12.26,2.2,"KamaTera, Inc.","Seattle, WA, United States",https://www.speedtest.net/result/c/1ebc5428-4399-48f3-90af-a43289432c8c
2026-03-13T17:15:27.465231,astound,eth0,46.19,52.32,12.85,0.32,EZEE Fiber,"Seattle, WA, United States",https://www.speedtest.net/result/c/66503c85-0405-4926-9c91-144b1a3fc327
2026-03-13T17:30:25.019382,astound,eth0,50.05,52.37,12.95,0.64,"KamaTera, Inc.","Seattle, WA, United States",https://www.speedtest.net/result/c/6d8aa74c-1acf-4101-9116-648874c03082
2026-03-13T17:45:23.035566,astound,eth0,49.6,52.29,12.85,1.66,Nitel,"Seattle, WA, United States",https://www.speedtest.net/result/c/666c9f57-3949-4619-ba4d-335205a964f4
2026-03-13T18:00:22.469794,astound,eth0,49.87,52.13,12.9,2.01,Nitel,"Seattle, WA, United States",https://www.speedtest.net/result/c/7e84fb98-bda4-469b-9f9f-e001870c8ffa
2026-03-13T18:15:30.474381,astound,eth0,49.63,52.39,12.42,1.59,Nitel,"Seattle, WA, United States",https://www.speedtest.net/result/c/0a4cb4b5-8338-46c6-b0fd-bd0444b14201
2026-03-13T18:30:21.984746,astound,eth0,49.77,52.27,11.73,2.55,Nitel,"Seattle, WA, United States",https://www.speedtest.net/result/c/20a17fba-dd60-4142-bd65-d85328b41b1c
2026-03-13T18:45:25.615200,astound,eth0,49.38,52.37,12.24,1.22,"KamaTera, Inc.","Seattle, WA, United States",https://www.speedtest.net/result/c/3051663c-bd2c-4014-86d6-b8919076d4b7
2026-03-13T19:00:33.219898,astound,eth0,44.88,52.48,12.02,0.91,Astound Broadband,"Seattle, WA, United States",https://www.speedtest.net/result/c/27ba997c-a7d0-43b1-b268-fd43132ec575
2026-03-13T19:15:26.682926,astound,eth0,49.41,52.36,11.41,1.95,Astound Broadband,"Seattle, WA, United States",https://www.speedtest.net/result/c/8a02df53-d81c-4556-a3a4-f73b92e34265
2026-03-13T19:30:24.703727,astound,eth0,49.62,53.57,10.34,1.4,Astound Broadband,"Seattle, WA, United States",https://www.speedtest.net/result/c/c3a91895-947d-4558-9d88-a2ab6ab7e1ff
2026-03-13T19:45:28.950044,astound,eth0,50.36,31.35,12.98,1.98,Astound Broadband,"Seattle, WA, United States",https://www.speedtest.net/result/c/68477044-f08e-4126-9aee-b200cf4d1682
2026-03-13T20:00:25.432282,astound,eth0,49.98,52.34,12.81,0.15,Nitel,"Seattle, WA, United States",https://www.speedtest.net/result/c/d3b43848-50e5-47e5-b18a-e761b0474abf
2026-03-13T20:15:25.609720,astound,eth0,49.38,52.29,10.14,2.74,Astound Broadband,"Seattle, WA, United States",https://www.speedtest.net/result/c/b2d7ce30-950b-4b7a-b4eb-b3dbfd57770e
2026-03-13T20:30:31.369199,astound,eth0,47.44,52.18,12.21,1.09,Astound Broadband,"Seattle, WA, United States",https://www.speedtest.net/result/c/91dc505d-d430-489d-bc9b-77ce0ae951b4
2026-03-13T20:45:28.742094,astound,eth0,49.36,43.28,14.58,4.9,Nitel,"Seattle, WA, United States",https://www.speedtest.net/result/c/e5531d20-8835-4165-a6cf-0ba492e76aed
2026-03-13T21:00:25.531644,astound,eth0,50.1,52.26,12.35,1.91,EZEE Fiber,"Seattle, WA, United States",https://www.speedtest.net/result/c/5f29380e-b89b-4861-b023-058481a80faa
2026-03-13T21:15:36.282882,astound,eth0,46.55,52.27,12.6,0.93,Ziply Fiber,"Seattle, WA, United States",https://www.speedtest.net/result/c/0c75edf2-d323-4164-b9ed-dbb88194f205
2026-03-13T21:30:24.526431,astound,eth0,49.73,55.28,13.04,5.08,"KamaTera, Inc.","Seattle, WA, United States",https://www.speedtest.net/result/c/c3627e74-a73b-40af-aa79-09101577bb20
2026-03-13T21:45:33.998403,astound,eth0,40.23,52.13,9.98,1.79,Astound Broadband,"Seattle, WA, United States",https://www.speedtest.net/result/c/3f27265f-39cb-42ea-9f7b-f25195601dc5
2026-03-13T22:00:33.215536,astound,eth0,49.13,51.83,7.66,2.33,Astound Broadband,"Seattle, WA, United States",https://www.speedtest.net/result/c/164bf8b6-151c-4fd4-b0be-0108755b46d1
2026-03-13T22:15:27.499702,astound,eth0,47.96,52.33,12.77,0.67,EZEE Fiber,"Seattle, WA, United States",https://www.speedtest.net/result/c/6e7316ac-00eb-416e-8cdc-54e26cd8020b
2026-03-13T22:30:28.674941,astound,eth0,46.48,51.97,12.2,1.7,Ziply Fiber,"Seattle, WA, United States",https://www.speedtest.net/result/c/89dd8e6e-9b3a-4cba-88f7-d91215e3fbc5
2026-03-13T22:45:39.737632,astound,eth0,45.06,52.13,8.44,1.99,Ziply Fiber,"Seattle, WA, United States",https://www.speedtest.net/result/c/d931c6ae-77fc-4663-b905-ce0186e3bc1a
2026-03-13T23:00:34.705949,astound,eth0,40.91,51.44,12.07,2.46,Astound Broadband,"Seattle, WA, United States",https://www.speedtest.net/result/c/844912da-26a4-4871-8c08-501dc07bb807
2026-03-13T23:15:29.087677,astound,eth0,50.31,52.14,12.77,0.61,Astound Broadband,"Seattle, WA, United States",https://www.speedtest.net/result/c/6dda4b8b-e4f7-49b9-afe0-90c146a294ed
2026-03-13T23:30:23.162473,astound,eth0,50.13,52.34,12.83,1.2,Nitel,"Seattle, WA, United States",https://www.speedtest.net/result/c/05c4804d-a801-4c94-bb3b-641551477c31
2026-03-13T23:45:20.913813,astound,eth0,49.93,52.35,12.72,1.19,Nitel,"Seattle, WA, United States",https://www.speedtest.net/result/c/464e6352-d19e-456f-954b-067cd58a11d5
2026-03-14T00:00:23.621994,astound,eth0,50.36,52.33,12.93,1.79,EZEE Fiber,"Seattle, WA, United States",https://www.speedtest.net/result/c/b52fa6de-4413-4ae8-af14-c5aa5e35cf91
2026-03-14T00:15:24.524406,astound,eth0,50.13,52.27,12.26,2.21,Astound Broadband,"Seattle, WA, United States",https://www.speedtest.net/result/c/61af9354-6cf3-4bda-88a0-7e7cdb28c213
2026-03-14T00:30:28.477697,astound,eth0,50.6,52.3,11.55,1.38,Astound Broadband,"Seattle, WA, United States",https://www.speedtest.net/result/c/c6f53030-7f52-465f-a336-df9c0905913e
2026-03-14T00:45:30.479904,astound,eth0,50.38,52.26,11.86,3.79,Astound Broadband,"Seattle, WA, United States",https://www.speedtest.net/result/c/6031291a-91f9-4d32-85ed-13169b21e411
2026-03-14T01:00:22.796948,astound,eth0,50.36,52.37,13.63,1.31,Nitel,"Seattle, WA, United States",https://www.speedtest.net/result/c/262f8cc9-54cc-41ac-b4c6-9eab1f5eb51d
2026-03-14T01:15:23.799889,astound,eth0,50.2,52.39,12.94,0.37,Ziply Fiber,"Seattle, WA, United States",https://www.speedtest.net/result/c/dcd8d874-2f1f-4378-8713-95ab0b862b86
2026-03-14T01:30:23.666565,astound,eth0,49.97,52.32,12.7,1.73,Nitel,"Seattle, WA, United States",https://www.speedtest.net/result/c/d5f3e062-0a20-4029-b468-a321052ab370
2026-03-14T01:45:28.873158,astound,eth0,50.44,52.34,12.89,0.16,EZEE Fiber,"Seattle, WA, United States",https://www.speedtest.net/result/c/45082aa8-d1a9-4542-afe4-48c1d4226046
2026-03-14T02:00:25.316871,astound,eth0,49.62,52.31,12.98,2.09,Astound Broadband,"Seattle, WA, United States",https://www.speedtest.net/result/c/7a2373f9-ee70-4018-86b8-d1ebd5821031
2026-03-14T02:15:28.583937,astound,eth0,50.33,52.3,12.88,1.26,EZEE Fiber,"Seattle, WA, United States",https://www.speedtest.net/result/c/76ad655a-4feb-462e-b0e8-c35c264f5062
2026-03-14T02:30:25.256358,astound,eth0,50.19,52.31,13.46,1.32,EZEE Fiber,"Seattle, WA, United States",https://www.speedtest.net/result/c/36e66a61-2a6a-44fe-a694-0a675fa64caa
2026-03-14T02:45:26.117330,astound,eth0,50.22,52.29,6.48,2.15,Astound Broadband,"Seattle, WA, United States",https://www.speedtest.net/result/c/aa732f2b-3863-4dd7-ac1b-1757a6ce6c0a
2026-03-14T03:00:30.658533,astound,eth0,49.43,52.24,12.2,1.7,"KamaTera, Inc.","Seattle, WA, United States",https://www.speedtest.net/result/c/393f0a6e-4ff6-4d9e-af04-d808371e872b
2026-03-14T03:15:24.483808,astound,eth0,50.4,52.31,12.52,0.92,Nitel,"Seattle, WA, United States",https://www.speedtest.net/result/c/b9056b9e-25d6-44fe-89bc-996c14a24088
2026-03-14T03:30:26.969239,astound,eth0,50.34,52.43,12.24,1.58,Nitel,"Seattle, WA, United States",https://www.speedtest.net/result/c/8a63a4ad-4aa6-4865-9c03-6f91c327da18
2026-03-14T03:45:23.692356,astound,eth0,50.29,52.29,12.16,1.68,Ziply Fiber,"Seattle, WA, United States",https://www.speedtest.net/result/c/0983e132-611a-4daa-b45a-200ca448772f
2026-03-14T04:00:26.855120,astound,eth0,50.27,52.3,8.45,1.94,Ziply Fiber,"Seattle, WA, United States",https://www.speedtest.net/result/c/23acc654-3fab-4330-95db-bb3d4808e510
2026-03-14T04:15:23.205813,astound,eth0,50.26,52.31,12.76,1.06,Ziply Fiber,"Seattle, WA, United States",https://www.speedtest.net/result/c/29054737-fc57-426c-8671-f600a8e21df3
2026-03-14T04:30:27.638550,astound,eth0,50.31,52.32,12.22,1.87,"KamaTera, Inc.","Seattle, WA, United States",https://www.speedtest.net/result/c/84424467-3e5e-4978-b02f-a8ae68e4beda
2026-03-14T04:45:26.325574,astound,eth0,50.11,52.32,12.91,0.68,Ziply Fiber,"Seattle, WA, United States",https://www.speedtest.net/result/c/7a735d57-8903-4121-905c-aa29a51ed7e6
2026-03-14T05:00:29.365433,astound,eth0,50.12,52.27,12.28,1.0,Astound Broadband,"Seattle, WA, United States",https://www.speedtest.net/result/c/20aa5d47-fd47-4d36-af60-bf65ef1942bc
2026-03-14T05:15:27.820658,astound,eth0,50.32,52.29,6.5,1.69,Astound Broadband,"Seattle, WA, United States",https://www.speedtest.net/result/c/8ff2967b-fc99-4f37-9151-f56b6923697d
2026-03-14T05:30:25.805837,astound,eth0,50.2,52.37,10.82,0.64,Astound Broadband,"Seattle, WA, United States",https://www.speedtest.net/result/c/66dc6f93-c420-4695-904f-3bc687fbc9f4
2026-03-14T05:45:23.444884,astound,eth0,50.21,52.3,11.57,1.33,GSL Networks,"Seattle, WA, United States",https://www.speedtest.net/result/c/24618671-b795-431a-858d-936c1487aa86
2026-03-14T06:00:28.955533,astound,eth0,50.41,52.33,11.94,2.44,Astound Broadband,"Seattle, WA, United States",https://www.speedtest.net/result/c/169794aa-a6e0-49af-a4db-1ea144f55c92
2026-03-14T06:15:25.973701,astound,eth0,50.26,52.3,12.89,1.1,Ziply Fiber,"Seattle, WA, United States",https://www.speedtest.net/result/c/a22b2ab3-5f29-41ca-8cc0-c987c4e2950f
2026-03-14T06:30:24.036219,astound,eth0,50.22,52.35,12.93,0.18,Nitel,"Seattle, WA, United States",https://www.speedtest.net/result/c/37133648-3189-4e06-bcbd-571737b17673
2026-03-14T06:45:21.938592,astound,eth0,50.36,52.34,12.29,1.77,Nitel,"Seattle, WA, United States",https://www.speedtest.net/result/c/eaee02cf-1eb8-4039-8f34-46724322d5ba
2026-03-14T07:00:26.320847,astound,eth0,50.15,52.29,12.92,1.45,"KamaTera, Inc.","Seattle, WA, United States",https://www.speedtest.net/result/c/16c3c821-83ac-416a-b726-b413f9f64a7b
2026-03-14T07:15:21.480654,astound,eth0,50.34,52.32,12.78,1.22,Nitel,"Seattle, WA, United States",https://www.speedtest.net/result/c/4444ab76-bf70-4b12-92dc-69e1b59f0d1b
2026-03-14T07:30:23.678900,astound,eth0,47.44,52.35,12.07,2.73,"KamaTera, Inc.","Seattle, WA, United States",https://www.speedtest.net/result/c/5e88c4d6-5552-4b89-8a6c-cb18eb7e5e86
2026-03-14T07:45:26.112095,astound,eth0,50.69,52.37,12.25,2.36,Astound Broadband,"Seattle, WA, United States",https://www.speedtest.net/result/c/da9b8f72-e121-45f2-a8c6-e0c13e4fd717
2026-03-14T08:00:31.270961,astound,eth0,50.35,52.38,12.9,0.67,"KamaTera, Inc.","Seattle, WA, United States",https://www.speedtest.net/result/c/d93784fd-7d5c-4103-84b5-627c7ca68de4
2026-03-14T08:15:24.849815,astound,eth0,50.34,52.33,12.31,1.95,Ziply Fiber,"Seattle, WA, United States",https://www.speedtest.net/result/c/d587bdf6-f71f-4c3f-ae91-bc476e5c07b6
2026-03-14T08:30:24.669000,astound,eth0,50.1,52.29,12.83,1.13,Ziply Fiber,"Seattle, WA, United States",https://www.speedtest.net/result/c/c7882723-0b33-4a4f-ab85-693151ebe9bb
2026-03-14T08:45:28.896186,astound,eth0,50.31,52.31,13.06,0.86,"KamaTera, Inc.","Seattle, WA, United States",https://www.speedtest.net/result/c/0188613e-ba97-436f-b252-dbf7822a9b5b
2026-03-14T09:00:26.461789,astound,eth0,50.44,52.3,14.52,0.98,"KamaTera, Inc.","Seattle, WA, United States",https://www.speedtest.net/result/c/78718066-8796-4e5d-9e4a-275c8c593883
2026-03-14T09:15:23.619849,astound,eth0,50.35,52.25,14.44,1.99,EZEE Fiber,"Seattle, WA, United States",https://www.speedtest.net/result/c/f440c8a2-95d9-49d6-a475-58e4ba65a132
2026-03-14T09:30:26.674785,astound,eth0,50.32,52.32,11.42,1.58,Astound Broadband,"Seattle, WA, United States",https://www.speedtest.net/result/c/1f72e563-2f7b-4acf-b7c1-0f7edb0df865
2026-03-14T09:45:28.070425,astound,eth0,49.74,52.9,11.82,1.83,Nitel,"Seattle, WA, United States",https://www.speedtest.net/result/c/e75f0759-228f-4063-aef6-d2b2c7592d1a
2026-03-14T10:00:27.445207,astound,eth0,50.35,52.82,14.05,2.74,EZEE Fiber,"Seattle, WA, United States",https://www.speedtest.net/result/c/e61a5c0b-a21d-427a-9f55-f115e5edd2ac
2026-03-14T10:15:26.453771,astound,eth0,50.27,52.38,13.01,1.66,"KamaTera, Inc.","Seattle, WA, United States",https://www.speedtest.net/result/c/1c09a171-09aa-495c-a9d2-cc07ad1cf61e
2026-03-14T10:30:30.611264,astound,eth0,50.23,53.92,12.86,7.1,"KamaTera, Inc.","Seattle, WA, United States",https://www.speedtest.net/result/c/480e4e43-48e4-487f-82ee-0d5c45a4e777
2026-03-14T10:45:23.797547,astound,eth0,50.23,52.37,12.41,1.62,Nitel,"Seattle, WA, United States",https://www.speedtest.net/result/c/2790fd08-408f-49d2-8586-187a9d5480b9
2026-03-14T11:00:25.370237,astound,eth0,50.16,52.28,11.35,2.23,Astound Broadband,"Seattle, WA, United States",https://www.speedtest.net/result/c/b72f5570-1521-42fe-b95f-fabd15c204f7
2026-03-14T11:15:24.473430,astound,eth0,50.14,52.82,12.18,0.59,Nitel,"Seattle, WA, United States",https://www.speedtest.net/result/c/356fc1aa-53a5-44f5-8912-f3428268b015
2026-03-14T11:30:24.877131,astound,eth0,50.21,52.34,12.05,1.67,Astound Broadband,"Seattle, WA, United States",https://www.speedtest.net/result/c/1c4fede4-c3f1-42ef-93a5-d2edbcf52c6c
2026-03-14T11:45:29.514082,astound,eth0,50.28,52.3,11.4,1.03,Astound Broadband,"Seattle, WA, United States",https://www.speedtest.net/result/c/a8e46d99-99af-4628-8fd5-d52f840ae229
2026-03-14T12:00:28.337895,astound,eth0,50.24,52.31,12.14,2.23,EZEE Fiber,"Seattle, WA, United States",https://www.speedtest.net/result/c/d41a6f71-b79e-43a2-8e44-562770450a57
2026-03-14T12:15:26.387860,astound,eth0,49.94,52.34,11.91,2.99,Ziply Fiber,"Seattle, WA, United States",https://www.speedtest.net/result/c/7fea768c-4b52-42eb-b2c8-dff74c9236ce
2026-03-14T12:30:24.636641,astound,eth0,50.19,52.73,11.35,1.7,Nitel,"Seattle, WA, United States",https://www.speedtest.net/result/c/ea330b2e-9e22-416d-b349-cc3e05fce77f
2026-03-14T12:45:26.681448,astound,eth0,50.28,52.37,11.44,2.03,Astound Broadband,"Seattle, WA, United States",https://www.speedtest.net/result/c/06cc6bed-3757-4404-8bbc-4b982665d326
2026-03-14T13:00:25.331823,astound,eth0,50.29,53.79,12.99,0.69,"KamaTera, Inc.","Seattle, WA, United States",https://www.speedtest.net/result/c/57a483de-3e20-4e38-b1fa-885d02e862cf
2026-03-14T13:15:20.644194,astound,eth0,50.3,52.35,12.14,1.5,Nitel,"Seattle, WA, United States",https://www.speedtest.net/result/c/92469477-2f1e-4f85-9f90-3cfb38b1d599
2026-03-14T13:30:27.670993,astound,eth0,50.47,53.13,12.31,1.22,Astound Broadband,"Seattle, WA, United States",https://www.speedtest.net/result/c/a595f121-b990-4d44-87d7-4d58ec6a2364
2026-03-14T13:45:24.462140,astound,eth0,49.86,52.31,11.46,1.59,Nitel,"Seattle, WA, United States",https://www.speedtest.net/result/c/3d2264d3-d9a1-42b2-95be-2c79a5bcbeed
2026-03-14T14:00:22.196815,astound,eth0,50.28,52.32,12.99,4.3,Nitel,"Seattle, WA, United States",https://www.speedtest.net/result/c/21b51c88-63d1-480c-b1c6-4fa93a4b4bc4
2026-03-14T14:15:21.511575,astound,eth0,48.67,52.35,12.73,1.47,Nitel,"Seattle, WA, United States",https://www.speedtest.net/result/c/135bd378-82c0-4741-ac91-092beb1c0208
2026-03-14T14:30:25.656420,astound,eth0,50.22,52.36,11.99,1.39,Ziply Fiber,"Seattle, WA, United States",https://www.speedtest.net/result/c/41addcda-efff-4c98-b1ed-989ca3d2d2b1
2026-03-14T14:45:23.822820,astound,eth0,50.25,53.45,13.21,0.92,Nitel,"Seattle, WA, United States",https://www.speedtest.net/result/c/53722e35-1cbc-49ca-9ffe-15a997fc256b
2026-03-14T15:00:26.078788,astound,eth0,50.22,52.37,12.79,2.04,Astound Broadband,"Seattle, WA, United States",https://www.speedtest.net/result/c/b049b85b-cbf3-477f-826e-305c8fdefd13
2026-03-14T15:15:30.923541,astound,eth0,50.46,52.21,12.98,0.6,"KamaTera, Inc.","Seattle, WA, United States",https://www.speedtest.net/result/c/72eb6d25-758e-4c8c-bcfc-0e0698e13bd6
2026-03-14T15:30:26.548008,astound,eth0,50.15,52.89,12.85,1.11,Astound Broadband,"Seattle, WA, United States",https://www.speedtest.net/result/c/a056c3ff-67c1-463b-8333-cbdb6e3fe5ef
2026-03-14T15:45:29.359235,astound,eth0,48.32,52.24,12.79,1.38,"KamaTera, Inc.","Seattle, WA, United States",https://www.speedtest.net/result/c/c3aa1886-52f4-4d10-928b-95cccc0be639
2026-03-14T16:00:27.479767,astound,eth0,50.49,52.54,11.42,1.77,Nitel,"Seattle, WA, United States",https://www.speedtest.net/result/c/9208aba1-5b4f-480a-99e1-dc2df12b2526
2026-03-14T16:15:25.910009,astound,eth0,50.16,52.17,12.91,1.04,"KamaTera, Inc.","Seattle, WA, United States",https://www.speedtest.net/result/c/5be8d0af-d04d-4387-a065-9ba1e90393bd
2026-03-14T16:30:26.198537,astound,eth0,50.24,52.27,11.5,1.7,Astound Broadband,"Seattle, WA, United States",https://www.speedtest.net/result/c/ef14293a-bd49-4230-bdb8-9dba214ab13f
2026-03-14T16:45:31.876554,astound,eth0,50.5,28.44,12.5,0.92,Astound Broadband,"Seattle, WA, United States",https://www.speedtest.net/result/c/db39c2d3-7048-4ecf-97ee-a90224db48f1
2026-03-14T17:00:32.129036,astound,eth0,50.31,52.25,11.87,1.98,"KamaTera, Inc.","Seattle, WA, United States",https://www.speedtest.net/result/c/7e9074dd-d360-4128-bfb1-ee74a450a909
2026-03-14T17:15:20.817288,astound,eth0,48.27,52.46,12.9,1.06,Nitel,"Seattle, WA, United States",https://www.speedtest.net/result/c/8efe674f-2866-4da7-85c3-88ac130ae218
2026-03-14T17:30:29.595905,astound,eth0,50.34,52.06,11.6,2.81,Nitel,"Seattle, WA, United States",https://www.speedtest.net/result/c/f5830d5b-8eba-4abc-bfdc-68e6d56dd0fc
2026-03-14T17:45:26.315903,astound,eth0,49.93,52.24,11.41,1.78,Astound Broadband,"Seattle, WA, United States",https://www.speedtest.net/result/c/61854323-6880-4a27-a57f-db08851fd75e
2026-03-14T18:00:27.674878,astound,eth0,50.22,52.27,11.73,5.63,Ziply Fiber,"Seattle, WA, United States",https://www.speedtest.net/result/c/ebdbf21f-970b-417f-8697-4e50f93a7d9c
2026-03-14T18:15:27.301536,astound,eth0,50.41,52.34,12.23,2.08,Astound Broadband,"Seattle, WA, United States",https://www.speedtest.net/result/c/131b36eb-55ae-4a97-8b00-b7e10a1dfc06
2026-03-14T18:30:30.897421,astound,eth0,49.99,52.96,12.98,0.39,"KamaTera, Inc.","Seattle, WA, United States",https://www.speedtest.net/result/c/90accf1c-29b9-41db-8c53-bf2252a1fed0
2026-03-14T18:45:23.372288,astound,eth0,50.31,52.24,12.33,1.87,"KamaTera, Inc.","Seattle, WA, United States",https://www.speedtest.net/result/c/47178ea9-2a96-452c-8835-1a0aabb79320
2026-03-14T19:00:24.240653,astound,eth0,50.3,52.35,12.89,1.48,GSL Networks,"Seattle, WA, United States",https://www.speedtest.net/result/c/01306145-2512-4ea4-972e-1554aacce379
2026-03-14T19:15:27.734725,astound,eth0,50.42,52.35,12.83,1.14,Astound Broadband,"Seattle, WA, United States",https://www.speedtest.net/result/c/913abd26-a13e-4c25-8739-20e7bab8c8a9
2026-03-14T19:30:26.485481,astound,eth0,50.42,53.16,12.13,1.68,Astound Broadband,"Seattle, WA, United States",https://www.speedtest.net/result/c/add698df-48e0-46b6-a2d7-003bb62bf3be
2026-03-14T19:45:20.647786,astound,eth0,50.05,52.29,11.65,5.05,Nitel,"Seattle, WA, United States",https://www.speedtest.net/result/c/518d32d2-0617-439b-8fa0-69223b2d0fb9
2026-03-14T20:00:27.366568,astound,eth0,46.27,52.03,12.97,1.31,Ziply Fiber,"Seattle, WA, United States",https://www.speedtest.net/result/c/06d3d42d-b3eb-43e8-8622-038ed1812f92
2026-03-14T20:15:25.372267,astound,eth0,50.04,45.27,6.56,1.17,EZEE Fiber,"Seattle, WA, United States",https://www.speedtest.net/result/c/e998e946-272a-4d12-8d7b-cee99dd153b0
2026-03-14T20:30:29.183171,astound,eth0,49.59,50.27,11.27,2.06,Astound Broadband,"Seattle, WA, United States",https://www.speedtest.net/result/c/aa27999a-7d00-498a-81f8-86dcea06ba58
2026-03-14T20:45:31.602204,astound,eth0,50.21,13.46,11.84,4.04,GSL Networks,"Seattle, WA, United States",https://www.speedtest.net/result/c/aef5e217-ace1-4d7b-b046-4f12c72a323f
2026-03-14T21:00:40.315681,astound,eth0,50.14,23.76,12.97,0.16,Astound Broadband,"Seattle, WA, United States",https://www.speedtest.net/result/c/7f2af215-b8e9-4c3f-9c27-cee03ec92ac2
2026-03-14T21:15:27.154335,astound,eth0,46.77,20.02,12.08,2.12,Nitel,"Seattle, WA, United States",https://www.speedtest.net/result/c/7ee55b61-56fa-4ee0-b3be-2c4e1e0c344d
2026-03-14T21:30:29.536844,astound,eth0,50.28,24.61,11.45,4.24,Ziply Fiber,"Seattle, WA, United States",https://www.speedtest.net/result/c/ed91932c-d2cd-4c7c-baf6-6ba886696c3c
2026-03-14T21:45:31.144330,astound,eth0,50.07,51.88,12.7,2.62,"KamaTera, Inc.","Seattle, WA, United States",https://www.speedtest.net/result/c/414e8758-66e5-4374-b63c-125fd9d5ce97
2026-03-14T22:00:22.387340,astound,eth0,46.49,52.52,12.54,1.13,Nitel,"Seattle, WA, United States",https://www.speedtest.net/result/c/6f12dd2d-ef3b-4b27-939f-6b8aae6fc261
2026-03-14T22:15:26.006034,astound,eth0,50.15,52.28,12.6,4.33,Astound Broadband,"Seattle, WA, United States",https://www.speedtest.net/result/c/d25fc1ed-dc2f-4bb5-b2ff-f75d901fd6f4
2026-03-14T22:30:25.265653,astound,eth0,50.33,52.36,12.47,2.67,Ziply Fiber,"Seattle, WA, United States",https://www.speedtest.net/result/c/8573bb63-9687-44fc-976b-4c7cbc441b8f
2026-03-14T22:45:27.776145,astound,eth0,50.33,52.41,14.37,2.09,Astound Broadband,"Port Orchard, WA, United States",https://www.speedtest.net/result/c/5dc92833-77fc-457a-af34-1354005fac95
2026-03-14T23:00:30.146548,astound,eth0,50.35,52.23,13.08,0.83,"KamaTera, Inc.","Seattle, WA, United States",https://www.speedtest.net/result/c/e9597b30-480c-4aea-a50d-f89be7ef286d
2026-03-14T23:15:26.943464,astound,eth0,50.21,52.4,11.4,1.8,Ziply Fiber,"Seattle, WA, United States",https://www.speedtest.net/result/c/3856ad86-4291-4f98-b5a8-633b45ec5b19
2026-03-14T23:30:24.486747,astound,eth0,50.0,52.33,13.5,1.26,"KamaTera, Inc.","Seattle, WA, United States",https://www.speedtest.net/result/c/85ffc8c9-cb36-4189-b83e-5fd78c95fdf5
2026-03-14T23:45:13.884720,astound,eth0,50.23,53.28,11.11,1.09,Nitel,"Seattle, WA, United States",https://www.speedtest.net/result/c/4876ba1b-2b1e-444d-a7aa-800f7bac90ae
2026-03-15T00:00:27.212773,astound,eth0,50.34,52.25,12.69,1.19,"KamaTera, Inc.","Seattle, WA, United States",https://www.speedtest.net/result/c/9845c03c-73d1-4501-a707-d4ed47388e87
2026-03-15T00:15:30.762122,astound,eth0,50.3,52.23,12.12,1.05,"KamaTera, Inc.","Seattle, WA, United States",https://www.speedtest.net/result/c/36f34348-e69a-4580-9b12-3b2953ac5b75
2026-03-15T00:30:25.020819,astound,eth0,50.27,52.37,12.91,0.21,Nitel,"Seattle, WA, United States",https://www.speedtest.net/result/c/bdf2d5e0-45dd-4dee-ac55-94fccb4a286d
2026-03-15T00:45:24.810874,astound,eth0,50.22,52.32,11.53,0.8,Astound Broadband,"Seattle, WA, United States",https://www.speedtest.net/result/c/019c5c2a-7ea0-442f-96e3-c88793430480
2026-03-15T01:00:31.688951,astound,eth0,50.39,52.29,12.9,1.33,"KamaTera, Inc.","Seattle, WA, United States",https://www.speedtest.net/result/c/e4911002-43a7-47e4-aea8-3f35bb3e35f0
2026-03-15T01:15:22.265658,astound,eth0,50.13,52.33,12.44,1.37,Nitel,"Seattle, WA, United States",https://www.speedtest.net/result/c/efa3cbc7-bea6-4571-9184-d8ba7293cf92
2026-03-15T01:30:23.186055,astound,eth0,50.12,52.27,12.18,1.37,Ziply Fiber,"Seattle, WA, United States",https://www.speedtest.net/result/c/98ff600d-f220-4534-8eb2-2785cdb6415d
2026-03-15T01:45:24.865983,astound,eth0,50.21,52.3,11.47,1.44,Ziply Fiber,"Seattle, WA, United States",https://www.speedtest.net/result/c/3300b5d7-883c-47bf-aba6-7d8bce2d1a09
2026-03-15T02:00:30.298409,astound,eth0,46.63,52.29,12.28,2.26,Ziply Fiber,"Seattle, WA, United States",https://www.speedtest.net/result/c/d15e120f-b27d-4177-be2f-ca22d0ab430f
2026-03-15T02:15:32.562307,astound,eth0,31.8,51.67,61.41,5.1,GSL Networks,"Seattle, WA, United States",https://www.speedtest.net/result/c/c2dec79b-e427-43ea-b558-ce7faca5da4c
2026-03-15T02:30:30.084973,astound,eth0,48.92,52.26,12.89,0.46,EZEE Fiber,"Seattle, WA, United States",https://www.speedtest.net/result/c/e4e0dade-9bf9-48d3-8079-2def4928783c
2026-03-15T02:45:25.433338,astound,eth0,50.16,52.24,12.02,1.49,"KamaTera, Inc.","Seattle, WA, United States",https://www.speedtest.net/result/c/5a2d5504-a126-4e4a-ac14-1e1f38535126
2026-03-15T03:00:32.054772,astound,eth0,50.48,52.24,12.72,0.87,"KamaTera, Inc.","Seattle, WA, United States",https://www.speedtest.net/result/c/e568b0b7-15e6-4e6e-976d-fb162cf537df
2026-03-15T03:15:24.952246,astound,eth0,49.61,52.35,13.83,6.62,EZEE Fiber,"Seattle, WA, United States",https://www.speedtest.net/result/c/d441d4d7-134c-492f-a6f6-1e13f025e922
2026-03-15T03:30:23.830192,astound,eth0,50.25,52.3,12.27,2.65,Ziply Fiber,"Seattle, WA, United States",https://www.speedtest.net/result/c/4e8d0e88-2503-4779-b356-a2365e6991ae
2026-03-15T03:45:25.543195,astound,eth0,50.19,52.28,12.88,1.16,Nitel,"Seattle, WA, United States",https://www.speedtest.net/result/c/c0bf1747-dca5-463f-9869-5bcb7e708822
2026-03-15T04:00:25.019065,astound,eth0,50.14,52.29,13.24,1.01,Ziply Fiber,"Seattle, WA, United States",https://www.speedtest.net/result/c/76fce09b-903e-4aea-b9ff-d47d7643195b
2026-03-15T04:15:27.792885,astound,eth0,50.28,52.29,12.16,1.61,Ziply Fiber,"Seattle, WA, United States",https://www.speedtest.net/result/c/9adcc7bd-340e-49bb-9c3d-5c349fa902a1
2026-03-15T04:30:28.425306,astound,eth0,50.38,52.33,12.88,1.34,Astound Broadband,"Seattle, WA, United States",https://www.speedtest.net/result/c/9f4bd630-a487-4068-8757-ec52e9184603
2026-03-15T04:45:24.806805,astound,eth0,50.26,52.3,12.67,1.8,Ziply Fiber,"Seattle, WA, United States",https://www.speedtest.net/result/c/359eb1fc-a97a-4ad7-b24a-4c7f84923058
2026-03-15T05:00:26.725683,astound,eth0,50.21,52.36,13.05,0.78,Ziply Fiber,"Seattle, WA, United States",https://www.speedtest.net/result/c/e790040d-cadf-4092-b678-ce74323689e7
2026-03-15T05:15:24.282219,astound,eth0,50.37,52.32,11.86,1.57,Ziply Fiber,"Seattle, WA, United States",https://www.speedtest.net/result/c/a7ee260a-3d74-4628-b303-f13942234da0
2026-03-15T05:30:24.783829,astound,eth0,48.41,52.3,12.9,0.21,EZEE Fiber,"Seattle, WA, United States",https://www.speedtest.net/result/c/14f0695e-c074-49d6-a23e-3cc40ed1eec4
2026-03-15T05:45:29.620103,astound,eth0,50.48,52.34,13.56,1.36,EZEE Fiber,"Seattle, WA, United States",https://www.speedtest.net/result/c/d3dcf3ff-b71e-43d9-8d6c-b9856956e39c
2026-03-15T06:00:24.049070,astound,eth0,50.23,52.87,12.9,1.19,Astound Broadband,"Seattle, WA, United States",https://www.speedtest.net/result/c/0d0dd297-0880-47e6-b208-e3213a6d0971
2026-03-15T06:15:30.785476,astound,eth0,48.87,52.21,10.74,3.47,"KamaTera, Inc.","Seattle, WA, United States",https://www.speedtest.net/result/c/64a0b86a-005e-4e8a-b318-ae87cdf62e95
2026-03-15T06:30:26.967920,astound,eth0,50.26,52.35,12.54,1.16,Astound Broadband,"Seattle, WA, United States",https://www.speedtest.net/result/c/37a8a762-3a43-4ff7-870a-d08dd259a26c
2026-03-15T06:45:29.980725,astound,eth0,50.28,52.82,12.58,1.32,"KamaTera, Inc.","Seattle, WA, United States",https://www.speedtest.net/result/c/6670e474-8326-41b7-a5b1-70c5ce02240a
2026-03-15T07:00:31.432879,astound,eth0,49.54,49.6,35.05,1.75,GSL Networks,"Seattle, WA, United States",https://www.speedtest.net/result/c/faeb3ec0-1278-4816-bddd-25ad90c385c0
2026-03-15T07:15:23.516319,astound,eth0,50.17,52.27,12.19,1.7,Astound Broadband,"Seattle, WA, United States",https://www.speedtest.net/result/c/e1affcff-0dfd-4aa3-9126-74abfdf649fe
2026-03-15T07:30:25.583676,astound,eth0,50.22,52.28,12.72,1.42,Ziply Fiber,"Seattle, WA, United States",https://www.speedtest.net/result/c/f6a1d78c-59a5-4c26-871b-8d63ea51604f
2026-03-15T07:45:26.632110,astound,eth0,50.24,52.49,12.21,2.02,Astound Broadband,"Seattle, WA, United States",https://www.speedtest.net/result/c/16b1ec4a-54d0-468e-bb9d-44a7f47fb39d
2026-03-15T08:00:27.871390,astound,eth0,50.31,52.52,12.84,0.32,"KamaTera, Inc.","Seattle, WA, United States",https://www.speedtest.net/result/c/d109d45b-aa32-4c12-a747-97c352feb3fc
2026-03-15T08:15:33.083950,astound,eth0,50.17,48.12,10.15,3.21,Nitel,"Seattle, WA, United States",https://www.speedtest.net/result/c/b088666a-3fb4-4f10-a326-e523850166b5
2026-03-15T08:30:31.344059,astound,eth0,50.15,50.81,12.95,0.71,Astound Broadband,"Seattle, WA, United States",https://www.speedtest.net/result/c/1d3c32b6-184c-4135-bd47-0e5840274507
2026-03-15T08:45:27.756602,astound,eth0,50.01,52.35,12.88,1.53,Astound Broadband,"Seattle, WA, United States",https://www.speedtest.net/result/c/803972a3-e606-4a61-8494-ea6104e90658
2026-03-15T09:00:24.277417,astound,eth0,50.15,52.35,12.03,1.11,GSL Networks,"Seattle, WA, United States",https://www.speedtest.net/result/c/8b6f1cd6-d5fe-4f14-a707-db760e5c6289
2026-03-15T09:15:23.700619,astound,eth0,49.4,52.26,12.86,1.18,"KamaTera, Inc.","Seattle, WA, United States",https://www.speedtest.net/result/c/7dac1c2b-fe0e-4e1c-b062-1b54471c310e
2026-03-15T09:30:26.843715,astound,eth0,48.12,53.5,12.37,1.44,Nitel,"Seattle, WA, United States",https://www.speedtest.net/result/c/dfc847a6-03c1-42fa-ad49-62db03afd9d3
2026-03-15T09:45:26.847885,astound,eth0,50.14,53.91,12.9,1.49,Nitel,"Seattle, WA, United States",https://www.speedtest.net/result/c/a8fb2cc2-4cf3-4260-9957-e40c5c964bcb
2026-03-15T10:00:26.681422,astound,eth0,49.05,53.37,12.99,1.1,Astound Broadband,"Seattle, WA, United States",https://www.speedtest.net/result/c/81935575-1d4d-48a3-8ed2-fdcc5a488ced
2026-03-15T10:15:27.351398,astound,eth0,50.3,53.37,12.19,1.52,Ziply Fiber,"Seattle, WA, United States",https://www.speedtest.net/result/c/274c76d4-e8b1-4c17-97cc-e380c557d1c8
2026-03-15T10:30:23.397644,astound,eth0,50.18,52.31,12.53,2.3,Astound Broadband,"Seattle, WA, United States",https://www.speedtest.net/result/c/69939b02-e21c-4609-862d-2d4f79209a76
2026-03-15T10:45:22.013860,astound,eth0,49.99,52.32,11.69,0.82,Nitel,"Seattle, WA, United States",https://www.speedtest.net/result/c/7f3d08be-0e73-4ee7-a527-bbd9c7c1b702
2026-03-15T11:00:25.826266,astound,eth0,50.46,52.23,13.27,0.76,"KamaTera, Inc.","Seattle, WA, United States",https://www.speedtest.net/result/c/022e2775-eb7f-4a68-9597-d0946fcc48a1
2026-03-15T11:15:25.741982,astound,eth0,49.97,52.28,12.08,1.08,"KamaTera, Inc.","Seattle, WA, United States",https://www.speedtest.net/result/c/23bfb363-078a-4342-9b72-87dec2b64710
2026-03-15T11:30:27.498220,astound,eth0,50.3,52.21,13.15,1.96,Astound Broadband,"Seattle, WA, United States",https://www.speedtest.net/result/c/324729ab-d6f8-438a-a226-c2dd5b79ddb7
2026-03-15T11:45:23.604448,astound,eth0,50.06,51.27,7.2,2.28,Astound Broadband,"Seattle, WA, United States",https://www.speedtest.net/result/c/d72a91aa-43f8-422a-9a45-40cb7534ab27
2026-03-15T12:00:29.891324,astound,eth0,50.54,53.59,12.92,0.31,"KamaTera, Inc.","Seattle, WA, United States",https://www.speedtest.net/result/c/e00a0097-0ae9-4c9a-b878-ec58237621b2
2026-03-15T12:15:24.254257,astound,eth0,50.08,52.38,12.7,1.42,"KamaTera, Inc.","Seattle, WA, United States",https://www.speedtest.net/result/c/77af169a-1859-4c6f-a8aa-b8270c099f1d
2026-03-15T12:30:21.420795,astound,eth0,50.33,52.32,10.98,1.22,Nitel,"Seattle, WA, United States",https://www.speedtest.net/result/c/154ec8d6-d645-4e18-a0ab-c088f91b9877
2026-03-15T12:45:24.201177,astound,eth0,50.32,52.28,12.92,3.4,Ziply Fiber,"Seattle, WA, United States",https://www.speedtest.net/result/c/926bc495-4599-4043-8ea8-352e23c4c345
2026-03-15T13:00:26.983606,astound,eth0,49.03,52.17,10.75,1.38,"KamaTera, Inc.","Seattle, WA, United States",https://www.speedtest.net/result/c/42fd2e5c-2d2d-4c77-aa66-f5d05eb0d60a
2026-03-15T13:15:26.324086,astound,eth0,49.41,52.29,12.9,0.26,"KamaTera, Inc.","Seattle, WA, United States",https://www.speedtest.net/result/c/96e753a2-5eb4-49d2-a957-c4de7f208b19
2026-03-15T13:30:28.731169,astound,eth0,50.27,52.27,11.4,1.71,Ziply Fiber,"Seattle, WA, United States",https://www.speedtest.net/result/c/a695ccc7-a697-47fd-aa59-a8ecc71388df
2026-03-15T13:45:29.586032,astound,eth0,50.29,52.33,14.26,0.98,Astound Broadband,"Port Orchard, WA, United States",https://www.speedtest.net/result/c/1b02ef4b-bcb5-456d-980c-7afceb9c5622
2026-03-15T14:00:21.893831,astound,eth0,46.84,53.33,13.02,1.24,Nitel,"Seattle, WA, United States",https://www.speedtest.net/result/c/5cc9539d-a8ef-4b75-bc0c-dc3a5376e2d8
2026-03-15T14:15:25.706359,astound,eth0,50.29,52.42,12.78,1.18,GSL Networks,"Seattle, WA, United States",https://www.speedtest.net/result/c/2f5fc88e-2735-4ba2-92c3-1c47749dd688
2026-03-15T14:30:25.894571,astound,eth0,50.23,52.33,12.11,1.74,Astound Broadband,"Seattle, WA, United States",https://www.speedtest.net/result/c/cfdb5736-6a48-483c-b14c-a9558eea6e8f
2026-03-15T14:45:24.101040,astound,eth0,46.11,52.24,12.8,0.77,"KamaTera, Inc.","Seattle, WA, United States",https://www.speedtest.net/result/c/bde79487-ef05-4ef6-9c21-4e6cc69eb6ff
2026-03-15T15:00:27.781674,astound,eth0,50.19,53.44,12.82,0.4,Astound Broadband,"Seattle, WA, United States",https://www.speedtest.net/result/c/8af56a21-2bee-4eb3-b32c-def7b850c11a
2026-03-15T15:15:28.624377,astound,eth0,50.27,53.62,12.29,1.95,Ziply Fiber,"Seattle, WA, United States",https://www.speedtest.net/result/c/a1b8b754-32e8-4aac-b0fe-5dfd562bc1bc
2026-03-15T15:30:23.752399,astound,eth0,49.86,52.47,12.77,1.97,Nitel,"Seattle, WA, United States",https://www.speedtest.net/result/c/f466715b-40f5-4acd-8bf3-fc7ddfdf62ec
2026-03-15T15:45:26.620400,astound,eth0,48.86,52.08,9.36,4.35,"KamaTera, Inc.","Seattle, WA, United States",https://www.speedtest.net/result/c/e69d4347-01f7-4a1a-8d14-d41281ab7526
2026-03-15T16:00:23.292982,astound,eth0,50.22,53.49,12.71,1.62,Ziply Fiber,"Seattle, WA, United States",https://www.speedtest.net/result/c/a7753217-fda7-4bd3-9f3d-7b8a7a70a9b4
2026-03-15T16:15:30.151208,astound,eth0,48.52,52.33,11.35,1.53,Astound Broadband,"Seattle, WA, United States",https://www.speedtest.net/result/c/f7143c88-f0d3-47b7-90b6-fd7ba079d9fb
2026-03-15T16:30:31.355384,astound,eth0,48.81,53.23,13.14,2.3,Astound Broadband,"Seattle, WA, United States",https://www.speedtest.net/result/c/1200f880-bcb2-48d0-8c16-2e83fb1c6042
2026-03-15T16:45:26.549275,astound,eth0,50.28,52.31,12.78,1.32,Ziply Fiber,"Seattle, WA, United States",https://www.speedtest.net/result/c/c8b5ce88-60ab-4fc3-b6f2-493b1f1c6852
2026-03-15T17:00:29.604571,astound,eth0,48.04,53.4,12.73,4.86,EZEE Fiber,"Seattle, WA, United States",https://www.speedtest.net/result/c/7b9895d1-468b-4b82-b238-31265585067c
2026-03-15T17:15:22.638950,astound,eth0,47.76,53.3,12.92,0.23,EZEE Fiber,"Seattle, WA, United States",https://www.speedtest.net/result/c/4c3438b6-28e6-4910-9bbe-c996476214c0
2026-03-15T17:30:25.037868,astound,eth0,48.52,52.33,11.33,1.32,Nitel,"Seattle, WA, United States",https://www.speedtest.net/result/c/4ed4e0b1-81b2-49b8-ac30-61d31f3226cd
2026-03-15T17:45:30.039238,astound,eth0,49.21,52.32,8.29,2.64,Ziply Fiber,"Seattle, WA, United States",https://www.speedtest.net/result/c/90859771-2b10-4b67-9af9-ae66841d48ad
2026-03-15T18:00:26.836492,astound,eth0,48.35,50.39,12.53,5.15,"KamaTera, Inc.","Seattle, WA, United States",https://www.speedtest.net/result/c/b4ceb278-6c1d-4c2d-aa1b-593dee599048
2026-03-15T18:15:30.094469,astound,eth0,49.06,53.37,11.53,1.72,Ziply Fiber,"Seattle, WA, United States",https://www.speedtest.net/result/c/1442554f-cefa-4dba-b721-8eaa348a317f
2026-03-15T18:30:34.023604,astound,eth0,47.88,52.45,11.47,2.02,Astound Broadband,"Seattle, WA, United States",https://www.speedtest.net/result/c/cefa5a45-f5ce-4032-9ebc-300c2def554b
2026-03-15T18:45:31.206972,astound,eth0,48.83,52.78,12.05,2.73,"KamaTera, Inc.","Seattle, WA, United States",https://www.speedtest.net/result/c/4376611b-2ce7-4be6-b2ca-2f21832e4083
2026-03-15T19:00:32.352980,astound,eth0,48.55,52.57,12.88,0.72,EZEE Fiber,"Seattle, WA, United States",https://www.speedtest.net/result/c/21021f91-e63a-4a2d-aab8-b234abb30e27
2026-03-15T19:15:26.787906,astound,eth0,47.31,47.19,12.71,2.6,Nitel,"Seattle, WA, United States",https://www.speedtest.net/result/c/9683c92a-1b9b-48a8-beb3-d30db71c8b81
2026-03-15T19:30:31.781877,astound,eth0,48.41,52.09,12.92,0.81,Ziply Fiber,"Seattle, WA, United States",https://www.speedtest.net/result/c/5dda9b5d-fef2-40b9-a668-350271b16a74
2026-03-15T19:45:27.191347,astound,eth0,41.73,52.21,12.15,1.53,Nitel,"Seattle, WA, United States",https://www.speedtest.net/result/c/abcad9ed-0f3b-41a5-9fd9-bb038f150a64
2026-03-15T20:00:27.086425,astound,eth0,50.3,52.33,12.09,1.12,Astound Broadband,"Seattle, WA, United States",https://www.speedtest.net/result/c/b11bd540-f64c-47b1-bdb0-ac5ef5940d8e
2026-03-15T20:15:25.057431,astound,eth0,50.22,52.42,12.91,0.24,Ziply Fiber,"Seattle, WA, United States",https://www.speedtest.net/result/c/4248ceec-3c80-4716-abf3-c453747cc603
2026-03-15T20:30:24.113758,astound,eth0,50.14,53.57,12.26,1.12,Nitel,"Seattle, WA, United States",https://www.speedtest.net/result/c/f049815d-7b42-41d6-8858-fb7f4a3e1e39
2026-03-15T20:45:27.704696,astound,eth0,49.2,52.28,12.79,1.25,"KamaTera, Inc.","Seattle, WA, United States",https://www.speedtest.net/result/c/48530604-e712-4ea2-ad1c-c56ae27fe568
2026-03-15T21:00:33.286829,astound,eth0,50.54,53.37,12.65,0.33,Nitel,"Seattle, WA, United States",https://www.speedtest.net/result/c/f457e7cb-7506-4be8-acac-f1b4ec68f4c1
2026-03-15T21:15:28.612788,astound,eth0,50.28,52.56,11.91,2.02,EZEE Fiber,"Seattle, WA, United States",https://www.speedtest.net/result/c/b887ab0a-982a-48f8-9031-b58baf18e3f1
2026-03-15T21:30:19.092551,astound,eth0,50.31,53.34,12.73,0.56,Nitel,"Seattle, WA, United States",https://www.speedtest.net/result/c/44994c16-be4a-4533-939d-c3408af7ad1d
2026-03-15T21:45:24.670843,astound,eth0,50.29,52.36,12.67,0.82,Ziply Fiber,"Seattle, WA, United States",https://www.speedtest.net/result/c/17f623be-fe75-4cf7-b751-2b7fd3b649f3
2026-03-15T22:00:22.490888,astound,eth0,50.29,52.45,19.58,2.65,Nitel,"Seattle, WA, United States",https://www.speedtest.net/result/c/54dd0900-c0e8-49b5-9213-4dd7f327c811
2026-03-15T22:15:27.798693,astound,eth0,50.34,52.24,12.21,1.24,Astound Broadband,"Seattle, WA, United States",https://www.speedtest.net/result/c/bdec4e28-9c15-4bde-b128-3da2bcab314c
2026-03-15T22:30:29.574653,astound,eth0,49.76,52.27,12.12,1.63,EZEE Fiber,"Seattle, WA, United States",https://www.speedtest.net/result/c/711f80e1-2e66-4e2a-8a18-048683a4bf36
2026-03-15T22:45:22.643383,astound,eth0,50.3,52.09,6.49,0.41,Nitel,"Seattle, WA, United States",https://www.speedtest.net/result/c/8d8cff7a-857e-475b-89ae-59883e22f40a
2026-03-15T23:00:26.875411,astound,eth0,50.45,52.22,12.34,1.78,"KamaTera, Inc.","Seattle, WA, United States",https://www.speedtest.net/result/c/609ed86f-8efb-46c0-89b5-2d747886715e
2026-03-15T23:15:26.480293,astound,eth0,50.15,52.28,11.8,1.92,Ziply Fiber,"Seattle, WA, United States",https://www.speedtest.net/result/c/a2495ed6-5a32-456d-bf52-80f848b365d6
2026-03-15T23:30:28.284016,astound,eth0,50.22,52.23,12.8,1.7,"KamaTera, Inc.","Seattle, WA, United States",https://www.speedtest.net/result/c/655d796b-17b6-4a48-bf55-1fc9699b9128
2026-03-15T23:45:29.520837,astound,eth0,50.12,52.26,13.66,0.88,EZEE Fiber,"Seattle, WA, United States",https://www.speedtest.net/result/c/fa79b227-ac66-4d16-b0aa-68756838623b
2026-03-16T00:00:30.542451,astound,eth0,50.12,52.25,10.08,2.67,EZEE Fiber,"Seattle, WA, United States",https://www.speedtest.net/result/c/0ee3011f-dee6-4935-8040-24343d514025
2026-03-16T00:15:30.057463,astound,eth0,50.34,54.12,11.54,1.22,Astound Broadband,"Seattle, WA, United States",https://www.speedtest.net/result/c/7559e942-497c-4902-b458-2adbeebb4fd9
2026-03-16T00:30:31.094385,astound,eth0,21.74,51.7,8.09,2.78,Astound Broadband,"Seattle, WA, United States",https://www.speedtest.net/result/c/c46b12c2-f2d8-4d54-80fb-76ce5b20b371
2026-03-16T00:45:27.853079,astound,eth0,50.33,52.3,12.06,1.65,Astound Broadband,"Seattle, WA, United States",https://www.speedtest.net/result/c/6896e0a0-c401-480a-b1c1-a954d7e1e877
2026-03-16T01:00:28.976266,astound,eth0,50.33,52.33,12.15,0.73,Astound Broadband,"Seattle, WA, United States",https://www.speedtest.net/result/c/0ced0d84-1ad5-4e57-b1b0-03bf4ed306e6
2026-03-16T01:15:23.740798,astound,eth0,50.31,52.21,12.92,1.19,"KamaTera, Inc.","Seattle, WA, United States",https://www.speedtest.net/result/c/ee507f58-3cba-4c1d-bbb2-b1d956392a90
2026-03-16T01:30:26.852265,astound,eth0,50.28,52.34,12.09,1.08,Ziply Fiber,"Seattle, WA, United States",https://www.speedtest.net/result/c/748f8300-7515-437b-84b7-2b0e2225fbb3
2026-03-16T01:45:24.263449,astound,eth0,49.37,52.32,12.22,1.41,Astound Broadband,"Seattle, WA, United States",https://www.speedtest.net/result/c/9b4aec02-7fae-40d4-8fd9-9e723b75b761
2026-03-16T02:00:23.994765,astound,eth0,50.18,52.91,12.74,1.15,GSL Networks,"Seattle, WA, United States",https://www.speedtest.net/result/c/2f2fe71f-8016-4592-8817-9c1885c261b3
2026-03-16T02:15:26.592615,astound,eth0,50.16,52.39,11.55,2.44,"KamaTera, Inc.","Seattle, WA, United States",https://www.speedtest.net/result/c/74c5a049-a8b9-4e5a-9f78-986297556653
2026-03-16T02:30:26.935406,astound,eth0,50.09,52.27,12.78,1.05,"KamaTera, Inc.","Seattle, WA, United States",https://www.speedtest.net/result/c/e8329b29-30df-4812-95c5-a0b4e749270d
2026-03-16T02:45:23.323619,astound,eth0,50.24,52.29,11.35,1.69,Ziply Fiber,"Seattle, WA, United States",https://www.speedtest.net/result/c/e83d693d-9655-4e71-81e5-7c7b1945d2f8
2026-03-16T03:00:28.397421,astound,eth0,50.3,52.34,12.91,0.47,Ziply Fiber,"Seattle, WA, United States",https://www.speedtest.net/result/c/8ccee994-305d-4bbf-b47d-ef3c441b234e
2026-03-16T03:15:23.081129,astound,eth0,50.3,52.48,12.85,0.74,Astound Broadband,"Seattle, WA, United States",https://www.speedtest.net/result/c/92de4eb9-e0fb-4fbc-9bdc-69e9bb5ca36a
2026-03-16T03:30:23.901389,astound,eth0,50.24,52.14,12.83,5.91,Astound Broadband,"Seattle, WA, United States",https://www.speedtest.net/result/c/5b7c1991-ad49-4f2c-9486-d6d3ff990bf2
2026-03-16T03:45:24.420743,astound,eth0,49.99,52.47,12.62,0.77,Astound Broadband,"Seattle, WA, United States",https://www.speedtest.net/result/c/f78b66a7-8bd7-4fa4-8138-40a1325ccb33
2026-03-16T04:00:26.344423,astound,eth0,50.09,52.9,12.51,0.61,Astound Broadband,"Seattle, WA, United States",https://www.speedtest.net/result/c/4c12407c-11fa-4199-b181-cc7bea7bbbeb
2026-03-16T04:15:25.959717,astound,eth0,50.35,33.87,12.62,0.8,GSL Networks,"Seattle, WA, United States",https://www.speedtest.net/result/c/a7b91120-a7c4-43eb-b971-e60f4dd99683
2026-03-16T04:30:28.016467,astound,eth0,50.13,40.68,12.28,1.33,Astound Broadband,"Seattle, WA, United States",https://www.speedtest.net/result/c/8260ce7e-adef-42d5-9b08-a2abde654362
2026-03-16T04:45:25.701028,astound,eth0,50.12,33.55,12.31,2.18,Ziply Fiber,"Seattle, WA, United States",https://www.speedtest.net/result/c/15c973d5-ab40-4dec-9896-618046d130f3
2026-03-16T05:00:25.792276,astound,eth0,49.92,51.3,12.51,1.38,Astound Broadband,"Seattle, WA, United States",https://www.speedtest.net/result/c/e54d5803-f583-4536-b5aa-320bcc4193dd
2026-03-16T05:15:25.992152,astound,eth0,50.26,52.08,6.55,1.24,GSL Networks,"Seattle, WA, United States",https://www.speedtest.net/result/c/eacf3028-ae86-494a-bfa1-16cbbfcfa70b
2026-03-16T05:30:24.376005,astound,eth0,50.0,52.4,12.7,2.18,GSL Networks,"Seattle, WA, United States",https://www.speedtest.net/result/c/ea9f4a42-79d1-4f05-aeb7-7f59f6bf3993
2026-03-16T05:45:30.587147,astound,eth0,48.69,52.24,12.98,1.12,EZEE Fiber,"Seattle, WA, United States",https://www.speedtest.net/result/c/c149f230-6b37-44fd-be17-0aee379e123e
2026-03-16T06:00:25.587009,astound,eth0,50.41,52.17,13.17,0.51,Ziply Fiber,"Seattle, WA, United States",https://www.speedtest.net/result/c/3e92fff1-238a-461e-a1c3-7af84ec8b648
2026-03-16T06:15:26.193870,astound,eth0,50.37,52.29,12.05,1.91,Ziply Fiber,"Seattle, WA, United States",https://www.speedtest.net/result/c/da024633-7faa-4a2d-8e8a-fca0195d9e2e
2026-03-16T06:30:26.259121,astound,eth0,50.25,52.33,10.01,2.29,Ziply Fiber,"Seattle, WA, United States",https://www.speedtest.net/result/c/344ce2ff-3d7b-4889-a802-304e3be2bba7
2026-03-16T06:45:25.641408,astound,eth0,50.36,52.37,13.12,0.5,GSL Networks,"Seattle, WA, United States",https://www.speedtest.net/result/c/de1246a6-ec92-45ac-844d-7339b695dc7d
2026-03-16T07:00:25.313866,astound,eth0,48.96,52.39,12.24,3.9,Astound Broadband,"Seattle, WA, United States",https://www.speedtest.net/result/c/3d659804-f585-4ec6-ae8b-d67b6340788f
2026-03-16T07:15:28.447355,astound,eth0,50.34,52.33,12.6,5.25,Astound Broadband,"Seattle, WA, United States",https://www.speedtest.net/result/c/a7cf47f1-ecef-408b-8ae9-ae9936de55b4
2026-03-16T07:30:24.769206,astound,eth0,50.22,52.24,12.29,4.08,Ziply Fiber,"Seattle, WA, United States",https://www.speedtest.net/result/c/297f2d82-9e71-4621-81c3-5f9b9175172c
2026-03-16T07:45:24.960051,astound,eth0,50.06,52.32,12.67,1.38,GSL Networks,"Seattle, WA, United States",https://www.speedtest.net/result/c/0e5ee634-4ff5-42ce-a048-919628df221b
2026-03-16T08:00:30.926837,astound,eth0,49.75,53.14,12.97,0.91,Astound Broadband,"Seattle, WA, United States",https://www.speedtest.net/result/c/1b4a8499-1991-4b13-b780-4b6e9fab63b9
2026-03-16T08:15:21.685206,astound,eth0,50.38,54.7,12.62,1.46,"KamaTera, Inc.","Seattle, WA, United States",https://www.speedtest.net/result/c/1888a1d9-7291-4845-90ae-84a8ff26d24f
2026-03-16T08:30:29.348277,astound,eth0,47.43,52.06,16.62,0.7,Ziply Fiber,"Seattle, WA, United States",https://www.speedtest.net/result/c/5c4b7748-9cce-4333-a7b3-f7663354d494
2026-03-16T08:45:27.427779,astound,eth0,50.27,52.3,12.77,0.58,Ziply Fiber,"Seattle, WA, United States",https://www.speedtest.net/result/c/e42ac363-0ed6-4cf7-8ae0-30171bf9fe8a
2026-03-16T09:00:24.376941,astound,eth0,50.08,52.11,12.84,0.88,GSL Networks,"Seattle, WA, United States",https://www.speedtest.net/result/c/4e8226b2-5f7c-4c0e-82c5-819ab2cb1784
2026-03-16T09:15:28.047735,astound,eth0,48.75,49.54,7.54,1.99,Ziply Fiber,"Seattle, WA, United States",https://www.speedtest.net/result/c/cf6e5619-e959-4f79-bf3d-345fa09c2ef7
2026-03-16T09:30:25.731029,astound,eth0,49.87,52.26,11.37,3.43,EZEE Fiber,"Seattle, WA, United States",https://www.speedtest.net/result/c/5729e114-148d-4bf8-9fa9-f1084f419ee1
2026-03-16T09:45:26.156902,astound,eth0,49.41,52.33,10.48,3.37,Astound Broadband,"Seattle, WA, United States",https://www.speedtest.net/result/c/3ffe167f-44b9-4701-9a30-183bab396e91
2026-03-16T10:00:24.236039,astound,eth0,49.93,52.33,12.74,1.07,GSL Networks,"Seattle, WA, United States",https://www.speedtest.net/result/c/bf040be1-9416-4aee-aed7-df5c785727a8
2026-03-16T10:15:26.686778,astound,eth0,50.18,52.28,12.21,1.03,Ziply Fiber,"Seattle, WA, United States",https://www.speedtest.net/result/c/cea5de78-6fbe-400f-b31f-fc2d4b1f6139
2026-03-16T10:30:23.289721,astound,eth0,48.26,51.57,6.62,2.11,Astound Broadband,"Seattle, WA, United States",https://www.speedtest.net/result/c/9efcf5d6-6298-463f-bede-ca055eee12e3
2026-03-16T10:45:24.887877,astound,eth0,48.57,51.8,9.45,4.21,Ziply Fiber,"Seattle, WA, United States",https://www.speedtest.net/result/c/b219d090-f169-4887-88ce-fe0717ab4813
2026-03-16T11:00:28.849550,astound,eth0,48.9,51.07,9.7,1.48,"KamaTera, Inc.","Seattle, WA, United States",https://www.speedtest.net/result/c/b384e8a2-a3de-4814-ac0c-1b89536a0788
2026-03-16T11:15:25.679099,astound,eth0,50.3,51.95,11.31,1.6,Ziply Fiber,"Seattle, WA, United States",https://www.speedtest.net/result/c/8fa1aaac-7806-46f6-9e41-6c909721edb9
2026-03-16T11:30:24.548256,astound,eth0,49.21,51.79,12.81,2.03,Astound Broadband,"Seattle, WA, United States",https://www.speedtest.net/result/c/7b78dde1-078c-4c0f-8927-2d7dbe0d3b22
2026-03-16T11:45:23.448962,astound,eth0,48.73,51.07,10.65,4.86,Astound Broadband,"Seattle, WA, United States",https://www.speedtest.net/result/c/5a6d4a56-0d45-4145-9e99-17e43545e8cf
2026-03-16T12:00:32.589139,astound,eth0,49.5,52.29,12.12,6.05,Astound Broadband,"Seattle, WA, United States",https://www.speedtest.net/result/c/6472848e-6254-4191-8dc5-df1a4fb83558
2026-03-16T12:15:30.569985,astound,eth0,44.23,49.95,7.25,2.91,Astound Broadband,"Seattle, WA, United States",https://www.speedtest.net/result/c/41c29191-aa81-4ba7-a316-3ccd7e3785b6
2026-03-16T12:30:35.417497,astound,eth0,33.88,48.23,7.64,2.53,GSL Networks,"Seattle, WA, United States",https://www.speedtest.net/result/c/06248ce7-1758-4a90-8b45-2b411aa2873b
2026-03-16T12:45:28.057362,astound,eth0,43.11,52.13,16.18,6.19,Ziply Fiber,"Seattle, WA, United States",https://www.speedtest.net/result/c/c606ca46-9802-4ebf-8734-a1d976c20f79
2026-03-16T13:00:34.689806,astound,eth0,43.1,52.29,25.04,2.39,Nitel,"Seattle, WA, United States",https://www.speedtest.net/result/c/dc4c1995-e69a-40db-8e17-260d153300d4
2026-03-16T13:15:35.632560,astound,eth0,40.27,52.15,20.29,4.63,Astound Broadband,"Seattle, WA, United States",https://www.speedtest.net/result/c/4d7d69b2-2e31-4e8d-a72d-b194372d7af9
2026-03-16T13:30:25.856683,astound,eth0,46.69,48.29,7.97,2.88,Ziply Fiber,"Seattle, WA, United States",https://www.speedtest.net/result/c/95312273-7071-4f24-9d2e-d31df6af53ab
2026-03-16T13:45:27.437818,astound,eth0,46.36,50.83,11.33,2.05,Nitel,"Seattle, WA, United States",https://www.speedtest.net/result/c/d65690aa-e806-46d7-9c32-948ad2858fb8
2026-03-16T14:00:35.071261,astound,eth0,39.92,52.22,12.84,0.61,Astound Broadband,"Seattle, WA, United States",https://www.speedtest.net/result/c/d2f371e9-4392-4811-91b5-3ce22d3fde2f
2026-03-16T14:15:32.356731,astound,eth0,43.56,52.32,11.88,2.46,Ziply Fiber,"Seattle, WA, United States",https://www.speedtest.net/result/c/e28c5752-2e89-42a5-b328-ddcdcf0cce33
2026-03-16T14:30:31.218989,astound,eth0,43.52,52.26,19.13,4.13,Nitel,"Seattle, WA, United States",https://www.speedtest.net/result/c/76359c46-4c80-435f-a65f-49bb27e217c5
2026-03-16T14:45:32.737700,astound,eth0,30.46,52.17,14.63,5.39,GSL Networks,"Seattle, WA, United States",https://www.speedtest.net/result/c/71682e44-b371-4964-a0b5-6a78c40133fc
2026-03-16T15:00:34.186502,astound,eth0,43.34,51.42,28.32,5.95,Nitel,"Seattle, WA, United States",https://www.speedtest.net/result/c/a601fbf2-7a2b-4fc3-9a9e-6d8531a3cc8c
2026-03-16T15:15:25.496018,astound,eth0,50.29,52.19,12.98,0.45,"KamaTera, Inc.","Seattle, WA, United States",https://www.speedtest.net/result/c/9798831f-6442-44a9-8292-09d926f68c74
2026-03-16T15:30:34.861281,astound,eth0,45.75,52.22,25.32,5.35,Ziply Fiber,"Seattle, WA, United States",https://www.speedtest.net/result/c/7a192a9c-b911-4535-9623-5d2dbdeb8fea
2026-03-16T15:45:26.312004,astound,eth0,41.52,52.12,12.66,0.83,Ziply Fiber,"Seattle, WA, United States",https://www.speedtest.net/result/c/21c528ff-a296-4c72-9932-124f9cd49863
2026-03-16T16:00:36.377495,astound,eth0,44.59,52.31,15.81,3.93,Astound Broadband,"Seattle, WA, United States",https://www.speedtest.net/result/c/2af4ee15-195d-460d-8c0e-3360e8d1e380
2026-03-16T16:15:30.234062,astound,eth0,46.39,52.24,35.59,8.72,Nitel,"Seattle, WA, United States",https://www.speedtest.net/result/c/4a3771b7-0aa6-4fa7-a3b7-4c0f70b888d4
2026-03-16T16:30:32.396093,astound,eth0,44.25,52.3,12.73,1.6,"KamaTera, Inc.","Seattle, WA, United States",https://www.speedtest.net/result/c/e3c36b5e-15d2-46e7-bab8-cc179185de8d
2026-03-16T16:45:35.139898,astound,eth0,45.21,50.63,15.89,11.83,Nitel,"Seattle, WA, United States",https://www.speedtest.net/result/c/c63f427a-e9fc-4c90-ab6e-18f7367d338e
2026-03-16T17:00:30.030048,astound,eth0,43.65,52.41,26.29,1.49,Nitel,"Seattle, WA, United States",https://www.speedtest.net/result/c/334813bd-b978-4755-8770-61ce14fb37e7
2026-03-16T17:15:36.656264,astound,eth0,34.82,52.18,11.5,1.43,Astound Broadband,"Seattle, WA, United States",https://www.speedtest.net/result/c/6394eb31-dc0f-48d1-b9d3-057f88890b3c
2026-03-16T17:30:29.078585,astound,eth0,42.89,52.04,34.99,4.74,Nitel,"Seattle, WA, United States",https://www.speedtest.net/result/c/ee9ace14-ddae-494c-b185-58fbab6db18a
2026-03-16T17:45:36.286474,astound,eth0,41.53,52.48,17.04,7.91,"KamaTera, Inc.","Seattle, WA, United States",https://www.speedtest.net/result/c/f58fab0d-5d4f-4035-a3c1-37cb1b233cf8
2026-03-16T18:00:37.653824,astound,eth0,40.03,52.6,13.31,2.49,Ziply Fiber,"Seattle, WA, United States",https://www.speedtest.net/result/c/3f0a2603-3886-47fd-9c64-52f9aba86fa2
2026-03-16T18:15:29.534157,astound,eth0,49.53,52.13,12.37,1.99,GSL Networks,"Seattle, WA, United States",https://www.speedtest.net/result/c/6d347099-1968-4158-99f2-b466cfb8d130
2026-03-16T18:30:26.693801,astound,eth0,50.2,52.33,11.52,1.29,Ziply Fiber,"Seattle, WA, United States",https://www.speedtest.net/result/c/1c2452e7-d117-4ac8-bca1-84a5eb3af0b7
2026-03-16T18:45:27.614532,astound,eth0,49.38,52.17,12.16,1.92,"KamaTera, Inc.","Seattle, WA, United States",https://www.speedtest.net/result/c/36d7fb1d-416a-4bf7-b3a7-0ec409397849
2026-03-16T19:00:29.401685,astound,eth0,47.58,52.49,12.89,3.27,Astound Broadband,"Seattle, WA, United States",https://www.speedtest.net/result/c/09f015f8-f768-40a0-93cc-51b01a393e40
2026-03-16T19:15:33.861299,astound,eth0,43.87,51.6,12.91,1.31,Astound Broadband,"Seattle, WA, United States",https://www.speedtest.net/result/c/03259e42-bdb2-42af-bcec-3b5268f18a28
2026-03-16T19:30:23.713900,astound,eth0,50.37,52.24,12.89,1.46,Ziply Fiber,"Seattle, WA, United States",https://www.speedtest.net/result/c/2ae689c4-5606-4e89-9560-a6aa5a7d3c9f
2026-03-16T19:45:25.268586,astound,eth0,50.26,52.18,11.68,1.96,Nitel,"Seattle, WA, United States",https://www.speedtest.net/result/c/2cc0ec13-115d-4750-95ed-90103daab008
2026-03-16T20:00:25.613703,astound,eth0,50.39,52.32,36.65,3.79,EZEE Fiber,"Seattle, WA, United States",https://www.speedtest.net/result/c/ccc29011-df85-4a2a-8aa1-37d6f6dbe564
2026-03-16T20:15:32.447703,astound,eth0,49.71,52.15,12.59,1.69,EZEE Fiber,"Seattle, WA, United States",https://www.speedtest.net/result/c/08603d3d-634c-4ff6-84f7-5a1ab0f72102
2026-03-16T20:30:26.312168,astound,eth0,47.22,52.16,12.28,1.38,"KamaTera, Inc.","Seattle, WA, United States",https://www.speedtest.net/result/c/8cc717d6-940a-4859-9bb5-8c90b161f2a3
2026-03-16T20:45:33.279095,astound,eth0,47.69,52.17,10.98,2.36,Ziply Fiber,"Seattle, WA, United States",https://www.speedtest.net/result/c/5c6181d3-c245-4af5-b861-7965eef1f6b1
2026-03-16T21:00:34.393986,astound,eth0,48.49,53.45,12.32,4.21,EZEE Fiber,"Seattle, WA, United States",https://www.speedtest.net/result/c/924c55ef-b7dc-4246-a16e-008945b9c555
2026-03-16T21:15:33.004807,astound,eth0,45.77,52.03,13.87,1.71,EZEE Fiber,"Seattle, WA, United States",https://www.speedtest.net/result/c/a2d7ff88-e99a-4520-b1a4-be2052fd0945
2026-03-16T21:30:26.115096,astound,eth0,45.45,53.41,13.14,0.49,Nitel,"Seattle, WA, United States",https://www.speedtest.net/result/c/bf52c785-9efe-4f16-b17f-1e3bc395f516
2026-03-16T21:45:26.002552,astound,eth0,49.33,52.23,12.82,1.14,Ziply Fiber,"Seattle, WA, United States",https://www.speedtest.net/result/c/233a712b-f3eb-47b9-9679-1303da64c1af
2026-03-16T22:00:28.701540,astound,eth0,49.33,52.25,12.06,1.73,EZEE Fiber,"Seattle, WA, United States",https://www.speedtest.net/result/c/564903aa-321f-4fb0-9a5d-1510aec9334c
2026-03-16T22:15:37.562283,astound,eth0,45.78,52.26,11.42,0.62,Astound Broadband,"Seattle, WA, United States",https://www.speedtest.net/result/c/15a0e5d9-21f6-4c84-83c3-cc74847b1901
2026-03-16T22:30:26.983104,astound,eth0,47.68,52.65,13.08,3.85,Nitel,"Seattle, WA, United States",https://www.speedtest.net/result/c/0fb00c7a-d263-4796-ae97-54292f88d9f4
2026-03-16T22:45:29.783568,astound,eth0,50.17,52.27,12.8,0.74,"KamaTera, Inc.","Seattle, WA, United States",https://www.speedtest.net/result/c/c585c16d-5e05-48d5-8967-b116bce50103
2026-03-16T23:00:24.755820,astound,eth0,49.16,52.16,12.02,2.23,Astound Broadband,"Seattle, WA, United States",https://www.speedtest.net/result/c/00266562-6156-442d-971a-5c8437550156
2026-03-16T23:15:26.508688,astound,eth0,50.01,52.47,12.92,0.39,Nitel,"Seattle, WA, United States",https://www.speedtest.net/result/c/b05e30e0-daae-44a6-8f19-ad609d440777
2026-03-16T23:30:24.879264,astound,eth0,50.25,52.42,12.88,1.21,Ziply Fiber,"Seattle, WA, United States",https://www.speedtest.net/result/c/95d612cb-3841-4c74-b9cf-67669a0e1183
2026-03-16T23:45:27.832933,astound,eth0,50.35,52.76,78.53,165.23,Nitel,"Seattle, WA, United States",https://www.speedtest.net/result/c/04565cfc-4f8f-48ee-98d2-c0299455f42f
2026-03-17T00:00:26.421040,astound,eth0,50.21,53.05,12.99,1.28,Ziply Fiber,"Seattle, WA, United States",https://www.speedtest.net/result/c/847d67fd-f0d7-4424-a6fc-05728916c3d4
2026-03-17T00:15:22.724089,astound,eth0,49.58,52.55,12.64,1.09,Nitel,"Seattle, WA, United States",https://www.speedtest.net/result/c/4258377b-14d0-4ad4-b65e-13215cd373a8
2026-03-17T00:30:23.518330,astound,eth0,50.26,52.33,12.87,1.25,Ziply Fiber,"Seattle, WA, United States",https://www.speedtest.net/result/c/5fb90895-40e4-479f-8a45-5a5f60c4f0d6
2026-03-17T00:45:26.827088,astound,eth0,50.14,52.23,12.2,1.22,"KamaTera, Inc.","Seattle, WA, United States",https://www.speedtest.net/result/c/b66fda51-b8b8-429e-ad4b-5b5333360edf
2026-03-17T01:00:30.762234,astound,eth0,50.37,52.13,12.0,1.79,"KamaTera, Inc.","Seattle, WA, United States",https://www.speedtest.net/result/c/d9d36452-45e5-4d7f-8a7e-42066730f764
2026-03-17T01:15:23.090036,astound,eth0,50.28,52.24,12.43,1.28,Ziply Fiber,"Seattle, WA, United States",https://www.speedtest.net/result/c/401e41eb-3e7e-4547-ad85-1a502ff7745a
2026-03-17T01:30:26.773374,astound,eth0,50.28,52.37,12.13,1.79,Nitel,"Seattle, WA, United States",https://www.speedtest.net/result/c/65973854-d84c-4745-8c31-62d2f14e8c03
2026-03-17T01:45:22.990445,astound,eth0,50.27,52.14,12.81,1.12,GSL Networks,"Seattle, WA, United States",https://www.speedtest.net/result/c/a6dea6f1-79e6-406f-b2f2-1fb6ae348de8
2026-03-17T02:00:21.248849,astound,eth0,49.22,52.24,12.89,0.21,Nitel,"Seattle, WA, United States",https://www.speedtest.net/result/c/1ab8ae35-e85d-4706-8e8d-19858c32c627
2026-03-17T02:15:20.649820,astound,eth0,50.35,52.27,10.91,1.12,Nitel,"Seattle, WA, United States",https://www.speedtest.net/result/c/f56b2134-21af-4a6e-8cc7-9281476a1ce1
2026-03-17T02:30:25.713419,astound,eth0,50.3,52.2,6.49,1.79,"KamaTera, Inc.","Seattle, WA, United States",https://www.speedtest.net/result/c/7a190d5f-c88f-4459-8af8-04513e959a3e
2026-03-17T02:45:23.658156,astound,eth0,50.37,52.17,12.78,2.44,Nitel,"Seattle, WA, United States",https://www.speedtest.net/result/c/7fac0e49-290c-4ec5-b0ed-5ab92ae8a699
2026-03-17T03:00:26.453256,astound,eth0,50.33,52.25,12.52,1.4,Astound Broadband,"Seattle, WA, United States",https://www.speedtest.net/result/c/2c96327f-93a8-403b-bdc5-81d7202768b7
2026-03-17T03:15:26.832070,astound,eth0,50.5,52.26,12.88,0.5,Astound Broadband,"Seattle, WA, United States",https://www.speedtest.net/result/c/33de8a8d-4998-4e3d-8e3f-da689c7610cc
2026-03-17T03:30:26.987219,astound,eth0,50.29,52.3,12.72,0.94,"KamaTera, Inc.","Seattle, WA, United States",https://www.speedtest.net/result/c/8467c998-1232-4d5c-9b9d-884d4d7d9d61
2026-03-17T03:45:23.199349,astound,eth0,50.25,52.2,12.75,1.28,Ziply Fiber,"Seattle, WA, United States",https://www.speedtest.net/result/c/5757caf4-c03f-4b85-9eeb-5c818718128a
2026-03-17T04:00:25.842189,astound,eth0,50.31,52.32,12.99,1.33,Ziply Fiber,"Seattle, WA, United States",https://www.speedtest.net/result/c/a500d60f-a288-4ccc-bf8d-32ced364bd95
2026-03-17T04:15:24.740191,astound,eth0,50.23,52.2,11.45,1.57,Ziply Fiber,"Seattle, WA, United States",https://www.speedtest.net/result/c/7114a936-0fe0-4ed0-b526-57d049fdc4a3
2026-03-17T04:30:25.985496,astound,eth0,49.36,52.23,12.89,1.14,EZEE Fiber,"Seattle, WA, United States",https://www.speedtest.net/result/c/e4f1c823-c8d2-4637-9686-f48c86211ada
2026-03-17T04:45:28.628233,astound,eth0,50.21,52.22,12.88,1.19,Astound Broadband,"Seattle, WA, United States",https://www.speedtest.net/result/c/3c333b12-8002-4e90-9cfc-6925532cc047
2026-03-17T05:00:28.615345,astound,eth0,50.04,52.42,12.92,0.08,Astound Broadband,"Seattle, WA, United States",https://www.speedtest.net/result/c/699c515d-d376-46dc-bf0f-3c307aec587e
2026-03-17T05:15:27.007178,astound,eth0,50.47,52.27,12.87,1.08,Ziply Fiber,"Seattle, WA, United States",https://www.speedtest.net/result/c/29d905b9-a584-489e-9255-457181e6d679
2026-03-17T05:30:26.591931,astound,eth0,49.96,52.26,14.14,2.84,Comcast,"Seattle, WA, United States",https://www.speedtest.net/result/c/db9e6efa-eb6f-4c38-ae75-118b67003817
2026-03-17T05:45:28.566101,astound,eth0,50.17,52.18,11.45,4.02,"KamaTera, Inc.","Seattle, WA, United States",https://www.speedtest.net/result/c/8669be64-8d06-4e0b-a3f3-53e4ad4e38a7
2026-03-17T06:00:27.704797,astound,eth0,50.0,52.23,12.89,0.49,Astound Broadband,"Seattle, WA, United States",https://www.speedtest.net/result/c/01d65ff6-1dbc-4c04-b06a-2663d5eec036
2026-03-17T06:15:26.019445,astound,eth0,49.77,52.23,12.97,0.13,"KamaTera, Inc.","Seattle, WA, United States",https://www.speedtest.net/result/c/c5c99583-b05b-4fec-adae-bfc9c46c2b6c
2026-03-17T06:30:26.363967,astound,eth0,50.03,52.3,12.15,2.68,Ziply Fiber,"Seattle, WA, United States",https://www.speedtest.net/result/c/bcb46749-23d0-44b6-a56e-7a8583d124b9
2026-03-17T06:45:26.890078,astound,eth0,50.37,52.32,12.81,1.01,Nitel,"Seattle, WA, United States",https://www.speedtest.net/result/c/7215792c-2fcf-4de6-815e-9a2671e110fd
2026-03-17T07:00:24.387948,astound,eth0,50.26,52.2,11.36,1.47,Ziply Fiber,"Seattle, WA, United States",https://www.speedtest.net/result/c/325fc542-045f-46ef-ac42-adcd50d14751
2026-03-17T07:15:25.503080,astound,eth0,50.27,52.32,12.2,1.78,"KamaTera, Inc.","Seattle, WA, United States",https://www.speedtest.net/result/c/654137b9-41a5-4bd9-90ce-ce855a2f9010
2026-03-17T07:30:21.137447,astound,eth0,50.11,52.21,12.84,0.86,Nitel,"Seattle, WA, United States",https://www.speedtest.net/result/c/04e1f711-ee02-4358-a0e5-673469ea82d2
2026-03-17T07:45:26.049071,astound,eth0,50.29,52.26,12.49,3.02,Ziply Fiber,"Seattle, WA, United States",https://www.speedtest.net/result/c/e5ddb90b-e9b3-490c-ae90-4e0f401142f7
2026-03-17T08:00:29.321889,astound,eth0,50.16,52.27,12.21,0.63,Astound Broadband,"Seattle, WA, United States",https://www.speedtest.net/result/c/c0a14a08-4b3e-4977-a371-f17f0a9344d1
2026-03-17T08:15:25.401058,astound,eth0,50.39,52.29,12.49,0.6,GSL Networks,"Seattle, WA, United States",https://www.speedtest.net/result/c/3eee0628-9938-40f8-9297-fdc94d5b2424
2026-03-17T08:30:23.381954,astound,eth0,47.43,52.26,12.91,0.39,Nitel,"Seattle, WA, United States",https://www.speedtest.net/result/c/bfe659d4-9b6c-4f52-bca8-4228d87d27c8
2026-03-17T08:45:25.427267,astound,eth0,50.23,52.09,12.92,2.4,Ziply Fiber,"Seattle, WA, United States",https://www.speedtest.net/result/c/bfc932dc-1eb9-4508-b8d9-4a72a6820032
2026-03-17T09:00:26.345717,astound,eth0,49.82,52.18,12.9,1.95,Nitel,"Seattle, WA, United States",https://www.speedtest.net/result/c/60994426-2e57-49b9-aee8-5ddef9554b23
2026-03-17T09:15:26.407404,astound,eth0,49.77,51.17,12.9,4.02,EZEE Fiber,"Seattle, WA, United States",https://www.speedtest.net/result/c/a3558564-4822-451a-9f07-dc2031130543
2026-03-17T09:30:26.682832,astound,eth0,50.07,52.01,12.2,1.42,Astound Broadband,"Seattle, WA, United States",https://www.speedtest.net/result/c/9d3e8d2c-c7cd-485e-a7c6-ed84c37674e3
2026-03-17T09:45:27.244685,astound,eth0,50.04,52.06,10.79,3.24,Astound Broadband,"Seattle, WA, United States",https://www.speedtest.net/result/c/0fa15e48-881f-403a-bb51-d82d93924a6c
2026-03-17T10:00:27.114140,astound,eth0,50.21,52.3,12.62,1.0,Nitel,"Seattle, WA, United States",https://www.speedtest.net/result/c/e4518f6a-8fcc-493a-a092-00660e85151d
2026-03-17T10:15:26.023550,astound,eth0,48.47,50.79,10.27,3.53,Astound Broadband,"Seattle, WA, United States",https://www.speedtest.net/result/c/f702fa1c-d0e8-4312-a477-46f8c522eaff
2026-03-17T10:30:25.748507,astound,eth0,49.62,52.18,12.64,1.92,Astound Broadband,"Seattle, WA, United States",https://www.speedtest.net/result/c/55650e31-339f-476f-8f25-8af2e5245e07
2026-03-17T10:45:24.207532,astound,eth0,49.05,51.05,6.62,1.34,GSL Networks,"Seattle, WA, United States",https://www.speedtest.net/result/c/b82d2ef0-6d54-4fa6-9170-b3b4cd6b66b7
2026-03-17T11:00:29.798537,astound,eth0,49.83,52.14,11.63,1.5,EZEE Fiber,"Seattle, WA, United States",https://www.speedtest.net/result/c/6b37f1cf-7b26-4b67-b559-7870588f76e7
2026-03-17T11:15:26.984221,astound,eth0,49.18,52.13,10.67,2.7,EZEE Fiber,"Seattle, WA, United States",https://www.speedtest.net/result/c/9c2c7f64-9f40-4d72-a341-f2f7adfe028e
2026-03-17T11:30:26.494863,astound,eth0,48.48,50.49,7.26,2.26,Ziply Fiber,"Seattle, WA, United States",https://www.speedtest.net/result/c/c172d3c6-a285-41df-82d8-eaaf43667789
2026-03-17T11:45:23.977041,astound,eth0,48.82,50.38,10.4,3.02,Nitel,"Seattle, WA, United States",https://www.speedtest.net/result/c/afda3fc9-a081-49ea-a292-d6e44d377908
2026-03-17T12:00:23.452204,astound,eth0,46.31,50.6,10.64,3.07,Astound Broadband,"Seattle, WA, United States",https://www.speedtest.net/result/c/0b15dc1c-acda-457f-9da8-2f5b46050503
2026-03-17T12:15:25.750493,astound,eth0,49.28,51.63,8.25,1.93,GSL Networks,"Seattle, WA, United States",https://www.speedtest.net/result/c/bf38e47b-2337-4873-a09c-87c58e8e00aa
2026-03-17T12:30:24.348274,astound,eth0,48.53,51.64,11.34,1.88,EZEE Fiber,"Seattle, WA, United States",https://www.speedtest.net/result/c/9e1ce1b9-9849-4e0b-98b8-ea7356e21a68
2026-03-17T12:45:32.020360,astound,eth0,50.44,21.39,12.99,0.07,"KamaTera, Inc.","Seattle, WA, United States",https://www.speedtest.net/result/c/6a883922-ce7b-4651-90ed-e1c3f65957f6
2026-03-17T13:00:25.523461,astound,eth0,50.29,38.09,12.99,1.3,Nitel,"Seattle, WA, United States",https://www.speedtest.net/result/c/925f6b18-010b-41e1-aee7-1ca610b95e11
2026-03-17T13:15:29.674451,astound,eth0,937.21,52.42,12.68,1.55,EZEE Fiber,"Seattle, WA, United States",https://www.speedtest.net/result/c/18fdb2d3-8c79-41fb-b450-e601d31e10c4
2026-03-17T13:30:29.934430,astound,eth0,110.08,52.24,12.18,1.98,Astound Broadband,"Seattle, WA, United States",https://www.speedtest.net/result/c/f5cf490f-53fa-41e4-8c18-5a0d74cb3bf3
2026-03-17T13:45:29.168710,astound,eth0,931.3,51.94,12.19,0.66,GSL Networks,"Seattle, WA, United States",https://www.speedtest.net/result/c/e5241482-81c8-491a-a199-87d6a1516828
2026-03-17T14:00:26.368864,astound,eth0,50.31,52.25,12.91,0.25,Astound Broadband,"Seattle, WA, United States",https://www.speedtest.net/result/c/2034ebac-2a51-4a40-83ea-ca2e7fcbb5bb
2026-03-17T14:15:22.816746,astound,eth0,50.33,51.02,10.24,2.94,Nitel,"Seattle, WA, United States",https://www.speedtest.net/result/c/00bbcb37-2e50-45f4-a0a8-bb814169bf11
2026-03-17T14:30:24.621985,astound,eth0,50.27,51.11,10.84,3.11,"KamaTera, Inc.","Seattle, WA, United States",https://www.speedtest.net/result/c/9ffc1ad3-6150-4edd-8c4d-b594daac57ca
2026-03-17T14:45:22.296210,astound,eth0,46.62,52.15,12.76,1.22,Nitel,"Seattle, WA, United States",https://www.speedtest.net/result/c/22ff42e8-42cf-40a7-8a1d-1995e4993e3b
2026-03-17T15:00:28.025830,astound,eth0,50.33,52.33,12.82,1.14,Astound Broadband,"Seattle, WA, United States",https://www.speedtest.net/result/c/080562fe-145f-455a-99a7-0933def8a07f
2026-03-17T15:15:31.040125,astound,eth0,47.24,52.26,12.31,0.63,Astound Broadband,"Seattle, WA, United States",https://www.speedtest.net/result/c/464140b3-247c-40b9-bd3f-d07a9b078def
2026-03-17T15:30:25.044014,astound,eth0,50.35,52.35,13.23,0.61,Ziply Fiber,"Seattle, WA, United States",https://www.speedtest.net/result/c/91ef129c-2307-43e6-97a1-f48fed06f018
2026-03-17T15:45:28.254404,astound,eth0,46.03,52.39,12.98,0.36,"KamaTera, Inc.","Seattle, WA, United States",https://www.speedtest.net/result/c/669fff4d-31e9-4602-ba83-c3a6be2da87b
2026-03-17T16:00:28.129971,astound,eth0,49.03,52.37,9.42,3.39,Nitel,"Seattle, WA, United States",https://www.speedtest.net/result/c/23db85e3-ac05-4d89-9fd9-b5fa27ebb463
2026-03-17T16:15:24.821991,astound,eth0,49.4,52.24,13.12,1.04,"KamaTera, Inc.","Seattle, WA, United States",https://www.speedtest.net/result/c/ecd212d7-245c-4a87-adda-35169efe5d94
2026-03-17T16:30:28.112974,astound,eth0,48.02,52.38,12.42,2.68,Astound Broadband,"Seattle, WA, United States",https://www.speedtest.net/result/c/6fa3fd03-8012-4015-80c5-ab529817f500
2026-03-17T16:45:34.974163,astound,eth0,49.64,51.43,12.91,0.24,Astound Broadband,"Seattle, WA, United States",https://www.speedtest.net/result/c/0d88d66c-6af7-4a03-86e5-85d0c5420258
2026-03-17T17:00:29.812927,astound,eth0,49.18,53.5,12.23,2.11,Astound Broadband,"Seattle, WA, United States",https://www.speedtest.net/result/c/70ac06cb-d232-4ca0-8afe-69cd54509803
2026-03-17T17:15:24.538998,astound,eth0,50.03,52.13,12.85,1.1,Ziply Fiber,"Seattle, WA, United States",https://www.speedtest.net/result/c/b90d95ad-adba-448f-a9df-b86a829dd4f4
2026-03-17T17:30:25.573533,astound,eth0,49.27,53.26,13.34,217.55,Ziply Fiber,"Seattle, WA, United States",https://www.speedtest.net/result/c/7f83b2d4-7864-4a68-b788-3cefc792182b
2026-03-17T17:45:37.419473,astound,eth0,47.45,52.29,12.76,0.91,Astound Broadband,"Seattle, WA, United States",https://www.speedtest.net/result/c/1ef22485-2872-44bf-b870-0275fa399fd5
2026-03-17T18:00:29.596470,astound,eth0,48.58,52.06,12.64,1.08,"KamaTera, Inc.","Seattle, WA, United States",https://www.speedtest.net/result/c/14993291-b728-4235-9c89-39aab4aa0520
2026-03-17T18:15:29.085702,astound,eth0,45.2,52.35,12.75,1.54,Ziply Fiber,"Seattle, WA, United States",https://www.speedtest.net/result/c/6cd0d1bf-5c9e-43a7-9a84-72ce7d35aade
2026-03-17T18:30:22.605322,astound,eth0,50.11,52.24,10.88,1.18,Nitel,"Seattle, WA, United States",https://www.speedtest.net/result/c/0c60c532-1600-4430-9060-b77a20f0e348
2026-03-17T18:45:30.303829,astound,eth0,49.54,50.78,12.57,1.15,"KamaTera, Inc.","Seattle, WA, United States",https://www.speedtest.net/result/c/af20fabd-0704-4968-8e1a-63cc865e6dd2
2026-03-17T19:00:31.491376,astound,eth0,44.8,52.17,48.26,3.84,"KamaTera, Inc.","Seattle, WA, United States",https://www.speedtest.net/result/c/37921930-6c3c-4045-98d3-5b0bca4d94ab
2026-03-17T19:15:36.734808,astound,eth0,45.11,52.21,12.13,2.82,Astound Broadband,"Seattle, WA, United States",https://www.speedtest.net/result/c/e2cb0933-81cf-46f3-9a70-2d78cf86a6dc
2026-03-17T19:30:23.373784,astound,eth0,48.93,51.98,7.11,1.59,Astound Broadband,"Seattle, WA, United States",https://www.speedtest.net/result/c/24ba5290-afe0-41c4-8db7-a8c404d2f307
2026-03-17T19:45:27.130491,astound,eth0,873.7,52.25,12.98,4.02,GSL Networks,"Seattle, WA, United States",https://www.speedtest.net/result/c/b90241ca-a19d-4155-80a6-1e7b3ea578d4
2026-03-17T20:00:38.336925,astound,eth0,880.02,52.3,7.61,0.76,Ziply Fiber,"Seattle, WA, United States",https://www.speedtest.net/result/c/2e374cf6-fe8b-49ca-b9cf-962c347475a8
2026-03-17T20:15:27.557686,astound,eth0,858.94,52.32,12.54,1.29,EZEE Fiber,"Seattle, WA, United States",https://www.speedtest.net/result/c/4108409b-449e-4c29-8296-43d2915a2a56
2026-03-17T20:30:29.773698,astound,eth0,907.16,52.21,13.34,2.02,EZEE Fiber,"Seattle, WA, United States",https://www.speedtest.net/result/c/364bf931-fcc1-474c-b79f-bd4d4a63e3ce
2026-03-17T20:45:33.753145,astound,eth0,842.73,52.1,13.03,4.51,Ziply Fiber,"Seattle, WA, United States",https://www.speedtest.net/result/c/4d6d0e28-35f2-44d9-8c71-e3dc510849ca
2026-03-17T21:00:32.914059,astound,eth0,905.94,52.29,12.26,1.06,Nitel,"Seattle, WA, United States",https://www.speedtest.net/result/c/b4035044-333a-4252-82f4-d682a1b883d0
2026-03-17T21:15:27.962056,astound,eth0,878.35,52.06,11.87,2.13,"KamaTera, Inc.","Seattle, WA, United States",https://www.speedtest.net/result/c/7878a3d1-3bf5-4f42-9c38-15c31100b449
2026-03-17T21:30:37.530222,astound,eth0,926.65,50.85,12.91,0.32,"KamaTera, Inc.","Seattle, WA, United States",https://www.speedtest.net/result/c/629848a8-158c-45ae-b840-36283f3991d9
2026-03-17T21:45:28.155516,astound,eth0,906.4,52.16,12.63,0.98,Ziply Fiber,"Seattle, WA, United States",https://www.speedtest.net/result/c/d33bb45c-a7ee-457f-86d8-dac6ade626ff
2026-03-17T22:00:34.067354,astound,eth0,900.87,52.11,12.93,0.57,"KamaTera, Inc.","Seattle, WA, United States",https://www.speedtest.net/result/c/8fe60f50-81a5-4ff9-b88f-71c5a30150b6
2026-03-17T22:15:32.691519,astound,eth0,237.27,52.17,12.09,2.72,Astound Broadband,"Seattle, WA, United States",https://www.speedtest.net/result/c/afead3c8-50d7-49a7-8981-0dd398d636ce
2026-03-17T22:30:28.685440,astound,eth0,904.41,52.16,13.65,0.87,EZEE Fiber,"Seattle, WA, United States",https://www.speedtest.net/result/c/9e8ee76d-e3d3-497a-ac79-eb17fcc8515b
2026-03-17T22:45:28.016386,astound,eth0,150.71,52.17,12.61,1.44,Astound Broadband,"Seattle, WA, United States",https://www.speedtest.net/result/c/119a40d0-b618-4b2c-8df9-3a400402037b
2026-03-17T23:00:38.760936,astound,eth0,916.04,51.85,14.26,0.54,Ziply Fiber,"Seattle, WA, United States",https://www.speedtest.net/result/c/8e3c26ff-7963-44ab-b7f4-fdb9b74e4dfd
2026-03-17T23:15:37.194709,astound,eth0,916.73,52.28,12.23,1.93,"KamaTera, Inc.","Seattle, WA, United States",https://www.speedtest.net/result/c/e9470359-9158-4d7f-bd20-f3f78f93f403
2026-03-17T23:30:30.750482,astound,eth0,134.04,51.79,12.23,0.62,Astound Broadband,"Seattle, WA, United States",https://www.speedtest.net/result/c/658216b9-d5c7-4794-a1e0-73e2c9f57b1e
2026-03-17T23:45:33.910770,astound,eth0,82.24,52.25,12.64,0.71,Astound Broadband,"Seattle, WA, United States",https://www.speedtest.net/result/c/0f2485c2-eb8c-4301-8bfa-2ccc5a23bff7
2026-03-18T00:00:34.991226,astound,eth0,97.57,52.31,12.43,0.66,Astound Broadband,"Seattle, WA, United States",https://www.speedtest.net/result/c/eab1a596-643d-425d-a71b-3c57698cfb79
2026-03-18T00:15:28.572315,astound,eth0,856.48,52.24,12.16,2.39,Nitel,"Seattle, WA, United States",https://www.speedtest.net/result/c/01253d7b-6954-46d7-963a-db80c4bc0f03
2026-03-18T00:30:30.823288,astound,eth0,170.79,52.2,6.55,1.14,Astound Broadband,"Seattle, WA, United States",https://www.speedtest.net/result/c/b9a98266-9728-4f53-a4d7-14d7d7b06393
2026-03-18T00:45:30.745980,astound,eth0,877.31,52.11,7.75,1.29,"KamaTera, Inc.","Seattle, WA, United States",https://www.speedtest.net/result/c/66a1b4b7-d26d-40a0-9c57-5e571bdda71d
2026-03-18T01:00:31.562032,astound,eth0,598.44,52.21,12.95,1.47,Astound Broadband,"Seattle, WA, United States",https://www.speedtest.net/result/c/b175fe44-4359-4bfe-a746-23a2b2f1cdc5
2026-03-18T01:15:28.977207,astound,eth0,879.86,52.0,12.74,0.77,"KamaTera, Inc.","Seattle, WA, United States",https://www.speedtest.net/result/c/9681bf04-7dd9-4f8d-b813-aed1b736e5f5
2026-03-18T01:30:26.308417,astound,eth0,935.21,52.24,12.91,0.18,Nitel,"Seattle, WA, United States",https://www.speedtest.net/result/c/f70e17a5-d160-417c-a04e-4ffa9eeff2de
2026-03-18T01:45:28.684720,astound,eth0,933.55,52.2,12.94,0.68,"KamaTera, Inc.","Seattle, WA, United States",https://www.speedtest.net/result/c/f0734e80-ad71-40c5-818a-0f88a47b61dd
2026-03-18T02:00:32.347819,astound,eth0,139.81,52.29,12.9,0.15,Astound Broadband,"Seattle, WA, United States",https://www.speedtest.net/result/c/621b9ddf-8627-4d62-8845-48c1cdd1fb49
2026-03-18T02:15:31.749246,astound,eth0,934.02,52.23,13.0,0.48,Ziply Fiber,"Seattle, WA, United States",https://www.speedtest.net/result/c/69f3f589-918e-4e3e-95fb-60fddeaa5da8
2026-03-18T02:30:24.430138,astound,eth0,120.78,52.39,12.44,1.11,Astound Broadband,"Seattle, WA, United States",https://www.speedtest.net/result/c/4ab25eea-6681-4526-b615-5bcec6b5d075
2026-03-18T02:45:30.389498,astound,eth0,930.14,52.32,12.23,1.35,Ziply Fiber,"Seattle, WA, United States",https://www.speedtest.net/result/c/7b138ea6-fb36-4f80-912b-8e17a8323b2b
2026-03-18T03:00:33.746874,astound,eth0,81.77,52.33,12.9,0.73,Astound Broadband,"Seattle, WA, United States",https://www.speedtest.net/result/c/259731d6-3810-4dee-b5b4-f8991ffda1db
2026-03-18T03:15:28.836398,astound,eth0,926.32,52.24,11.41,2.51,Ziply Fiber,"Seattle, WA, United States",https://www.speedtest.net/result/c/4c676662-b2d4-45dd-aba3-68b387d2b0ae
2026-03-18T03:30:30.524541,astound,eth0,117.82,52.28,12.77,3.31,Astound Broadband,"Seattle, WA, United States",https://www.speedtest.net/result/c/3585bd01-5fe0-451a-be4a-8074ef1d748b
2026-03-18T03:45:32.762447,astound,eth0,126.96,52.25,13.15,0.81,Astound Broadband,"Seattle, WA, United States",https://www.speedtest.net/result/c/d17ede80-07d0-4d62-b4fd-be713c0afb0b
2026-03-18T04:00:30.580683,astound,eth0,938.6,52.26,12.75,0.73,EZEE Fiber,"Seattle, WA, United States",https://www.speedtest.net/result/c/57890b94-f86a-4524-941b-622c6ba70c36
2026-03-18T04:15:26.980074,astound,eth0,941.34,52.24,13.23,0.84,Ziply Fiber,"Seattle, WA, United States",https://www.speedtest.net/result/c/b7d68bfb-1764-4c16-a267-c1329f0c0a92
2026-03-18T04:30:30.366708,astound,eth0,939.96,52.34,12.9,0.59,Ziply Fiber,"Seattle, WA, United States",https://www.speedtest.net/result/c/4e3ab0fa-6b31-421f-810b-bdb619a09582
2026-03-18T04:45:33.186393,astound,eth0,949.92,52.32,11.61,1.84,GSL Networks,"Seattle, WA, United States",https://www.speedtest.net/result/c/5594d656-e258-44fd-bf88-d73e964c7b9c
2026-03-18T05:00:35.140912,astound,eth0,241.26,52.39,12.99,4.37,Astound Broadband,"Seattle, WA, United States",https://www.speedtest.net/result/c/bacdd516-1cfb-4875-a56f-927f41c636d9
2026-03-18T05:15:32.831416,astound,eth0,426.84,52.31,12.09,109.55,Astound Broadband,"Seattle, WA, United States",https://www.speedtest.net/result/c/615a8b3e-bbf8-4aab-aa57-cf76a3fadbfd
2026-03-18T05:30:26.849328,astound,eth0,927.18,52.32,12.99,0.21,Astound Broadband,"Seattle, WA, United States",https://www.speedtest.net/result/c/3cda7269-a833-4f2b-8baa-a6fa63457fe1
2026-03-18T05:45:33.101315,astound,eth0,926.48,52.29,12.01,1.0,Ziply Fiber,"Seattle, WA, United States",https://www.speedtest.net/result/c/46d6a5d5-fe02-40ed-8161-2c059f1dd5ab
2026-03-18T06:00:31.939782,astound,eth0,940.37,52.3,12.65,1.04,"KamaTera, Inc.","Seattle, WA, United States",https://www.speedtest.net/result/c/b759ca45-c4fd-4cf2-8edb-f1a2973648dd
2026-03-18T06:15:29.544557,astound,eth0,932.04,52.09,12.54,0.85,Ziply Fiber,"Seattle, WA, United States",https://www.speedtest.net/result/c/a63d7da3-b870-46eb-848f-500ba6075ed7
2026-03-18T06:30:29.080137,astound,eth0,465.39,52.27,12.07,1.16,Astound Broadband,"Seattle, WA, United States",https://www.speedtest.net/result/c/81f85fc8-f23e-4500-9e01-97c008fadaa6
2026-03-18T06:45:31.720136,astound,eth0,281.55,52.17,7.3,2.79,Astound Broadband,"Seattle, WA, United States",https://www.speedtest.net/result/c/04de9f82-facc-412e-af53-a1bc7fa12797
2026-03-18T07:00:31.922577,astound,eth0,918.59,52.31,12.92,1.28,Nitel,"Seattle, WA, United States",https://www.speedtest.net/result/c/24200d0b-d731-4065-8418-ef5081e733c4
2026-03-18T07:15:22.957877,astound,eth0,914.13,52.28,11.43,1.64,Nitel,"Seattle, WA, United States",https://www.speedtest.net/result/c/ec1ca23b-7d65-4465-b940-405296804e74
2026-03-18T07:30:29.041956,astound,eth0,85.87,52.35,12.97,1.21,Astound Broadband,"Seattle, WA, United States",https://www.speedtest.net/result/c/27c1133d-1e99-4c31-9716-ea174bb19063
2026-03-18T07:45:30.677067,astound,eth0,92.65,52.86,12.1,2.16,Astound Broadband,"Seattle, WA, United States",https://www.speedtest.net/result/c/cd06be0d-75ec-40ed-8ad9-fdd4fdd75cc6
2026-03-18T08:00:41.772026,astound,eth0,927.51,48.49,12.98,1.17,"KamaTera, Inc.","Seattle, WA, United States",https://www.speedtest.net/result/c/62494fff-9464-4dd3-b697-f96cc5403fdc
2026-03-18T08:15:29.486043,astound,eth0,923.59,52.34,12.79,0.76,Ziply Fiber,"Seattle, WA, United States",https://www.speedtest.net/result/c/23fa246d-5286-48a7-90f2-72f1e4a8cedb
2026-03-18T08:30:29.714716,astound,eth0,851.29,51.93,11.44,3.11,Ziply Fiber,"Seattle, WA, United States",https://www.speedtest.net/result/c/9b708d60-6fd9-490c-85f9-fdf3aab27086
2026-03-18T08:45:39.630088,astound,eth0,934.28,52.38,12.16,1.06,Nitel,"Seattle, WA, United States",
2026-03-18T09:00:24.440339,astound,eth0,50.31,51.02,6.58,2.51,Astound Broadband,"Seattle, WA, United States",https://www.speedtest.net/result/c/2e8b473c-94e3-4b5b-8a68-d48ac237fec1
2026-03-18T09:15:38.877953,astound,eth0,50.29,26.13,11.68,6.73,Astound Broadband,"Seattle, WA, United States",https://www.speedtest.net/result/c/505003c0-8cce-49ea-97f9-6c84e5d7d24c
2026-03-18T09:30:25.139628,astound,eth0,50.17,52.29,13.2,2.81,GSL Networks,"Seattle, WA, United States",https://www.speedtest.net/result/c/e3931eaa-e3a3-4e1d-b568-8a39fde04714
2026-03-18T09:45:31.317504,astound,eth0,50.42,51.26,12.82,0.22,"KamaTera, Inc.","Seattle, WA, United States",https://www.speedtest.net/result/c/90a1639d-25a5-483a-9fb7-98d1a094d788
2026-03-18T10:00:24.558441,astound,eth0,50.66,50.96,12.6,0.43,Nitel,"Seattle, WA, United States",https://www.speedtest.net/result/c/370863ac-17f0-4ca5-9355-45866f648926
2026-03-18T10:15:29.316476,astound,eth0,50.25,26.0,13.11,0.53,Ziply Fiber,"Seattle, WA, United States",https://www.speedtest.net/result/c/f80c32f9-6dac-4754-a318-871f44691887
2026-03-18T10:30:29.318249,astound,eth0,50.35,46.47,12.81,0.6,Ziply Fiber,"Seattle, WA, United States",https://www.speedtest.net/result/c/c4fc5deb-5ef5-459e-9030-540536fa4a45
2026-03-18T10:45:26.218418,astound,eth0,49.53,53.3,12.03,3.38,"KamaTera, Inc.","Seattle, WA, United States",https://www.speedtest.net/result/c/fead1ba7-233d-422d-a3e6-a6ed84b25e1b
2026-03-18T11:00:29.946681,astound,eth0,49.58,23.32,14.44,1.48,Ziply Fiber,"Seattle, WA, United States",https://www.speedtest.net/result/c/a2389fa4-03c9-4bb0-9c78-5d63e28795b2
2026-03-18T11:15:25.051716,astound,eth0,49.44,52.27,12.7,1.44,Nitel,"Seattle, WA, United States",https://www.speedtest.net/result/c/9bd87441-d571-425f-9115-62f6b044347b
2026-03-18T11:30:22.621941,astound,eth0,49.05,16.19,12.21,2.21,Astound Broadband,"Seattle, WA, United States",https://www.speedtest.net/result/c/371f51e3-ec1a-4783-9932-ce900a04babf
2026-03-18T11:45:28.951731,astound,eth0,49.48,53.64,9.81,2.94,Ziply Fiber,"Seattle, WA, United States",https://www.speedtest.net/result/c/4c028693-2bb0-485f-8039-627ba405a34e
2026-03-18T12:00:32.370614,astound,eth0,50.19,43.83,6.91,2.12,GSL Networks,"Seattle, WA, United States",https://www.speedtest.net/result/c/68e1f981-f90e-4615-809b-c390ced9c89a
2026-03-18T12:15:25.953335,astound,eth0,49.92,16.86,12.68,0.58,"KamaTera, Inc.","Seattle, WA, United States",https://www.speedtest.net/result/c/0b486bc0-4284-464a-bf06-050038242c1f
2026-03-18T12:30:33.980319,astound,eth0,49.01,54.18,11.57,1.44,"KamaTera, Inc.","Seattle, WA, United States",https://www.speedtest.net/result/c/d5f94e11-4b34-43ee-a11a-ad0e299f1496
2026-03-18T12:45:36.135495,astound,eth0,50.27,24.37,16.27,13.43,Ziply Fiber,"Seattle, WA, United States",https://www.speedtest.net/result/c/7edf039d-ef94-4193-a7f0-732ec9b41964
2026-03-18T13:00:33.921249,astound,eth0,49.26,43.48,12.02,3.97,Astound Broadband,"Seattle, WA, United States",https://www.speedtest.net/result/c/2173aec5-512d-4646-87d2-53c5db13cfd4
2026-03-18T13:15:27.129773,astound,eth0,50.21,51.27,10.59,2.02,EZEE Fiber,"Seattle, WA, United States",https://www.speedtest.net/result/c/c8f4da94-a39f-4d28-9853-49324ff2a629
2026-03-18T13:30:27.851495,astound,eth0,49.1,30.26,9.42,17.02,Nitel,"Seattle, WA, United States",https://www.speedtest.net/result/c/56ba7208-f973-4a38-8fc1-b0a90d7567d5
2026-03-18T13:45:30.523706,astound,eth0,48.66,23.0,11.31,1.98,Astound Broadband,"Seattle, WA, United States",https://www.speedtest.net/result/c/1c8d044e-4f60-4e23-9d05-71a9341e1e09
2026-03-18T14:00:30.182315,astound,eth0,49.32,52.16,9.14,5.05,Astound Broadband,"Seattle, WA, United States",https://www.speedtest.net/result/c/1ff47d26-7331-4215-91dc-17d699c7c72e
2026-03-18T14:15:29.380658,astound,eth0,49.68,52.17,12.29,5.58,Ziply Fiber,"Seattle, WA, United States",https://www.speedtest.net/result/c/5ac5dc92-1cc8-4092-a90d-ead4aadd81f1
2026-03-18T14:30:29.362814,astound,eth0,49.31,52.19,12.84,4.74,Ziply Fiber,"Seattle, WA, United States",https://www.speedtest.net/result/c/fc7f4764-86c3-4c49-93d1-82be23baa526
2026-03-18T14:45:28.027114,astound,eth0,50.12,36.05,9.24,3.94,Nitel,"Seattle, WA, United States",https://www.speedtest.net/result/c/40ad395d-9c4f-47e0-b865-bbf6bc0cc11b
2026-03-18T15:00:28.093718,astound,eth0,49.83,52.29,14.84,0.53,Ziply Fiber,"Seattle, WA, United States",https://www.speedtest.net/result/c/c3f2633b-3e95-416a-9cda-1d1f70d818b7
2026-03-18T15:15:30.474706,astound,eth0,45.9,37.85,12.56,2.79,Ziply Fiber,"Seattle, WA, United States",https://www.speedtest.net/result/c/86821796-07aa-42b9-be68-4f774650603d
2026-03-18T15:30:28.637983,astound,eth0,49.82,51.91,11.42,1.58,Astound Broadband,"Seattle, WA, United States",https://www.speedtest.net/result/c/3691d99d-0c77-471c-9c55-5c87ad9020bc
2026-03-18T15:45:30.565526,astound,eth0,43.51,49.69,7.57,2.13,Nitel,"Seattle, WA, United States",https://www.speedtest.net/result/c/9e4b5c0a-193c-4173-941d-8529d961f91d
2026-03-18T16:00:37.352755,astound,eth0,34.21,52.35,72.9,3.04,Astound Broadband,"Seattle, WA, United States",https://www.speedtest.net/result/c/1b3e798f-26c4-4b80-8726-b9aab65ff6e4
2026-03-18T16:15:37.856058,astound,eth0,31.48,52.08,11.94,0.86,Astound Broadband,"Seattle, WA, United States",https://www.speedtest.net/result/c/5df1ee5c-9154-4812-9349-6499ef9238ca
2026-03-18T16:30:39.458452,astound,eth0,41.9,39.13,43.21,7.57,Nitel,"Seattle, WA, United States",https://www.speedtest.net/result/c/676b3548-f697-4d0e-961a-c56e2a2443ec
2026-03-18T16:45:45.648104,astound,eth0,48.0,15.44,12.9,0.16,Ziply Fiber,"Seattle, WA, United States",https://www.speedtest.net/result/c/93d26fd8-23f2-42be-a587-0895c13780d9
2026-03-18T17:00:33.873794,astound,eth0,40.65,53.14,13.15,0.81,Astound Broadband,"Seattle, WA, United States",https://www.speedtest.net/result/c/829167ea-df8b-44e5-9692-5cd2d594c21d
2026-03-18T17:15:37.393127,astound,eth0,35.94,52.04,45.78,8.99,Astound Broadband,"Seattle, WA, United States",https://www.speedtest.net/result/c/f01f96d1-cc56-49f7-bb16-eb92cf647967
2026-03-18T17:30:27.505140,astound,eth0,44.08,51.84,13.02,2.5,EZEE Fiber,"Seattle, WA, United States",https://www.speedtest.net/result/c/88a8b53e-087d-4cc9-b769-cd5d05457e01
2026-03-18T17:45:28.298287,astound,eth0,39.48,52.06,28.06,2.33,Nitel,"Seattle, WA, United States",https://www.speedtest.net/result/c/107c071f-7b08-45cd-aafc-0b166bf4cb6b
2026-03-18T18:00:34.380118,astound,eth0,883.09,52.14,12.74,0.48,"KamaTera, Inc.","Seattle, WA, United States",https://www.speedtest.net/result/c/42641ef8-a3a0-42e5-bb25-7ae148fdc5c3
2026-03-18T18:15:23.002520,astound,eth0,845.2,52.22,7.88,2.19,Nitel,"Seattle, WA, United States",https://www.speedtest.net/result/c/3d74cf2e-fa93-4408-8073-017275aac786
2026-03-18T18:30:26.264500,astound,eth0,877.68,52.15,12.28,1.55,Nitel,"Seattle, WA, United States",https://www.speedtest.net/result/c/89a8fe12-815e-40ff-abff-24db43f6b07a
2026-03-18T18:45:30.170908,astound,eth0,860.64,51.95,7.57,1.62,"KamaTera, Inc.","Seattle, WA, United States",https://www.speedtest.net/result/c/cd36b5b2-905b-473f-bf72-bdd085a24926
2026-03-18T19:00:36.141428,astound,eth0,82.12,52.07,8.11,1.25,Astound Broadband,"Seattle, WA, United States",https://www.speedtest.net/result/c/d8807776-1d3f-4593-8612-20646ef81890
2026-03-18T19:15:35.919084,astound,eth0,35.62,53.06,18.98,13.52,Astound Broadband,"Seattle, WA, United States",https://www.speedtest.net/result/c/f41faf0e-cb82-4610-a5c7-57611eaf1168
2026-03-18T19:30:32.384548,astound,eth0,39.7,51.9,27.79,56.25,Nitel,"Seattle, WA, United States",https://www.speedtest.net/result/c/f210503f-4925-4af1-a2d8-f38b31d52528
2026-03-18T19:45:36.611092,astound,eth0,50.2,51.69,11.32,1.61,Ziply Fiber,"Seattle, WA, United States",https://www.speedtest.net/result/c/8689d9c2-3492-478f-abb3-bd8f47604a86
2026-03-18T20:00:32.357309,astound,eth0,32.94,52.74,30.66,4.33,"KamaTera, Inc.","Seattle, WA, United States",https://www.speedtest.net/result/c/58e48401-6b1c-4fe5-a244-6bc01022acb5
2026-03-18T20:15:30.811739,astound,eth0,39.58,51.94,8.86,2.44,Nitel,"Seattle, WA, United States",https://www.speedtest.net/result/c/925a17d5-d71a-4bdd-b80c-b1e64e37f1ac
2026-03-18T20:30:30.030336,astound,eth0,44.2,51.28,34.6,8.29,Nitel,"Seattle, WA, United States",https://www.speedtest.net/result/c/2484daa1-defe-4ba8-b902-239150a16a62
2026-03-18T20:45:26.457987,astound,eth0,50.18,52.08,12.78,0.58,"KamaTera, Inc.","Seattle, WA, United States",https://www.speedtest.net/result/c/e0143c9b-16dd-45e1-822a-c1d4617c2ba9
2026-03-18T21:00:23.368568,astound,eth0,50.22,49.85,12.18,2.54,EZEE Fiber,"Seattle, WA, United States",https://www.speedtest.net/result/c/27ee2063-b27e-49f8-a295-664a81a2e9e8
2026-03-18T21:15:27.173759,astound,eth0,50.43,51.8,12.22,1.23,Astound Broadband,"Port Orchard, WA, United States",https://www.speedtest.net/result/c/37c380e4-95df-4619-adbc-88310157dd89
2026-03-18T21:30:26.484507,astound,eth0,50.36,52.08,12.2,0.74,Ziply Fiber,"Seattle, WA, United States",https://www.speedtest.net/result/c/c18307ea-030e-4284-8c16-514690492f89
2026-03-18T21:45:28.815496,astound,eth0,45.42,51.99,11.52,2.15,Astound Broadband,"Port Orchard, WA, United States",https://www.speedtest.net/result/c/982ccdd8-07e3-43ce-bab2-422d73ac3ff1
2026-03-18T22:00:27.575255,astound,eth0,50.27,50.12,12.91,0.39,Astound Broadband,"Seattle, WA, United States",https://www.speedtest.net/result/c/05fa4f9e-654d-422b-a0d9-3daeda19070f
2026-03-18T22:15:26.333046,astound,eth0,50.24,52.13,12.9,0.37,Ziply Fiber,"Seattle, WA, United States",https://www.speedtest.net/result/c/9d275641-b215-471d-baaa-0e862aef64bd
2026-03-18T22:30:30.107262,astound,eth0,47.2,52.2,12.0,1.03,Astound Broadband,"Port Orchard, WA, United States",https://www.speedtest.net/result/c/785a690a-cf98-487d-a406-76d5707edcbd
2026-03-18T22:45:28.557225,astound,eth0,903.99,52.25,12.71,3.7,Ziply Fiber,"Seattle, WA, United States",https://www.speedtest.net/result/c/0676cba0-b760-4b11-aa8e-3ed9ef1eb829
2026-03-18T23:00:35.019124,astound,eth0,880.56,52.19,7.38,2.37,GSL Networks,"Seattle, WA, United States",https://www.speedtest.net/result/c/63a9e068-ad61-42ee-91f3-ce89f2d544e7
2026-03-18T23:15:35.133706,astound,eth0,115.52,52.37,12.21,1.89,Astound Broadband,"Seattle, WA, United States",https://www.speedtest.net/result/c/0cb99e61-ea9e-40f4-8376-a85b5c649163
2026-03-18T23:30:31.338157,astound,eth0,921.07,52.28,12.9,1.41,"KamaTera, Inc.","Seattle, WA, United States",https://www.speedtest.net/result/c/0d880b5c-326f-4d15-b525-d06e819383d5
2026-03-18T23:45:26.669108,astound,eth0,936.2,52.25,12.91,0.25,CenturyLink,"Seattle, WA, United States",https://www.speedtest.net/result/c/1ae5c148-8c69-465e-b579-464bb75f120f
2026-03-19T00:00:32.353094,astound,eth0,935.98,52.3,7.39,2.96,GSL Networks,"Seattle, WA, United States",https://www.speedtest.net/result/c/3dc53c8b-48dc-4959-8910-03fa9953424d
2026-03-19T00:15:29.871977,astound,eth0,931.61,52.26,12.73,1.61,Ziply Fiber,"Seattle, WA, United States",https://www.speedtest.net/result/c/9190cb06-dc47-48fa-85df-d259d28c46e3
2026-03-19T00:30:30.623747,astound,eth0,936.06,52.27,12.21,1.08,Astound Broadband,"Port Orchard, WA, United States",https://www.speedtest.net/result/c/01b41a0b-09e6-465e-ab64-43c66d21ce6f
2026-03-19T00:45:29.948192,astound,eth0,945.07,52.3,12.43,1.15,"KamaTera, Inc.","Seattle, WA, United States",https://www.speedtest.net/result/c/b4811fda-4140-49b3-8d71-1f62e5c70692
2026-03-19T01:00:32.196531,astound,eth0,118.08,52.29,12.88,1.04,Astound Broadband,"Seattle, WA, United States",https://www.speedtest.net/result/c/6308a5b0-9f1f-4eb6-b489-706d7706f4bf
2026-03-19T01:15:25.999492,astound,eth0,903.93,52.08,12.89,0.11,"KamaTera, Inc.","Seattle, WA, United States",https://www.speedtest.net/result/c/b621b5e6-f9e5-4d27-b210-0bfa3fc87ab8
2026-03-19T01:30:31.971540,astound,eth0,94.02,52.43,12.78,1.25,Astound Broadband,"Seattle, WA, United States",https://www.speedtest.net/result/c/33e16204-0720-4e14-8a76-b070e70a69c2
2026-03-19T01:45:29.208836,astound,eth0,105.58,52.37,10.69,1.61,Astound Broadband,"Seattle, WA, United States",https://www.speedtest.net/result/c/81e9019e-a5d1-4eed-aed4-646cf8516e2f
2026-03-19T02:00:32.916963,astound,eth0,928.72,52.21,12.67,0.9,"KamaTera, Inc.","Seattle, WA, United States",https://www.speedtest.net/result/c/6356e77a-a8b4-4baf-9bf6-a6736cb7e7da
2026-03-19T02:15:26.521474,astound,eth0,925.36,52.25,12.29,1.15,Astound Broadband,"Port Orchard, WA, United States",https://www.speedtest.net/result/c/e6df5daf-143b-46a1-a335-1fdaf719e333
2026-03-19T02:30:30.626345,astound,eth0,930.03,52.27,10.82,1.29,Astound Broadband,"Port Orchard, WA, United States",https://www.speedtest.net/result/c/1ac6c6ea-dc70-4987-a96b-3376e41249ae
2026-03-19T02:45:27.745779,astound,eth0,919.31,52.28,12.2,0.7,EZEE Fiber,"Seattle, WA, United States",https://www.speedtest.net/result/c/f64c8a80-0511-4eae-9bd2-bd691a11a586
2026-03-19T03:00:37.032186,astound,eth0,98.0,52.43,12.13,1.8,Astound Broadband,"Seattle, WA, United States",https://www.speedtest.net/result/c/afb1a4cd-c9df-44f5-b1e9-5075a037821d
2026-03-19T03:15:29.869082,astound,eth0,934.67,52.28,12.86,1.06,"KamaTera, Inc.","Seattle, WA, United States",https://www.speedtest.net/result/c/ef08386d-3863-42c3-8b9d-08a8f1c11d7e
2026-03-19T03:30:33.915606,astound,eth0,926.59,52.81,11.31,3.19,Astound Broadband,"Port Orchard, WA, United States",https://www.speedtest.net/result/c/7d80b543-4b00-454e-83fa-5545f3ad5c4c
2026-03-19T03:45:26.854874,astound,eth0,933.16,52.27,12.98,0.52,Comcast,"Seattle, WA, United States",https://www.speedtest.net/result/c/261eacd7-226d-4263-b48c-6e7cb9e544d8
2026-03-19T04:00:26.163892,astound,eth0,881.71,52.27,12.97,0.69,CenturyLink,"Seattle, WA, United States",https://www.speedtest.net/result/c/73d4bdf7-4f7c-457a-a777-a67365adb7da
2026-03-19T04:15:30.042419,astound,eth0,99.3,52.34,12.15,1.15,Astound Broadband,"Seattle, WA, United States",https://www.speedtest.net/result/c/aa8459db-8880-4552-8e9c-759db6bf1c44
2026-03-19T04:30:26.606660,astound,eth0,938.53,52.15,8.64,2.04,Nitel,"Seattle, WA, United States",https://www.speedtest.net/result/c/3c4386b8-8f2c-4a52-a483-9f8882137d91
2026-03-19T04:45:28.566131,astound,eth0,939.11,52.21,12.2,1.7,Ziply Fiber,"Seattle, WA, United States",https://www.speedtest.net/result/c/588d46cc-4f38-4b82-a610-81973f40c14c
2026-03-19T05:00:37.013494,astound,eth0,47.95,52.36,19.17,0.89,Astound Broadband,"Seattle, WA, United States",https://www.speedtest.net/result/c/5c85f2cf-1e9b-469b-9d58-289797a6c319
2026-03-19T05:15:29.668960,astound,eth0,937.28,52.11,12.75,0.9,"KamaTera, Inc.","Seattle, WA, United States",https://www.speedtest.net/result/c/2ac371a6-3b9c-4015-b8d8-af8503d3b5fd
2026-03-19T05:30:30.101820,astound,eth0,104.36,52.32,12.2,3.0,Astound Broadband,"Seattle, WA, United States",https://www.speedtest.net/result/c/3087e2e8-1003-47bb-855a-d67352b6312b
2026-03-19T05:45:31.065286,astound,eth0,928.54,52.2,12.91,1.25,"KamaTera, Inc.","Seattle, WA, United States",https://www.speedtest.net/result/c/5463c474-47c7-4e55-809d-b3bbc9c907d5
2026-03-19T06:00:29.245481,astound,eth0,915.48,52.35,10.75,1.66,Astound Broadband,"Port Orchard, WA, United States",https://www.speedtest.net/result/c/991933b4-180d-4317-9588-52fafd45c3fe
2026-03-19T06:15:28.733494,astound,eth0,911.49,52.33,12.79,1.43,Astound Broadband,"Port Orchard, WA, United States",https://www.speedtest.net/result/c/71895f9d-6cae-45e3-846f-f3c38687d272
2026-03-19T06:30:26.649924,astound,eth0,173.11,52.23,12.14,1.59,Astound Broadband,"Seattle, WA, United States",https://www.speedtest.net/result/c/cd15e294-dfa9-451a-98cf-91ee22d45daa
2026-03-19T06:45:29.386640,astound,eth0,937.22,52.3,11.45,1.5,Astound Broadband,"Port Orchard, WA, United States",https://www.speedtest.net/result/c/8b606fb5-7f60-4235-91d6-9433b4f1f76c
2026-03-19T07:00:32.423481,astound,eth0,937.52,52.31,13.29,3.95,"KamaTera, Inc.","Seattle, WA, United States",https://www.speedtest.net/result/c/0a4467b1-2a47-4c69-a9ac-a307b4bf3da2
2026-03-19T07:15:30.617494,astound,eth0,934.72,52.31,11.51,1.88,Ziply Fiber,"Seattle, WA, United States",https://www.speedtest.net/result/c/8238bdba-848f-41af-9640-65079250e3b6
2026-03-19T07:30:32.734620,astound,eth0,932.93,53.34,12.3,1.77,"KamaTera, Inc.","Seattle, WA, United States",https://www.speedtest.net/result/c/5560ecd0-c954-4072-9b80-d32306877433
2026-03-19T07:45:30.709551,astound,eth0,926.88,52.96,12.28,1.92,Astound Broadband,"Port Orchard, WA, United States",https://www.speedtest.net/result/c/c49af168-4530-4db1-9a97-df5f859e13e5
2026-03-19T08:00:32.473190,astound,eth0,936.35,52.25,12.94,0.34,EZEE Fiber,"Seattle, WA, United States",https://www.speedtest.net/result/c/65b2d4e9-ca57-4faf-a346-a438f73a131f
2026-03-19T08:15:31.119419,astound,eth0,933.8,52.88,11.51,1.73,Ziply Fiber,"Seattle, WA, United States",https://www.speedtest.net/result/c/30a41f6f-fb05-4b5c-a95d-be3f12f39e43
2026-03-19T08:30:28.207151,astound,eth0,925.35,52.28,12.26,1.22,Astound Broadband,"Port Orchard, WA, United States",https://www.speedtest.net/result/c/34436d34-0af5-47d8-b2b0-d2842ba9b380
2026-03-19T08:45:25.799904,astound,eth0,838.84,52.63,12.92,3.38,EZEE Fiber,"Seattle, WA, United States",https://www.speedtest.net/result/c/0ac49abd-a7f0-4d04-b6d0-55c3d990fa87
2026-03-19T09:00:36.763577,astound,eth0,940.61,52.25,12.91,4.97,GSL Networks,"Seattle, WA, United States",https://www.speedtest.net/result/c/6f1c7b98-ad1f-4b31-b262-83a99c2097de
2026-03-19T09:15:29.076360,astound,eth0,931.2,52.56,12.79,0.58,Astound Broadband,"Port Orchard, WA, United States",https://www.speedtest.net/result/c/54bc1cc7-24e7-4724-a373-786daa162a5e
2026-03-19T09:30:28.337019,astound,eth0,921.59,52.33,13.63,5.06,Comcast,"Seattle, WA, United States",https://www.speedtest.net/result/c/622ac99e-1f77-495d-a6e5-33c241dda5dc
2026-03-19T09:45:33.824387,astound,eth0,882.61,53.72,13.19,2.36,EZEE Fiber,"Seattle, WA, United States",https://www.speedtest.net/result/c/3f436ff8-199d-4cae-8928-8dea9cff238b
2026-03-19T10:00:33.073937,astound,eth0,925.73,43.21,12.82,0.35,CenturyLink,"Seattle, WA, United States",https://www.speedtest.net/result/c/efa5367b-9d06-4765-b88f-dfdfddc8ebee
2026-03-19T10:15:30.275931,astound,eth0,923.03,52.82,13.3,1.99,EZEE Fiber,"Seattle, WA, United States",https://www.speedtest.net/result/c/6aa3f018-8d03-43ee-9c19-316b59a9abdc
2026-03-19T10:30:29.277468,astound,eth0,833.78,52.91,12.81,1.22,Astound Broadband,"Port Orchard, WA, United States",https://www.speedtest.net/result/c/08a48c01-16fa-49e5-89c9-56795400cddc
2026-03-19T16:15:28.427873,astound,eth0,937.37,52.25,12.12,1.61,CenturyLink,"Seattle, WA, United States",https://www.speedtest.net/result/c/8f7552b6-980a-4118-a01f-7672938abd40
2026-03-19T16:30:25.219276,astound,eth0,941.27,52.28,12.17,1.79,CenturyLink,"Seattle, WA, United States",https://www.speedtest.net/result/c/9647656a-d148-4722-9e42-b2d2b0fbb8fd
2026-03-19T16:45:26.693808,astound,eth0,941.58,52.38,12.6,1.07,CenturyLink,"Seattle, WA, United States",https://www.speedtest.net/result/c/b7f046c8-332d-4e07-9176-e59d93d6ce7e
2026-03-19T17:00:30.823063,astound,eth0,939.82,52.28,12.9,0.25,CenturyLink,"Seattle, WA, United States",https://www.speedtest.net/result/c/1a69e9f5-b51c-4128-96f4-3ad16910ff7c
2026-03-19T17:15:29.733827,astound,eth0,937.39,52.34,12.42,1.01,CenturyLink,"Seattle, WA, United States",https://www.speedtest.net/result/c/ad04823e-c2a2-4b15-a370-e410a4273f6c
2026-03-19T17:30:25.224854,astound,eth0,940.39,52.25,12.17,1.64,CenturyLink,"Seattle, WA, United States",https://www.speedtest.net/result/c/28b4ec84-9980-4718-8a6e-875bde4a9325
2026-03-19T17:45:26.081446,astound,eth0,935.95,52.26,12.21,2.0,CenturyLink,"Seattle, WA, United States",https://www.speedtest.net/result/c/2af1dee9-f696-4d97-b39f-c21655c15f1f
2026-03-19T18:00:25.781093,astound,eth0,942.63,52.25,12.31,2.03,CenturyLink,"Seattle, WA, United States",https://www.speedtest.net/result/c/9d0c3523-004c-44ac-99c7-ca745df4e567
2026-03-19T18:15:28.375216,astound,eth0,940.07,52.26,12.58,0.75,CenturyLink,"Seattle, WA, United States",https://www.speedtest.net/result/c/9e32dabf-954a-40d0-9cb3-8cc2d8834b3e
2026-03-19T18:30:26.151240,astound,eth0,943.89,52.27,12.87,1.44,CenturyLink,"Seattle, WA, United States",https://www.speedtest.net/result/c/417cf79e-9ac1-4b00-a1d7-b15f6a0d027f
2026-03-19T18:45:26.447972,astound,eth0,938.51,52.25,12.93,0.72,CenturyLink,"Seattle, WA, United States",https://www.speedtest.net/result/c/0a817548-06f6-4b0b-b9ea-1ca1b426d556
2026-03-19T19:00:25.994718,astound,eth0,937.64,52.35,11.52,1.04,CenturyLink,"Seattle, WA, United States",https://www.speedtest.net/result/c/82459594-908d-44a3-8a65-15b7e49709d2
2026-03-19T19:15:25.003769,astound,eth0,938.16,52.26,12.15,2.55,CenturyLink,"Seattle, WA, United States",https://www.speedtest.net/result/c/51998048-ed92-49ed-9244-05525acee382
2026-03-19T19:30:22.552168,astound,eth0,948.8,40.69,15.73,1.42,CenturyLink,"Seattle, WA, United States",https://www.speedtest.net/result/c/9d81c1a2-ba3e-401a-9a31-14287ba80b4e
2026-03-19T19:45:28.743476,astound,eth0,939.04,52.35,17.11,0.57,"Net253, LLC","Bainbridge Island, WA, United States",https://www.speedtest.net/result/c/6e01fc19-529a-46e6-b212-8ce5d6c4fc9e
2026-03-19T20:00:28.616859,astound,eth0,940.91,52.29,12.86,2.23,CenturyLink,"Seattle, WA, United States",https://www.speedtest.net/result/c/8e0c958a-ea00-4790-bbc8-6997501e9547
2026-03-19T20:15:28.701213,astound,eth0,940.17,52.25,12.22,2.55,CenturyLink,"Seattle, WA, United States",https://www.speedtest.net/result/c/3cd8d8e1-7fd7-4d21-9bc6-270ad0820c45
2026-03-19T20:30:29.068513,astound,eth0,938.32,52.3,11.08,0.94,CenturyLink,"Seattle, WA, United States",https://www.speedtest.net/result/c/29ed965d-5645-4eab-a4aa-516197a03480
2026-03-19T20:45:26.737117,astound,eth0,944.31,52.35,8.63,2.17,CenturyLink,"Seattle, WA, United States",https://www.speedtest.net/result/c/968f4deb-d617-4ef2-bceb-7446232d25f8
2026-03-19T21:00:28.803180,astound,eth0,937.65,52.68,13.04,0.86,CenturyLink,"Seattle, WA, United States",https://www.speedtest.net/result/c/122e48b2-4561-45c6-b9a1-f49253ef4e11
2026-03-19T21:15:25.943927,astound,eth0,945.74,52.33,12.13,1.47,CenturyLink,"Seattle, WA, United States",https://www.speedtest.net/result/c/f03b24f0-a626-409d-81c6-528f7222ef1e
2026-03-19T21:30:27.921124,astound,eth0,941.22,52.66,12.52,1.1,CenturyLink,"Seattle, WA, United States",https://www.speedtest.net/result/c/8790379b-9dc1-4b09-8af1-79a6faca5b37
2026-03-19T21:45:25.607160,astound,eth0,942.24,52.93,12.44,2.01,CenturyLink,"Seattle, WA, United States",https://www.speedtest.net/result/c/b144ebb9-e8b3-45c9-b6de-bcc9765dc71f
2026-03-19T22:00:28.343487,astound,eth0,937.98,52.36,12.25,1.58,CenturyLink,"Seattle, WA, United States",https://www.speedtest.net/result/c/bda7c9b3-4544-44a0-9609-441677318f4f
2026-03-19T22:15:27.676622,astound,eth0,945.66,52.34,12.48,1.41,CenturyLink,"Seattle, WA, United States",https://www.speedtest.net/result/c/0720c792-bd85-4b31-bfa7-5a4a207e20d0
2026-03-19T22:30:27.796284,astound,eth0,936.85,52.32,12.75,2.63,CenturyLink,"Seattle, WA, United States",https://www.speedtest.net/result/c/a94fe187-8bee-48f8-be0b-f1f8363483b7
2026-03-19T22:45:27.441231,astound,eth0,941.65,52.31,12.21,1.76,CenturyLink,"Seattle, WA, United States",https://www.speedtest.net/result/c/6c10d707-7658-4cb3-becc-6a7064dc5fcb
2026-03-19T23:00:28.503055,astound,eth0,939.57,52.24,12.94,0.17,CenturyLink,"Seattle, WA, United States",https://www.speedtest.net/result/c/6d3229ba-f3f7-4dba-b937-225b34e62102
2026-03-19T23:15:28.637634,astound,eth0,940.04,52.29,12.59,1.43,CenturyLink,"Seattle, WA, United States",https://www.speedtest.net/result/c/8b237f47-9d9f-41bc-a9cc-8f4b22ce6e3c
2026-03-19T23:30:27.635016,astound,eth0,942.08,52.28,11.4,2.37,CenturyLink,"Seattle, WA, United States",https://www.speedtest.net/result/c/e734031a-e7c7-4aa5-8741-c44f23cabc46
2026-03-19T23:45:27.777467,astound,eth0,940.29,52.37,12.89,0.74,CenturyLink,"Seattle, WA, United States",https://www.speedtest.net/result/c/7c264692-a73a-4960-b005-e15c3abf40b6
2026-03-20T00:00:32.655985,astound,eth0,934.2,52.3,12.71,0.95,CenturyLink,"Seattle, WA, United States",https://www.speedtest.net/result/c/5338274f-d141-4a9e-bf60-befa66f021d7
2026-03-20T00:15:28.673411,astound,eth0,939.23,52.33,12.99,0.11,CenturyLink,"Seattle, WA, United States",https://www.speedtest.net/result/c/7ca52f9e-45e7-4baa-a673-59cc01ca7c5a
2026-03-20T00:30:26.795024,astound,eth0,936.31,52.25,12.52,1.39,CenturyLink,"Seattle, WA, United States",https://www.speedtest.net/result/c/21d49016-fca3-45d9-9916-eb4195ee7781
2026-03-20T00:45:25.012179,astound,eth0,937.65,52.3,11.29,0.67,CenturyLink,"Seattle, WA, United States",https://www.speedtest.net/result/c/2e6290b6-2ea3-433f-b9e4-8313ea827955
2026-03-20T01:00:33.510013,astound,eth0,940.73,52.31,11.16,2.12,CenturyLink,"Seattle, WA, United States",https://www.speedtest.net/result/c/89649537-ad9e-458b-80c3-35b8f9b90b46
2026-03-20T01:15:26.883503,astound,eth0,940.54,52.28,12.79,1.28,CenturyLink,"Seattle, WA, United States",https://www.speedtest.net/result/c/1e9e0e3a-5900-4b05-8de8-ecd83088d594
2026-03-20T01:30:26.911878,astound,eth0,941.39,52.27,12.07,1.33,CenturyLink,"Seattle, WA, United States",https://www.speedtest.net/result/c/f8a2b908-5a0e-4816-8453-f27e6389e59a
2026-03-20T01:45:25.743883,astound,eth0,942.5,52.25,12.8,0.74,CenturyLink,"Seattle, WA, United States",https://www.speedtest.net/result/c/6a8c227a-41e4-4bdf-866d-c6b128b4b799
2026-03-20T02:00:29.248315,astound,eth0,936.73,52.32,12.81,1.14,CenturyLink,"Seattle, WA, United States",https://www.speedtest.net/result/c/f88f6d65-9137-4dcf-841c-f0d75031ae5c
2026-03-20T02:15:27.034600,astound,eth0,938.64,52.34,9.34,3.0,CenturyLink,"Seattle, WA, United States",https://www.speedtest.net/result/c/6eb24b8d-6369-4bc3-a861-d7b931a2a3c9
2026-03-20T02:30:27.618222,astound,eth0,947.88,52.27,12.15,1.87,CenturyLink,"Seattle, WA, United States",https://www.speedtest.net/result/c/7c96b2d8-afc4-471f-8579-62f7eb2cfdc9
2026-03-20T02:45:27.547070,astound,eth0,941.18,52.38,12.78,1.28,CenturyLink,"Seattle, WA, United States",https://www.speedtest.net/result/c/8f58812b-0180-414f-895d-8e69aef412b0
2026-03-20T03:00:29.338863,astound,eth0,941.4,52.35,12.31,1.99,CenturyLink,"Seattle, WA, United States",https://www.speedtest.net/result/c/3a6ebb34-0f20-4a9e-afa6-a1806687b8b0
2026-03-20T03:15:27.678242,astound,eth0,946.79,52.27,12.23,3.47,CenturyLink,"Seattle, WA, United States",https://www.speedtest.net/result/c/27a43c42-8542-4412-a082-d69374a0ace8
2026-03-20T03:30:26.742682,astound,eth0,941.12,52.31,12.22,1.56,CenturyLink,"Seattle, WA, United States",https://www.speedtest.net/result/c/154323c3-396e-4f4b-8fdf-469891f62a85
2026-03-20T03:45:28.622455,astound,eth0,938.45,52.27,12.58,0.99,CenturyLink,"Seattle, WA, United States",https://www.speedtest.net/result/c/83a1c587-461b-419b-b503-c8a6a676b704
2026-03-20T04:00:26.952753,astound,eth0,940.36,52.32,12.22,0.86,CenturyLink,"Seattle, WA, United States",https://www.speedtest.net/result/c/d9dd5ff1-80bf-4245-93f5-b95eb38da7c5
2026-03-20T04:15:27.637488,astound,eth0,938.49,52.25,12.92,1.18,CenturyLink,"Seattle, WA, United States",https://www.speedtest.net/result/c/7ae1b8d1-5de3-4f26-bb4f-2fba9cd8f662
2026-03-20T04:30:26.669157,astound,eth0,941.51,52.23,12.91,0.2,CenturyLink,"Seattle, WA, United States",https://www.speedtest.net/result/c/a951fa9e-eb13-48cb-925a-f63b16443039
2026-03-20T04:45:25.190420,astound,eth0,939.98,52.31,12.88,1.17,CenturyLink,"Seattle, WA, United States",https://www.speedtest.net/result/c/33bf5e1c-99bf-4242-816c-82600eae5937
2026-03-20T05:00:31.413497,astound,eth0,943.24,52.27,12.11,1.96,CenturyLink,"Seattle, WA, United States",https://www.speedtest.net/result/c/c422f013-4170-4d49-ae6e-ed34f805a2f5
2026-03-20T05:15:25.413234,astound,eth0,936.71,52.34,12.78,0.66,CenturyLink,"Seattle, WA, United States",https://www.speedtest.net/result/c/01ad1a07-6ef2-48e3-9b59-0933f8ac3706
2026-03-20T05:30:25.661563,astound,eth0,945.15,52.32,17.14,1.36,"Net253, LLC","Bainbridge Island, WA, United States",https://www.speedtest.net/result/c/b56a9868-1067-4d29-97a8-4c76fe433462
2026-03-20T05:45:25.605219,astound,eth0,938.19,52.22,12.87,1.08,CenturyLink,"Seattle, WA, United States",https://www.speedtest.net/result/c/2b094064-5605-4759-8530-317eb8419c32
2026-03-20T06:00:28.427400,astound,eth0,935.61,52.32,12.96,0.21,CenturyLink,"Seattle, WA, United States",https://www.speedtest.net/result/c/44df13ad-1d03-4a00-9886-c081485b878a
2026-03-20T06:15:26.304563,astound,eth0,940.48,52.31,12.97,0.17,CenturyLink,"Seattle, WA, United States",https://www.speedtest.net/result/c/0d09ecac-646d-4eb6-a59a-71994cb028d6
2026-03-20T06:30:28.251662,astound,eth0,935.61,52.28,12.21,1.72,CenturyLink,"Seattle, WA, United States",https://www.speedtest.net/result/c/d3f2a126-8178-45fe-bb8b-bf3d78e99e17
2026-03-20T06:45:26.823430,astound,eth0,940.1,52.35,12.8,1.17,CenturyLink,"Seattle, WA, United States",https://www.speedtest.net/result/c/41199c6a-aa14-4cc2-ad81-2c14dbc2824c
2026-03-20T07:00:25.502647,astound,eth0,937.65,52.29,12.01,1.36,CenturyLink,"Seattle, WA, United States",https://www.speedtest.net/result/c/0f6491a7-44a8-4a65-abc9-9e1571f47a65
2026-03-20T07:15:25.177103,astound,eth0,940.72,52.29,12.8,1.11,CenturyLink,"Seattle, WA, United States",https://www.speedtest.net/result/c/28a3d938-a4d8-4eaf-a57c-85afaad42b81
2026-03-20T07:30:27.525178,astound,eth0,937.07,52.3,12.82,1.29,CenturyLink,"Seattle, WA, United States",https://www.speedtest.net/result/c/9078472d-268b-43e5-bcf0-8a707614a2ea
2026-03-20T07:45:26.099875,astound,eth0,946.39,52.33,7.17,2.62,CenturyLink,"Seattle, WA, United States",https://www.speedtest.net/result/c/21fc42cb-922f-4872-a094-56404cd50c6d
2026-03-20T08:00:28.057875,astound,eth0,937.36,52.28,12.19,1.52,CenturyLink,"Seattle, WA, United States",https://www.speedtest.net/result/c/85ef66cb-92ca-40f5-aeec-a40bfa1ad036
2026-03-20T08:15:26.320295,astound,eth0,939.17,52.31,12.98,0.08,CenturyLink,"Seattle, WA, United States",https://www.speedtest.net/result/c/e2553893-808f-4470-9db9-b5c2c8605677
2026-03-20T08:30:25.802189,astound,eth0,937.14,52.34,11.86,1.18,CenturyLink,"Seattle, WA, United States",https://www.speedtest.net/result/c/d872dd41-e62f-4927-97ef-c210a9a8d9b8
2026-03-20T08:45:32.963976,astound,eth0,681.84,52.34,12.75,0.45,CenturyLink,"Seattle, WA, United States",https://www.speedtest.net/result/c/4217ddc4-96bd-47f9-b983-e1a83d59a5a7
2026-03-20T09:00:30.611636,astound,eth0,940.95,52.26,11.49,2.32,CenturyLink,"Seattle, WA, United States",https://www.speedtest.net/result/c/7262cf56-dbd9-4a60-9ad2-24f649369f85
2026-03-20T09:15:28.882259,astound,eth0,943.54,52.21,11.37,3.03,CenturyLink,"Seattle, WA, United States",https://www.speedtest.net/result/c/cade6d12-3bae-40ce-8aed-b48b9a9b5ecc
2026-03-20T09:30:25.656908,astound,eth0,937.6,52.4,12.73,0.98,CenturyLink,"Seattle, WA, United States",https://www.speedtest.net/result/c/69ac625f-649f-491b-9e26-321227b9c9c0
2026-03-20T09:45:25.585801,astound,eth0,943.91,52.25,12.65,2.41,CenturyLink,"Seattle, WA, United States",https://www.speedtest.net/result/c/7db08751-82a7-49f5-a5d6-2e9dd7c20098
2026-03-20T10:00:28.861345,astound,eth0,939.51,52.24,10.81,0.51,CenturyLink,"Seattle, WA, United States",https://www.speedtest.net/result/c/9e0398e5-9f3a-4d5d-a7e9-c54cd8d93358
2026-03-20T10:15:25.179400,astound,eth0,938.17,52.24,12.81,1.72,CenturyLink,"Seattle, WA, United States",https://www.speedtest.net/result/c/aa7f6d87-760a-4152-8a5c-434e5ee37665
2026-03-20T10:30:27.383078,astound,eth0,938.09,52.26,12.85,0.84,CenturyLink,"Seattle, WA, United States",https://www.speedtest.net/result/c/a9018bf8-4dc5-4cb3-bf28-8ce41a456e6d
2026-03-20T10:45:28.535846,astound,eth0,936.21,52.5,12.23,1.19,CenturyLink,"Seattle, WA, United States",https://www.speedtest.net/result/c/935280c2-86a6-4c86-8f12-a201cf6e3b5b
2026-03-20T11:00:26.474292,astound,eth0,944.65,52.27,17.15,0.8,"Net253, LLC","Bainbridge Island, WA, United States",https://www.speedtest.net/result/c/b58c9bcf-b10f-4388-adae-076b8af98fe4
2026-03-20T11:15:27.970420,astound,eth0,936.94,52.35,12.32,1.05,CenturyLink,"Seattle, WA, United States",https://www.speedtest.net/result/c/614329df-61b8-41b5-ac2a-28fe3ae91537
2026-03-20T11:30:26.376645,astound,eth0,924.6,53.34,11.56,1.97,CenturyLink,"Seattle, WA, United States",https://www.speedtest.net/result/c/a2930b15-a6e1-4fc2-9a2e-6db0b4f92779
2026-03-20T11:45:28.883091,astound,eth0,942.55,52.37,12.71,0.85,CenturyLink,"Seattle, WA, United States",https://www.speedtest.net/result/c/64544e09-cc43-41f3-84d8-ffd2aaf78bf5
2026-03-20T12:00:28.030328,astound,eth0,944.79,52.35,12.93,0.3,CenturyLink,"Seattle, WA, United States",https://www.speedtest.net/result/c/99c46d40-6477-479f-9554-57b23faaa4b6
2026-03-20T12:15:39.584802,astound,eth0,942.0,52.27,12.59,0.71,CenturyLink,"Seattle, WA, United States",
2026-03-20T12:30:28.656473,astound,eth0,943.04,52.2,12.21,0.65,CenturyLink,"Seattle, WA, United States",https://www.speedtest.net/result/c/3f9ac192-9d7a-4b2d-ac02-733099355638
2026-03-20T12:45:28.432506,astound,eth0,943.18,52.25,12.23,1.31,CenturyLink,"Seattle, WA, United States",https://www.speedtest.net/result/c/9ad9cf9d-cb15-4097-8714-449e70a196c7
2026-03-20T13:00:30.269575,astound,eth0,938.3,52.29,12.28,0.46,CenturyLink,"Seattle, WA, United States",https://www.speedtest.net/result/c/c80b5cb8-d55e-4e2d-97f0-584a83009f6e
2026-03-20T13:15:28.814334,astound,eth0,941.8,52.4,11.42,1.88,CenturyLink,"Seattle, WA, United States",https://www.speedtest.net/result/c/4448008c-86f2-4989-ad86-9ee0e6ace215
2026-03-20T13:30:25.266401,astound,eth0,941.12,52.56,12.17,2.26,CenturyLink,"Seattle, WA, United States",https://www.speedtest.net/result/c/3da05eb9-af71-46c9-a504-0dc69054bafe
2026-03-20T13:45:27.603085,astound,eth0,933.42,52.3,11.32,1.57,CenturyLink,"Seattle, WA, United States",https://www.speedtest.net/result/c/ebcda699-d031-4bd4-804a-5afab3e75f85
2026-03-20T14:00:32.917089,astound,eth0,926.75,52.3,11.69,1.62,CenturyLink,"Seattle, WA, United States",https://www.speedtest.net/result/c/2f66a46c-93ce-484e-b194-810c87c4f126
2026-03-20T14:15:29.301944,astound,eth0,938.68,52.25,12.67,0.9,CenturyLink,"Seattle, WA, United States",https://www.speedtest.net/result/c/c16544da-7ff8-42cb-8c60-996e70e49986
2026-03-20T14:30:28.061327,astound,eth0,936.35,52.24,12.98,0.76,CenturyLink,"Seattle, WA, United States",https://www.speedtest.net/result/c/a6ee5f3b-b6b7-4a0d-9170-dcbbe6af7111
2026-03-20T14:45:28.215218,astound,eth0,940.98,52.28,12.92,0.12,CenturyLink,"Seattle, WA, United States",https://www.speedtest.net/result/c/34937763-fa72-40d4-9c64-3d0f9682ec86
2026-03-20T15:00:31.773673,astound,eth0,939.03,52.26,12.78,3.21,CenturyLink,"Seattle, WA, United States",https://www.speedtest.net/result/c/c364ace6-76b5-499e-813d-acf7bed005ad
2026-03-20T15:15:26.500933,astound,eth0,941.33,52.47,12.14,2.17,CenturyLink,"Seattle, WA, United States",https://www.speedtest.net/result/c/f685c09f-3d64-48f4-91f6-60c58deefdca
2026-03-20T15:30:28.814937,astound,eth0,944.64,52.71,12.47,0.85,CenturyLink,"Seattle, WA, United States",https://www.speedtest.net/result/c/8286559c-ca92-41a9-b5eb-5e2bc8e80a85
2026-03-20T15:45:28.144967,astound,eth0,942.75,52.32,12.22,0.74,CenturyLink,"Seattle, WA, United States",https://www.speedtest.net/result/c/def029c9-824a-4e00-a312-b30d82307d4e
2026-03-20T16:00:30.482148,astound,eth0,941.19,52.37,12.76,0.99,CenturyLink,"Seattle, WA, United States",https://www.speedtest.net/result/c/e593f11b-503a-4bf1-808f-ecd722cc35e0
2026-03-20T16:15:28.099787,astound,eth0,943.5,52.44,12.73,1.17,CenturyLink,"Seattle, WA, United States",https://www.speedtest.net/result/c/bfe2341f-05d3-4041-a41c-6280e1eec2bb
2026-03-20T16:30:30.101988,astound,eth0,940.13,51.85,12.9,0.36,CenturyLink,"Seattle, WA, United States",https://www.speedtest.net/result/c/512fd180-1f44-4916-8cf9-5e9282d451a5
2026-03-20T16:45:26.651312,astound,eth0,937.94,52.37,17.08,1.32,"Net253, LLC","Bainbridge Island, WA, United States",https://www.speedtest.net/result/c/c46a01ca-67fd-4c8d-806d-e9bd49d82e6a
2026-03-20T17:00:30.272217,astound,eth0,945.87,52.4,13.3,1.18,CenturyLink,"Seattle, WA, United States",https://www.speedtest.net/result/c/535d1de5-88f2-459b-a9e2-d4f4e9dbdae6
2026-03-20T17:15:25.236953,astound,eth0,941.79,52.26,12.12,1.46,CenturyLink,"Seattle, WA, United States",https://www.speedtest.net/result/c/d6c441ba-73e2-4e6c-939a-e68e1285d20b
2026-03-20T17:30:28.327487,astound,eth0,941.21,52.37,12.03,3.21,CenturyLink,"Seattle, WA, United States",https://www.speedtest.net/result/c/1199e523-47a0-4035-be1a-c57daea932c6
2026-03-20T17:45:28.148972,astound,eth0,943.31,52.21,12.78,0.52,CenturyLink,"Seattle, WA, United States",https://www.speedtest.net/result/c/57cc5afb-b3d7-47ba-81f3-6f28f7e3202c
2026-03-20T18:00:25.414835,astound,eth0,937.94,52.35,12.16,1.11,CenturyLink,"Seattle, WA, United States",https://www.speedtest.net/result/c/109b4915-380e-4f17-835e-c4215da2fd97
2026-03-20T18:15:28.019842,astound,eth0,940.76,52.36,12.21,1.98,CenturyLink,"Seattle, WA, United States",https://www.speedtest.net/result/c/f238e655-6509-44b4-a6f7-c6223b279ec3
2026-03-20T18:30:30.601681,astound,eth0,951.93,52.26,17.24,1.18,"Net253, LLC","Bainbridge Island, WA, United States",https://www.speedtest.net/result/c/fbccf8b9-5c83-4d33-933a-22319d9740df
2026-03-20T18:45:26.552273,astound,eth0,939.61,52.24,12.24,2.21,CenturyLink,"Seattle, WA, United States",https://www.speedtest.net/result/c/435733cc-a6cd-4c5b-91f9-64fbeec6850a
2026-03-20T19:00:29.366262,astound,eth0,941.15,52.31,12.7,1.28,CenturyLink,"Seattle, WA, United States",https://www.speedtest.net/result/c/89382110-6c6b-4adb-9c70-ab62824a122e
2026-03-20T19:15:27.657153,astound,eth0,936.92,52.26,12.17,1.74,CenturyLink,"Seattle, WA, United States",https://www.speedtest.net/result/c/9c27d7c5-b64d-488f-a176-f887e908314d
2026-03-20T19:30:25.899288,astound,eth0,938.04,52.3,12.15,1.36,CenturyLink,"Seattle, WA, United States",https://www.speedtest.net/result/c/2c5b8baf-133e-4612-aa54-8175c2be41ac
2026-03-20T19:45:26.225897,astound,eth0,932.89,53.53,12.76,0.7,CenturyLink,"Seattle, WA, United States",https://www.speedtest.net/result/c/90e0d681-afb9-4742-983f-a862c67a043a
2026-03-20T20:00:24.867438,astound,eth0,940.8,52.31,12.77,1.13,CenturyLink,"Seattle, WA, United States",https://www.speedtest.net/result/c/f9ce1497-e38b-4950-85ce-f5791bda3bfb
2026-03-20T20:15:26.934948,astound,eth0,940.1,52.34,12.12,0.98,CenturyLink,"Seattle, WA, United States",https://www.speedtest.net/result/c/0aac99e3-2e38-47d7-8a15-d825751e4052
2026-03-20T20:30:29.005292,astound,eth0,940.6,52.32,12.24,1.71,CenturyLink,"Seattle, WA, United States",https://www.speedtest.net/result/c/7831d568-c51a-4035-9ead-bf6500e00d5e
2026-03-20T20:45:26.334102,astound,eth0,940.48,52.47,12.37,2.37,CenturyLink,"Seattle, WA, United States",https://www.speedtest.net/result/c/99cac3a1-13c3-4ec0-b98f-bf870c113b3c
2026-03-20T21:00:29.066795,astound,eth0,934.11,52.23,11.97,2.3,CenturyLink,"Seattle, WA, United States",https://www.speedtest.net/result/c/bd7e9efb-be61-4182-80ea-1d931cfbdf87
2026-03-20T21:15:25.162484,astound,eth0,938.42,52.33,12.36,2.45,CenturyLink,"Seattle, WA, United States",https://www.speedtest.net/result/c/7369bf59-7632-4e5e-900e-44974cf2f35d
2026-03-20T21:30:25.354599,astound,eth0,934.78,52.34,12.64,0.95,CenturyLink,"Seattle, WA, United States",https://www.speedtest.net/result/c/8a8e47d3-4f70-49ad-b541-a56d0e9c06fb
2026-03-20T21:45:27.665017,astound,eth0,948.63,52.83,12.7,2.26,CenturyLink,"Seattle, WA, United States",https://www.speedtest.net/result/c/92dfe418-a044-4673-8e77-2e1e95ee500e
2026-03-20T22:00:38.675632,astound,eth0,944.38,49.14,13.18,2.39,CenturyLink,"Seattle, WA, United States",https://www.speedtest.net/result/c/e1be281d-6c9a-4663-97ed-b26ebc50930f
2026-03-20T22:15:25.464251,astound,eth0,941.47,52.3,12.96,2.25,CenturyLink,"Seattle, WA, United States",https://www.speedtest.net/result/c/5d7f6c94-73c3-457b-9b7d-6393a9d010fc
2026-03-20T22:30:28.689330,astound,eth0,939.84,52.32,17.12,1.35,"Net253, LLC","Bainbridge Island, WA, United States",https://www.speedtest.net/result/c/789fc774-651e-4a16-85e6-aca0d287640a
2026-03-20T22:45:25.910950,astound,eth0,940.17,52.08,12.87,0.66,CenturyLink,"Seattle, WA, United States",https://www.speedtest.net/result/c/ea7bd42f-9c95-4e31-b5b2-1296f53ab2db
2026-03-20T23:00:24.733127,astound,eth0,937.79,52.24,12.73,0.74,CenturyLink,"Seattle, WA, United States",https://www.speedtest.net/result/c/e77fd9e1-5374-41c3-82e2-1d9465ce352b
2026-03-20T23:15:27.687210,astound,eth0,937.92,52.23,12.13,1.46,CenturyLink,"Seattle, WA, United States",https://www.speedtest.net/result/c/99115e7b-6750-4acd-bef8-9f34faaa0187
2026-03-20T23:30:37.584117,astound,eth0,922.58,52.19,16.79,1.59,"Net253, LLC","Bainbridge Island, WA, United States",https://www.speedtest.net/result/c/1dd341de-734b-4074-bdb8-8d3d08d54184
2026-03-20T23:45:28.026019,astound,eth0,935.78,52.34,12.91,0.3,CenturyLink,"Seattle, WA, United States",https://www.speedtest.net/result/c/d45935c8-9919-49df-8c10-0d108f911355
2026-03-21T00:00:26.127594,astound,eth0,938.19,52.85,12.92,0.24,CenturyLink,"Seattle, WA, United States",https://www.speedtest.net/result/c/07a03039-0b05-41f4-b70f-fa89f713b3c0
2026-03-21T00:15:29.053064,astound,eth0,921.98,26.0,12.7,1.1,CenturyLink,"Seattle, WA, United States",https://www.speedtest.net/result/c/8a553d8a-990e-4715-9c36-ecdc101b7bb1
2026-03-21T00:30:31.004468,astound,eth0,934.93,42.65,12.85,0.62,CenturyLink,"Seattle, WA, United States",https://www.speedtest.net/result/c/a26e43db-dd39-4347-b580-f74fa67fc6d5
2026-03-21T00:45:27.698534,astound,eth0,944.8,52.22,12.79,1.3,CenturyLink,"Seattle, WA, United States",https://www.speedtest.net/result/c/328d0f02-8dca-467f-ad3c-fd4ad14ff0ae
2026-03-21T01:00:26.255189,astound,eth0,946.68,51.63,12.76,1.19,CenturyLink,"Seattle, WA, United States",https://www.speedtest.net/result/c/da31313b-b9da-4fc0-8308-b4e7822a0957
2026-03-21T01:15:26.621877,astound,eth0,947.83,52.53,12.74,0.56,CenturyLink,"Seattle, WA, United States",https://www.speedtest.net/result/c/0503ca33-be84-4fa9-89a8-271644fa452a
2026-03-21T01:30:30.627319,astound,eth0,940.48,46.91,12.15,1.15,CenturyLink,"Seattle, WA, United States",https://www.speedtest.net/result/c/49fbfe1e-6ffe-4b4a-a524-554b3b278539
2026-03-21T01:45:25.715901,astound,eth0,946.97,52.31,12.66,0.94,CenturyLink,"Seattle, WA, United States",https://www.speedtest.net/result/c/6f1ba553-933f-46f7-94e8-ac329995a8ea
2026-03-21T02:00:27.678305,astound,eth0,941.02,52.34,12.09,1.13,CenturyLink,"Seattle, WA, United States",https://www.speedtest.net/result/c/3e450a5b-7c2d-4dc6-a51f-f6772bb19c6e
2026-03-21T02:15:28.865719,astound,eth0,938.1,52.36,12.91,0.23,CenturyLink,"Seattle, WA, United States",https://www.speedtest.net/result/c/e60d9655-40d7-4844-879d-a816bb05afba
2026-03-21T02:30:33.122982,astound,eth0,945.56,43.81,10.82,0.47,CenturyLink,"Seattle, WA, United States",https://www.speedtest.net/result/c/21a6f3c9-5d97-4d02-8d2e-6c264446f6b8
2026-03-21T02:45:26.731195,astound,eth0,937.54,52.28,12.65,1.45,CenturyLink,"Seattle, WA, United States",https://www.speedtest.net/result/c/8740bf77-d385-4f7d-acab-637dd3a63092
2026-03-21T03:00:29.609493,astound,eth0,939.18,52.32,12.91,0.19,CenturyLink,"Seattle, WA, United States",https://www.speedtest.net/result/c/ceae1813-9bb1-43b9-b50f-99d525536eb3
2026-03-21T03:15:26.185689,astound,eth0,939.8,52.32,13.06,3.11,CenturyLink,"Seattle, WA, United States",https://www.speedtest.net/result/c/a55423b7-6a78-47ae-aa5d-7c74fda91985
2026-03-21T03:30:27.920223,astound,eth0,936.5,52.27,11.88,0.93,CenturyLink,"Seattle, WA, United States",https://www.speedtest.net/result/c/60240cd2-e8fc-4936-a909-059fba93313c
2026-03-21T03:45:26.329669,astound,eth0,939.85,52.33,12.66,0.84,CenturyLink,"Seattle, WA, United States",https://www.speedtest.net/result/c/05d56132-68b2-4571-9ac1-ed0d84ef2530
2026-03-21T04:00:25.418016,astound,eth0,937.5,55.01,12.95,0.95,CenturyLink,"Seattle, WA, United States",https://www.speedtest.net/result/c/0ecd41d5-ece4-49b7-9e5d-cb39ae075526
2026-03-21T04:15:28.796405,astound,eth0,940.49,52.41,11.44,0.68,CenturyLink,"Seattle, WA, United States",https://www.speedtest.net/result/c/fc69d880-c1db-4028-8c13-80dfdfb76018
2026-03-21T04:30:27.665410,astound,eth0,938.55,52.26,12.93,1.18,CenturyLink,"Seattle, WA, United States",https://www.speedtest.net/result/c/c254a810-3a2a-47bf-a4d3-82212e5fb9ec
2026-03-21T04:45:28.705420,astound,eth0,937.27,52.32,12.43,2.05,CenturyLink,"Seattle, WA, United States",https://www.speedtest.net/result/c/7f25545d-798c-47d3-b0c1-0be6fb63e86c
2026-03-21T05:00:26.595872,astound,eth0,943.94,52.24,12.68,1.18,CenturyLink,"Seattle, WA, United States",https://www.speedtest.net/result/c/e4ba6f1a-4af5-431a-a169-e1047ed6cccf
2026-03-21T05:15:27.444003,astound,eth0,941.15,52.31,12.23,5.36,CenturyLink,"Seattle, WA, United States",https://www.speedtest.net/result/c/3b3bb8cb-a6ba-4f0e-93f5-2ba61a3f6757
2026-03-21T05:30:27.418903,astound,eth0,940.21,52.29,12.36,1.3,CenturyLink,"Seattle, WA, United States",https://www.speedtest.net/result/c/db36cd45-18cb-4d4a-8a08-b2b46369a936
2026-03-21T05:45:26.960559,astound,eth0,940.93,52.26,12.9,1.18,CenturyLink,"Seattle, WA, United States",https://www.speedtest.net/result/c/bd71d6f1-7e7b-4f9b-a838-1541b8afd50b
2026-03-21T06:00:30.213637,astound,eth0,936.75,52.25,12.76,0.93,CenturyLink,"Seattle, WA, United States",https://www.speedtest.net/result/c/8439d23d-af8e-41a5-9cab-e629c0a0d4ec
2026-03-21T06:15:27.167838,astound,eth0,942.16,52.24,12.82,1.46,CenturyLink,"Seattle, WA, United States",https://www.speedtest.net/result/c/603ad8ec-fe8e-49ae-8488-38ffb1bf6df2
2026-03-21T06:30:25.328258,astound,eth0,939.69,52.28,12.22,1.42,CenturyLink,"Seattle, WA, United States",https://www.speedtest.net/result/c/9ad8795b-1e16-47da-a35f-79d2af869497
2026-03-21T06:45:25.215509,astound,eth0,939.5,38.68,12.91,1.62,CenturyLink,"Seattle, WA, United States",https://www.speedtest.net/result/c/74decd07-d31a-4186-bc23-fa1f529fdf33
2026-03-21T07:00:26.250926,astound,eth0,937.59,52.25,12.0,1.48,CenturyLink,"Seattle, WA, United States",https://www.speedtest.net/result/c/e8c3c321-317b-4b38-8de5-4e7dbde1041b
2026-03-21T07:15:28.261492,astound,eth0,939.12,52.32,12.44,1.51,CenturyLink,"Seattle, WA, United States",https://www.speedtest.net/result/c/8e9a918c-6178-494e-bd51-2b675560e531
2026-03-21T07:30:29.951158,astound,eth0,933.5,52.23,13.15,1.25,CenturyLink,"Seattle, WA, United States",https://www.speedtest.net/result/c/793947b5-588d-40d0-bc0c-6f84dcdbfdc1
2026-03-21T07:45:30.187860,astound,eth0,943.38,52.31,16.94,0.78,"Net253, LLC","Bainbridge Island, WA, United States",https://www.speedtest.net/result/c/463a38fd-9203-42e6-a536-6b1b1f84c11e
2026-03-21T08:00:31.117218,astound,eth0,940.22,52.32,12.62,1.03,CenturyLink,"Seattle, WA, United States",https://www.speedtest.net/result/c/a09382c7-fd42-41d4-a08c-14f7fe91425d
2026-03-21T08:15:28.148313,astound,eth0,940.24,52.27,11.92,2.16,CenturyLink,"Seattle, WA, United States",https://www.speedtest.net/result/c/17acf35c-aa94-4f2b-a212-5d01b472da27
2026-03-21T08:30:30.462743,astound,eth0,937.91,51.74,12.81,1.15,CenturyLink,"Seattle, WA, United States",https://www.speedtest.net/result/c/5e09f0f6-dfc5-4b32-b765-6b8fe8cd7a35
2026-03-21T08:45:28.022736,astound,eth0,940.71,52.26,17.17,0.11,"Net253, LLC","Bainbridge Island, WA, United States",https://www.speedtest.net/result/c/55a5c1a9-a85e-4aa3-8e71-29d647f46d59
2026-03-21T09:00:32.426064,astound,eth0,920.94,52.55,12.89,1.62,CenturyLink,"Seattle, WA, United States",https://www.speedtest.net/result/c/14592f48-47a9-4c7b-af2f-d3a0cc4b51dc
2026-03-21T09:15:27.415666,astound,eth0,937.18,52.25,12.95,0.17,CenturyLink,"Seattle, WA, United States",https://www.speedtest.net/result/c/8e862222-5fb0-449f-85be-885ad97cbefb
2026-03-21T09:30:27.310687,astound,eth0,941.96,52.2,11.38,2.84,CenturyLink,"Seattle, WA, United States",https://www.speedtest.net/result/c/59251150-ecc0-40f0-bfd1-248fea9315b0
2026-03-21T09:45:25.468543,astound,eth0,939.32,52.26,12.18,1.98,CenturyLink,"Seattle, WA, United States",https://www.speedtest.net/result/c/fc63df98-271e-4d2e-bbd5-843dfacaf7d1
2026-03-21T10:00:25.189436,astound,eth0,945.09,52.23,12.8,3.42,CenturyLink,"Seattle, WA, United States",https://www.speedtest.net/result/c/7e59e778-0c9c-4e45-813c-977dbf8ae567
2026-03-21T10:15:27.100169,astound,eth0,937.67,52.31,12.95,1.11,CenturyLink,"Seattle, WA, United States",https://www.speedtest.net/result/c/742d1dd5-df3f-455e-9408-014b8b4de4a5
2026-03-21T10:30:26.094456,astound,eth0,937.38,52.38,12.21,2.26,CenturyLink,"Seattle, WA, United States",https://www.speedtest.net/result/c/1449986b-0016-4c5f-9bf7-83cc059c1a17
2026-03-21T10:45:25.846530,astound,eth0,930.12,52.31,12.12,1.79,CenturyLink,"Seattle, WA, United States",https://www.speedtest.net/result/c/309ca337-6594-44eb-8c40-2ad72913a346
2026-03-21T11:00:28.024953,astound,eth0,939.88,52.3,12.58,1.19,CenturyLink,"Seattle, WA, United States",https://www.speedtest.net/result/c/273a7435-4d7f-4587-a7df-8cafd76691bb
2026-03-21T11:15:23.308093,astound,eth0,925.93,51.92,7.36,0.98,CenturyLink,"Seattle, WA, United States",https://www.speedtest.net/result/c/06a96aed-f9d7-49ed-b655-4a9e7104f8c8
2026-03-21T11:30:22.046801,astound,eth0,50.0,52.05,12.86,0.97,CenturyLink,"Seattle, WA, United States",https://www.speedtest.net/result/c/057dd588-6896-4672-a911-ee35a2a7abfe
2026-03-21T11:45:23.249688,astound,eth0,50.31,52.23,11.46,0.75,CenturyLink,"Seattle, WA, United States",https://www.speedtest.net/result/c/b622254b-cf4a-47d1-9636-bc02aca39f46
2026-03-21T12:00:26.826934,astound,eth0,50.24,51.54,9.85,2.85,CenturyLink,"Seattle, WA, United States",https://www.speedtest.net/result/c/217a58f3-add2-4ddb-a9ad-0fa3ef679607
2026-03-21T12:15:23.223807,astound,eth0,50.22,52.12,7.77,1.2,CenturyLink,"Seattle, WA, United States",https://www.speedtest.net/result/c/c69d42fc-065c-4dcb-9862-6840ea799b75
2026-03-21T12:30:22.103768,astound,eth0,50.32,50.52,12.22,2.01,CenturyLink,"Seattle, WA, United States",https://www.speedtest.net/result/c/251e797b-00b8-442d-97c6-5fbb08abf2d1
2026-03-21T12:45:25.981471,astound,eth0,50.13,52.63,12.75,1.35,CenturyLink,"Seattle, WA, United States",https://www.speedtest.net/result/c/9b2d3617-670d-4a42-a5ad-781e8ae76247
2026-03-21T13:00:22.503747,astound,eth0,50.21,52.4,16.54,1.26,"Net253, LLC","Bainbridge Island, WA, United States",https://www.speedtest.net/result/c/ce2c9ade-fd5d-42fe-92cc-ceb658a5c057
2026-03-21T13:15:20.685067,astound,eth0,50.16,52.06,10.69,4.64,CenturyLink,"Seattle, WA, United States",https://www.speedtest.net/result/c/60c1f151-86ea-4b8d-8409-78a8dbdb9813
2026-03-21T13:30:23.096994,astound,eth0,50.1,51.9,11.51,3.18,CenturyLink,"Seattle, WA, United States",https://www.speedtest.net/result/c/2eb0c554-8039-4f04-b9be-9e486681e302
2026-03-21T13:45:22.244994,astound,eth0,50.29,51.99,12.28,1.44,CenturyLink,"Seattle, WA, United States",https://www.speedtest.net/result/c/93eeb374-49fd-4205-9fe9-7c9cab736ee7
2026-03-21T14:00:21.176618,astound,eth0,50.01,51.97,12.39,1.34,CenturyLink,"Seattle, WA, United States",https://www.speedtest.net/result/c/4ff76ab2-2eb6-4615-8226-9b5fc23ddeaf
2026-03-21T14:15:26.288144,astound,eth0,934.61,52.07,12.08,1.1,CenturyLink,"Seattle, WA, United States",https://www.speedtest.net/result/c/a5080893-17ac-4446-a033-56d3e14fccda
2026-03-21T14:30:25.052797,astound,eth0,936.37,52.23,12.38,0.78,CenturyLink,"Seattle, WA, United States",https://www.speedtest.net/result/c/d5e4a65e-40ba-4bc6-a6fe-f689e1eb84c9
2026-03-21T14:45:28.690272,astound,eth0,938.59,52.2,11.42,2.28,CenturyLink,"Seattle, WA, United States",https://www.speedtest.net/result/c/7c080d1f-e351-48eb-adb2-1229011ee184
2026-03-21T15:00:26.270703,astound,eth0,939.49,51.59,12.76,1.49,CenturyLink,"Seattle, WA, United States",https://www.speedtest.net/result/c/f2668b31-11b8-42ce-8844-cacb640ed010
2026-03-21T15:15:27.021271,astound,eth0,945.03,52.6,12.17,0.65,CenturyLink,"Seattle, WA, United States",https://www.speedtest.net/result/c/43f4ad87-4d38-47bd-89e6-39c2f01cf156
2026-03-21T15:30:28.748334,astound,eth0,941.16,52.31,11.94,2.08,CenturyLink,"Seattle, WA, United States",https://www.speedtest.net/result/c/6504f18a-d7ed-40b1-a101-3c40afb59198
2026-03-21T15:45:26.389407,astound,eth0,934.63,52.3,7.49,2.21,CenturyLink,"Seattle, WA, United States",https://www.speedtest.net/result/c/97a9c209-0715-4ce8-827c-48c9c42c06a1
2026-03-21T16:00:28.751115,astound,eth0,941.01,52.62,11.29,2.12,CenturyLink,"Seattle, WA, United States",https://www.speedtest.net/result/c/5faa1c35-5d82-4aa1-9210-16073d32ef6c
2026-03-21T16:15:27.481724,astound,eth0,940.04,52.31,12.55,1.67,CenturyLink,"Seattle, WA, United States",https://www.speedtest.net/result/c/a7c4c186-cdca-4cad-9a9c-1634d3029715
2026-03-21T16:30:28.570530,astound,eth0,942.16,52.33,17.12,0.92,"Net253, LLC","Bainbridge Island, WA, United States",https://www.speedtest.net/result/c/bd734df0-4c5b-4249-a23f-b95fc309c5d5
2026-03-21T16:45:26.709962,astound,eth0,940.23,52.29,12.91,0.21,CenturyLink,"Seattle, WA, United States",https://www.speedtest.net/result/c/a38dc72d-8063-41ad-a588-50406f3ec537
2026-03-21T17:00:31.438415,astound,eth0,939.75,52.29,12.97,0.12,CenturyLink,"Seattle, WA, United States",https://www.speedtest.net/result/c/42cd62f8-d3ef-4947-9cb1-8cf46b485778
2026-03-21T17:15:33.966965,astound,eth0,943.97,42.7,12.66,0.66,CenturyLink,"Seattle, WA, United States",https://www.speedtest.net/result/c/a1234b1a-c09c-4c4c-8b7f-e4bc6b172586
2026-03-21T17:30:27.514858,astound,eth0,938.46,52.69,12.77,1.69,CenturyLink,"Seattle, WA, United States",https://www.speedtest.net/result/c/5c2b4934-3535-4cdb-9eee-6129010124b8
2026-03-21T17:45:20.836977,astound,eth0,943.81,42.27,12.75,0.86,CenturyLink,"Seattle, WA, United States",https://www.speedtest.net/result/c/e27358cb-476c-46c4-be72-61755c70f9cd
2026-03-21T18:00:32.052425,astound,eth0,933.54,20.02,12.28,0.84,CenturyLink,"Seattle, WA, United States",https://www.speedtest.net/result/c/e7621f16-b676-44e7-a6e0-8feffb1de14a
2026-03-21T18:15:27.390232,astound,eth0,937.38,52.25,12.83,0.54,CenturyLink,"Seattle, WA, United States",https://www.speedtest.net/result/c/4187b99a-5ec8-4866-96fb-b80cc4914492
2026-03-21T18:30:26.117934,astound,eth0,939.18,52.25,12.38,1.83,CenturyLink,"Seattle, WA, United States",https://www.speedtest.net/result/c/8188b7ea-e55c-4dd8-ab97-97213672dd9a
2026-03-21T18:45:26.221746,astound,eth0,941.41,52.29,11.4,1.92,CenturyLink,"Seattle, WA, United States",https://www.speedtest.net/result/c/fdf76e23-58e3-466c-bb2a-81c438683846
2026-03-21T19:00:24.686575,astound,eth0,943.79,52.67,12.52,1.33,CenturyLink,"Seattle, WA, United States",https://www.speedtest.net/result/c/a5e86a7c-99b1-4f36-ae86-be85d5b4903d
2026-03-21T19:15:26.899715,astound,eth0,945.79,52.28,8.67,2.19,CenturyLink,"Seattle, WA, United States",https://www.speedtest.net/result/c/a2ebaa37-61cf-4ff0-be60-d3511bae793d
2026-03-21T19:30:26.456747,astound,eth0,942.81,52.2,12.24,0.62,CenturyLink,"Seattle, WA, United States",https://www.speedtest.net/result/c/f04781a0-a21f-461f-b669-5a5955053b1d
2026-03-21T19:45:25.326115,astound,eth0,942.7,52.29,12.23,1.13,CenturyLink,"Seattle, WA, United States",https://www.speedtest.net/result/c/8481680c-03f1-4883-94ce-98345f50429d
2026-03-21T20:00:31.708717,astound,eth0,936.38,52.42,12.51,1.73,CenturyLink,"Seattle, WA, United States",https://www.speedtest.net/result/c/2530262f-31ac-4c3f-bb5d-bee8ad48396f
2026-03-21T20:15:27.982616,astound,eth0,939.31,52.3,12.89,1.11,CenturyLink,"Seattle, WA, United States",https://www.speedtest.net/result/c/e6a5890b-7858-4abc-9768-7214179ebddd
2026-03-21T20:30:26.364316,astound,eth0,941.37,52.32,12.13,2.72,CenturyLink,"Seattle, WA, United States",https://www.speedtest.net/result/c/f6df375b-a4c5-4420-b42e-18d4f5c0e557
2026-03-21T20:45:28.902692,astound,eth0,941.15,52.27,12.84,1.02,CenturyLink,"Seattle, WA, United States",https://www.speedtest.net/result/c/c7345fe9-7f7e-482d-9d2c-68d13dcf3f96
2026-03-21T21:00:34.550195,astound,eth0,942.62,52.33,9.44,2.35,CenturyLink,"Seattle, WA, United States",https://www.speedtest.net/result/c/04e438c3-ce4e-444b-8393-8063fd816a0b
2026-03-21T21:15:26.633018,astound,eth0,942.82,52.31,17.16,0.93,"Net253, LLC","Bainbridge Island, WA, United States",https://www.speedtest.net/result/c/72f119dd-1bc3-4db8-b98b-7c3c40657413
2026-03-21T21:30:24.706313,astound,eth0,941.46,52.31,11.38,3.91,CenturyLink,"Seattle, WA, United States",https://www.speedtest.net/result/c/9fb4b2f2-462e-436b-8671-695829bccbee
2026-03-21T21:45:25.857017,astound,eth0,939.9,52.24,12.31,2.05,CenturyLink,"Seattle, WA, United States",https://www.speedtest.net/result/c/3b8fdd2f-e346-4460-a251-901e4d2eea06
2026-03-21T22:00:32.789803,astound,eth0,935.15,52.33,12.84,1.22,CenturyLink,"Seattle, WA, United States",https://www.speedtest.net/result/c/94d41064-4325-435b-b30d-16f5b0a7091b
2026-03-21T22:15:26.470260,astound,eth0,939.41,52.29,12.74,1.32,CenturyLink,"Seattle, WA, United States",https://www.speedtest.net/result/c/8f43eae0-109b-43fc-b7a4-b955a409b258
2026-03-21T22:30:28.527444,astound,eth0,938.75,52.35,12.17,1.64,CenturyLink,"Seattle, WA, United States",https://www.speedtest.net/result/c/25288814-bcb1-499e-ade3-651157ea730f
2026-03-21T22:45:27.503027,astound,eth0,940.44,52.25,12.21,2.18,CenturyLink,"Seattle, WA, United States",https://www.speedtest.net/result/c/fa90f0a4-0067-4b19-8fa2-b588eb514425
2026-03-21T23:00:27.128972,astound,eth0,939.05,52.3,11.43,3.17,CenturyLink,"Seattle, WA, United States",https://www.speedtest.net/result/c/cbbd905a-3ca7-4d73-86a8-5e95b7246736
2026-03-21T23:15:29.545585,astound,eth0,944.04,52.3,12.19,1.44,CenturyLink,"Seattle, WA, United States",https://www.speedtest.net/result/c/4275824e-da00-4b30-9564-60d4187e04a4
2026-03-21T23:30:26.969821,astound,eth0,938.36,52.29,12.51,1.48,CenturyLink,"Seattle, WA, United States",https://www.speedtest.net/result/c/d466e440-0edc-4f90-bccc-d67646d5d307
2026-03-21T23:45:26.945448,astound,eth0,942.1,52.34,12.89,0.74,CenturyLink,"Seattle, WA, United States",https://www.speedtest.net/result/c/189e3720-6edd-438d-9b45-3d42971abae1
2026-03-22T00:00:34.007632,astound,eth0,938.59,52.28,12.99,1.52,CenturyLink,"Seattle, WA, United States",https://www.speedtest.net/result/c/ac790dd8-89bb-4782-bade-821dcb83d410
2026-03-22T00:15:28.314113,astound,eth0,943.24,52.3,12.15,1.98,CenturyLink,"Seattle, WA, United States",https://www.speedtest.net/result/c/73192bf3-c143-42f9-8b29-051c35bdff44
2026-03-22T00:30:25.870356,astound,eth0,937.23,52.36,12.87,1.23,CenturyLink,"Seattle, WA, United States",https://www.speedtest.net/result/c/a7ccf0a5-858f-46b7-be50-65329ba3d31a
2026-03-22T00:45:27.201063,astound,eth0,941.7,52.35,12.8,0.59,CenturyLink,"Seattle, WA, United States",https://www.speedtest.net/result/c/d5c1cbee-08c7-40e4-aedc-2e4f7298bc61
2026-03-22T01:00:26.690582,astound,eth0,940.21,52.35,12.9,0.14,CenturyLink,"Seattle, WA, United States",https://www.speedtest.net/result/c/c129d3ab-c3ba-444e-8f38-5d3716b4a650
2026-03-22T01:15:27.068537,astound,eth0,938.41,52.31,12.89,1.05,CenturyLink,"Seattle, WA, United States",https://www.speedtest.net/result/c/b973aef6-fba8-4c38-b261-80d1f9b5e2bf
2026-03-22T01:30:28.019478,astound,eth0,938.68,52.32,12.15,2.17,CenturyLink,"Seattle, WA, United States",https://www.speedtest.net/result/c/affd2299-2f1c-491e-94dc-334bc32cfe8c
2026-03-22T01:45:28.451943,astound,eth0,942.36,52.24,12.28,1.58,CenturyLink,"Seattle, WA, United States",https://www.speedtest.net/result/c/80bbbfca-5796-4d2f-bfee-7d0b04c6aa0e
2026-03-22T02:00:30.078281,astound,eth0,941.05,52.27,15.83,1.48,"Net253, LLC","Bainbridge Island, WA, United States",https://www.speedtest.net/result/c/dcd6cc03-28a0-4e7f-be05-76a603d8fa1b
2026-03-22T02:15:26.433216,astound,eth0,938.14,52.29,12.2,1.2,CenturyLink,"Seattle, WA, United States",https://www.speedtest.net/result/c/84b150cf-cfac-400a-ad7f-875b47c7ff5e
2026-03-22T02:30:26.513616,astound,eth0,941.02,52.26,11.35,1.64,CenturyLink,"Seattle, WA, United States",https://www.speedtest.net/result/c/b4122877-fba9-477a-9027-0025c6fe990e
2026-03-22T02:45:28.219171,astound,eth0,931.57,52.31,11.21,0.75,CenturyLink,"Seattle, WA, United States",https://www.speedtest.net/result/c/c8970df8-9f92-4e76-b294-4c03097731f5
2026-03-22T03:00:28.412348,astound,eth0,936.59,52.39,12.84,1.44,CenturyLink,"Seattle, WA, United States",https://www.speedtest.net/result/c/7f1912d6-2b94-4bcd-9f47-d1abe39f1095
2026-03-22T03:15:27.539192,astound,eth0,941.58,52.28,12.81,1.34,CenturyLink,"Seattle, WA, United States",https://www.speedtest.net/result/c/94eb1217-5599-4200-ab08-7497277a37cf
2026-03-22T03:30:26.727861,astound,eth0,945.56,52.32,12.23,1.5,CenturyLink,"Seattle, WA, United States",https://www.speedtest.net/result/c/69eafd66-a3bb-47a5-8172-a0e3ea1b6061
2026-03-22T03:45:28.477066,astound,eth0,939.25,52.32,12.92,1.18,CenturyLink,"Seattle, WA, United States",https://www.speedtest.net/result/c/2e3e3672-0642-4676-84a4-357f13833723
2026-03-22T04:00:28.315719,astound,eth0,942.24,52.27,10.77,1.15,CenturyLink,"Seattle, WA, United States",https://www.speedtest.net/result/c/2dfd726b-9459-448d-b0f3-1d540263e29e
2026-03-22T04:15:27.840699,astound,eth0,937.2,52.34,12.91,0.8,CenturyLink,"Seattle, WA, United States",https://www.speedtest.net/result/c/0fc84e8a-0de3-4039-b659-1395ba549541
2026-03-22T04:30:25.726002,astound,eth0,940.61,52.29,12.19,2.17,CenturyLink,"Seattle, WA, United States",https://www.speedtest.net/result/c/6c19184b-75ab-4e9e-b8b9-dda668b799b8
2026-03-22T04:45:28.224719,astound,eth0,936.9,52.25,12.87,1.36,CenturyLink,"Seattle, WA, United States",https://www.speedtest.net/result/c/a9e2f422-5087-4228-ab5e-ff6e95868fd0
2026-03-22T05:00:27.394964,astound,eth0,941.79,52.29,17.18,0.22,"Net253, LLC","Bainbridge Island, WA, United States",https://www.speedtest.net/result/c/e4c21cb1-65b5-4f37-ba6a-f722709d94db
2026-03-22T05:15:25.840667,astound,eth0,937.56,52.27,12.91,1.19,CenturyLink,"Seattle, WA, United States",https://www.speedtest.net/result/c/70be6f49-fbd3-4914-a3e0-649df33233d7
2026-03-22T05:30:25.750432,astound,eth0,942.37,52.28,12.91,1.71,CenturyLink,"Seattle, WA, United States",https://www.speedtest.net/result/c/470245c8-cf09-4fcf-a470-fd7b2fb49ac4
2026-03-22T05:45:28.295879,astound,eth0,935.55,52.37,12.73,1.39,CenturyLink,"Seattle, WA, United States",https://www.speedtest.net/result/c/840a1965-2f14-4079-9dd3-dd11dde9942a
2026-03-22T06:00:32.250288,astound,eth0,935.11,52.28,12.69,1.75,CenturyLink,"Seattle, WA, United States",https://www.speedtest.net/result/c/cf39717f-ce62-4c50-bad2-826cf3e96e6f
2026-03-22T06:15:25.790731,astound,eth0,937.4,52.29,11.36,0.69,CenturyLink,"Seattle, WA, United States",https://www.speedtest.net/result/c/c44a859c-dcc2-4d6b-a161-e3a0c2a3106e
2026-03-22T06:30:28.152192,astound,eth0,945.5,52.27,17.04,1.23,"Net253, LLC","Bainbridge Island, WA, United States",https://www.speedtest.net/result/c/80669f22-f59c-439c-8667-58902cc0df37
2026-03-22T06:45:26.966252,astound,eth0,939.08,52.35,11.4,1.78,CenturyLink,"Seattle, WA, United States",https://www.speedtest.net/result/c/58e9b53a-7c76-4938-b378-2c35690fde21
2026-03-22T07:00:30.191266,astound,eth0,940.3,52.32,12.04,1.43,CenturyLink,"Seattle, WA, United States",https://www.speedtest.net/result/c/0baf053d-c7de-45cd-8d89-25e28c3e0dca
2026-03-22T07:15:29.066973,astound,eth0,938.39,52.28,12.81,1.25,CenturyLink,"Seattle, WA, United States",https://www.speedtest.net/result/c/be405c27-4fa7-4640-a164-67300fbb5538
2026-03-22T07:30:26.690873,astound,eth0,937.86,52.33,11.53,1.82,CenturyLink,"Seattle, WA, United States",https://www.speedtest.net/result/c/55b4a343-6176-4409-865a-e10d233a79de
2026-03-22T07:45:27.780039,astound,eth0,946.68,52.27,12.91,0.25,CenturyLink,"Seattle, WA, United States",https://www.speedtest.net/result/c/85c52e4f-fe5b-446a-9205-c98397f9fcc1
2026-03-22T08:00:31.433775,astound,eth0,938.33,52.25,12.39,2.21,CenturyLink,"Seattle, WA, United States",https://www.speedtest.net/result/c/d11d72b7-d3bd-4f36-adf1-96619714e5f5
2026-03-22T08:15:26.896036,astound,eth0,940.59,52.34,12.78,1.27,CenturyLink,"Seattle, WA, United States",https://www.speedtest.net/result/c/7cda3504-6a20-4d00-bb8b-61958c7bf90e
2026-03-22T08:30:25.646678,astound,eth0,939.26,52.44,12.18,2.12,CenturyLink,"Seattle, WA, United States",https://www.speedtest.net/result/c/a0f52cf1-85a2-441f-98d7-08aa76d0f6e9
2026-03-22T08:45:23.098939,astound,eth0,943.88,52.1,12.87,1.84,CenturyLink,"Seattle, WA, United States",https://www.speedtest.net/result/c/bfeabfcf-a92f-408f-836f-756301298831
2026-03-22T09:00:28.975633,astound,eth0,939.54,52.25,12.71,0.78,CenturyLink,"Seattle, WA, United States",https://www.speedtest.net/result/c/69776cb6-5bf8-4bf2-89b8-df75ab0db22f
2026-03-22T09:15:25.749696,astound,eth0,940.82,52.41,12.76,1.25,CenturyLink,"Seattle, WA, United States",https://www.speedtest.net/result/c/dc9b2eba-2370-4861-b13c-1f3b13b688bc
2026-03-22T09:30:29.881268,astound,eth0,945.41,52.26,17.6,5.72,"Net253, LLC","Bainbridge Island, WA, United States",https://www.speedtest.net/result/c/2321060e-1368-4a72-9fef-51f5c3d2850b
2026-03-22T09:45:25.860591,astound,eth0,935.81,52.41,12.75,1.57,CenturyLink,"Seattle, WA, United States",https://www.speedtest.net/result/c/b8fedc8a-8149-4e77-8e09-fc80482e1d21
2026-03-22T10:00:26.377137,astound,eth0,938.27,52.26,12.88,0.86,CenturyLink,"Seattle, WA, United States",https://www.speedtest.net/result/c/be22856a-2268-4c4f-86ab-89815e31c5ce
2026-03-22T10:15:29.063999,astound,eth0,933.2,52.45,12.11,1.49,CenturyLink,"Seattle, WA, United States",https://www.speedtest.net/result/c/485b2353-7216-4d08-a1cb-579a70c24d8e
2026-03-22T10:30:32.113370,astound,eth0,938.43,40.25,12.69,0.68,CenturyLink,"Seattle, WA, United States",https://www.speedtest.net/result/c/644690c0-391b-49b7-b1ec-205eaded799d
2026-03-22T10:45:29.357003,astound,eth0,939.21,52.23,12.76,1.1,CenturyLink,"Seattle, WA, United States",https://www.speedtest.net/result/c/0bc0cae0-0b08-4ab1-8d1d-ee4083f42988
2026-03-22T11:00:27.306402,astound,eth0,943.34,52.3,8.39,5.1,CenturyLink,"Seattle, WA, United States",https://www.speedtest.net/result/c/52f95a1c-d0bc-41b9-b010-abd3132dfdc5
2026-03-22T11:15:28.586598,astound,eth0,932.21,52.23,12.11,3.86,CenturyLink,"Seattle, WA, United States",https://www.speedtest.net/result/c/b7576cac-3383-49b1-a9be-3492ce295087
2026-03-22T11:30:27.420167,astound,eth0,950.41,52.18,12.35,1.04,CenturyLink,"Seattle, WA, United States",https://www.speedtest.net/result/c/43d78483-9746-407f-bdc5-bbbde726787b
2026-03-22T11:45:26.633207,astound,eth0,936.12,52.35,6.49,1.83,CenturyLink,"Seattle, WA, United States",https://www.speedtest.net/result/c/5b7dd5f4-e6dc-4bc8-b76f-bdd5db187023
2026-03-22T12:00:29.218496,astound,eth0,936.17,52.44,13.16,6.11,CenturyLink,"Seattle, WA, United States",https://www.speedtest.net/result/c/f2a6aca6-974d-4414-87d1-59e245dd4e62
2026-03-22T12:15:26.867342,astound,eth0,939.09,52.27,12.23,1.08,CenturyLink,"Seattle, WA, United States",https://www.speedtest.net/result/c/15774408-2340-4d46-9892-6aab3a0db2c0
2026-03-22T12:30:28.687659,astound,eth0,941.07,52.26,12.81,0.71,CenturyLink,"Seattle, WA, United States",https://www.speedtest.net/result/c/e474f3df-b263-4b57-95e7-4ef73ef7c5b4
2026-03-22T12:45:29.032757,astound,eth0,941.43,52.27,12.1,1.71,CenturyLink,"Seattle, WA, United States",https://www.speedtest.net/result/c/20e9b554-4f09-4966-8605-f46f3e9c902c
2026-03-22T13:00:27.762368,astound,eth0,943.89,52.25,12.27,0.75,CenturyLink,"Seattle, WA, United States",https://www.speedtest.net/result/c/1c8b3e5c-a3b5-46e2-9430-092193fdeddf
2026-03-22T13:15:26.772969,astound,eth0,941.23,52.18,12.69,0.98,CenturyLink,"Seattle, WA, United States",https://www.speedtest.net/result/c/b2af2021-435a-4422-ae9c-4b752a21d261
2026-03-22T13:30:28.530068,astound,eth0,940.33,52.23,8.8,2.03,CenturyLink,"Seattle, WA, United States",https://www.speedtest.net/result/c/b6ac8a16-dd1c-4f39-a280-e40fb64913b3
2026-03-22T13:45:26.818909,astound,eth0,941.62,52.35,12.55,0.51,CenturyLink,"Seattle, WA, United States",https://www.speedtest.net/result/c/12c88aad-4a79-4876-b2d6-9600aaaf009b
2026-03-22T14:00:25.139146,astound,eth0,941.42,52.6,12.32,1.35,CenturyLink,"Seattle, WA, United States",https://www.speedtest.net/result/c/98b017f3-6ac2-403a-b5f8-7498a0b258bd
2026-03-22T14:15:28.086022,astound,eth0,937.06,52.32,11.39,2.4,CenturyLink,"Seattle, WA, United States",https://www.speedtest.net/result/c/c426a640-3813-4f22-8e5a-0b4dc9d1a187
2026-03-22T14:30:26.652682,astound,eth0,941.43,52.54,12.22,1.7,CenturyLink,"Seattle, WA, United States",https://www.speedtest.net/result/c/450cd4da-68ef-47a8-b9b1-40f1caa3684b
2026-03-22T14:45:27.951910,astound,eth0,938.82,52.36,12.18,2.27,CenturyLink,"Seattle, WA, United States",https://www.speedtest.net/result/c/9fa5be59-535a-40ea-8d05-77ccfc22b34c
2026-03-22T15:00:28.782933,astound,eth0,946.77,52.34,12.9,1.64,CenturyLink,"Seattle, WA, United States",https://www.speedtest.net/result/c/0fb8b32c-fe1c-4a6c-8f5a-3755ab95630b
2026-03-22T15:15:25.713321,astound,eth0,944.9,52.27,12.9,0.11,CenturyLink,"Seattle, WA, United States",https://www.speedtest.net/result/c/6218a29d-2957-4c0a-b9ca-c080c321f056
2026-03-22T15:30:28.841966,astound,eth0,943.99,52.41,12.89,1.2,CenturyLink,"Seattle, WA, United States",https://www.speedtest.net/result/c/a5617b9e-518d-4f31-bf40-dd17dd6f5763
2026-03-22T15:45:25.639724,astound,eth0,942.01,52.36,17.18,0.65,"Net253, LLC","Bainbridge Island, WA, United States",https://www.speedtest.net/result/c/98b421f1-bd39-4842-a789-29994e5c0398
2026-03-22T16:00:26.853989,astound,eth0,938.27,52.23,12.81,1.29,CenturyLink,"Seattle, WA, United States",https://www.speedtest.net/result/c/e9ff7f25-f710-4041-a2cb-39a5e5786988
2026-03-22T16:15:25.836727,astound,eth0,939.51,52.55,12.35,1.4,CenturyLink,"Seattle, WA, United States",https://www.speedtest.net/result/c/0bc9f522-5009-4199-a374-772c1d29e5d9
2026-03-22T16:30:26.620525,astound,eth0,941.83,52.24,12.2,4.26,CenturyLink,"Seattle, WA, United States",https://www.speedtest.net/result/c/084ca9b3-7d1f-48d5-b4ed-e1c77b167e45
2026-03-22T16:45:22.644191,astound,eth0,946.51,46.82,12.5,0.57,CenturyLink,"Seattle, WA, United States",https://www.speedtest.net/result/c/761674a0-ac1a-4ac9-a86d-457a7bbd3bfa
2026-03-22T17:00:30.408320,astound,eth0,940.07,52.45,11.82,1.21,CenturyLink,"Seattle, WA, United States",https://www.speedtest.net/result/c/af05836e-688a-44d8-931b-deefc38c148e
2026-03-22T17:15:27.289634,astound,eth0,940.55,52.48,12.2,1.78,CenturyLink,"Seattle, WA, United States",https://www.speedtest.net/result/c/2995f247-b1ea-4dd8-aec5-153619d20da0
2026-03-22T17:30:27.977688,astound,eth0,941.12,52.24,12.65,0.78,CenturyLink,"Seattle, WA, United States",https://www.speedtest.net/result/c/a652638f-0f7e-4cde-bffe-919c024c0006
2026-03-22T17:45:25.859796,astound,eth0,937.84,52.5,11.72,1.37,CenturyLink,"Seattle, WA, United States",https://www.speedtest.net/result/c/38d733b9-6296-47c8-b8b4-4a102908ee8e
2026-03-22T18:00:26.057396,astound,eth0,935.06,52.41,12.16,1.93,CenturyLink,"Seattle, WA, United States",https://www.speedtest.net/result/c/7801b687-265e-4213-a007-01cd8e5cb588
2026-03-22T18:15:28.987145,astound,eth0,944.73,52.32,12.74,1.14,CenturyLink,"Seattle, WA, United States",https://www.speedtest.net/result/c/b5cf458d-0748-4a8d-ada9-b8e04c28b5a8
2026-03-22T18:30:28.154129,astound,eth0,939.08,52.26,12.25,1.03,CenturyLink,"Seattle, WA, United States",https://www.speedtest.net/result/c/c17efe94-a67b-47e7-9320-1e069303cdc7
2026-03-22T18:45:28.386902,astound,eth0,944.58,52.3,12.72,0.91,CenturyLink,"Seattle, WA, United States",https://www.speedtest.net/result/c/d14d373d-1318-4f58-9845-bf7cc9c0a5ec
2026-03-22T19:00:27.546464,astound,eth0,936.63,52.85,12.78,0.99,CenturyLink,"Seattle, WA, United States",https://www.speedtest.net/result/c/fc7bb0eb-2f4f-4cee-9fa0-705021187599
2026-03-22T19:15:28.103227,astound,eth0,937.75,52.29,8.4,1.82,CenturyLink,"Seattle, WA, United States",https://www.speedtest.net/result/c/caa35daf-8950-4bb0-80c9-62844eeee76d
2026-03-22T19:30:26.860256,astound,eth0,943.41,52.31,12.56,1.51,CenturyLink,"Seattle, WA, United States",https://www.speedtest.net/result/c/c6230832-2390-411d-8da7-8d796d10474a
2026-03-22T19:45:29.181628,astound,eth0,941.33,52.5,12.14,1.33,CenturyLink,"Seattle, WA, United States",https://www.speedtest.net/result/c/29483a6f-6c96-4f0f-8bde-daca89b4a3a5
2026-03-22T20:00:31.631275,astound,eth0,944.08,52.25,12.84,2.41,CenturyLink,"Seattle, WA, United States",https://www.speedtest.net/result/c/da139605-cc91-4612-896e-c40ff2b7cf99
2026-03-22T20:15:29.050506,astound,eth0,937.8,52.75,12.02,1.23,CenturyLink,"Seattle, WA, United States",https://www.speedtest.net/result/c/5afa7c4a-86ae-40f5-b601-936a5e726077
2026-03-22T20:30:29.305301,astound,eth0,940.75,52.51,12.17,1.2,CenturyLink,"Seattle, WA, United States",https://www.speedtest.net/result/c/d2104a40-f636-409f-97bd-31c801ab7f17
2026-03-22T20:45:28.754521,astound,eth0,940.98,52.24,12.56,1.64,CenturyLink,"Seattle, WA, United States",https://www.speedtest.net/result/c/1cb9f356-83ab-4926-a98f-9b097b425475
2026-03-22T21:00:33.943537,astound,eth0,913.97,53.77,13.04,0.89,CenturyLink,"Seattle, WA, United States",https://www.speedtest.net/result/c/bfbc3767-a822-41e4-84a6-26974c1bc4dd
2026-03-22T21:15:25.004693,astound,eth0,935.18,52.3,12.22,1.86,CenturyLink,"Seattle, WA, United States",https://www.speedtest.net/result/c/025646cb-824c-426f-8851-f9c2d1c026f1
2026-03-22T21:30:29.083833,astound,eth0,942.98,52.18,12.21,2.14,CenturyLink,"Seattle, WA, United States",https://www.speedtest.net/result/c/087161d7-3075-4033-bf3b-1fe7f6cf21ff
2026-03-22T21:45:22.177622,astound,eth0,937.21,46.26,12.85,3.45,CenturyLink,"Seattle, WA, United States",https://www.speedtest.net/result/c/c7559838-6857-4c2c-b5fb-8eddea1fd2f5
2026-03-22T22:00:26.881885,astound,eth0,947.84,52.91,12.88,1.35,CenturyLink,"Seattle, WA, United States",https://www.speedtest.net/result/c/e5bbde28-3d29-4adc-be59-cafa8eebde76
2026-03-22T22:15:27.916622,astound,eth0,939.63,52.28,12.17,2.17,CenturyLink,"Seattle, WA, United States",https://www.speedtest.net/result/c/0bbd5026-91de-4df8-ad57-92109fd130f6
2026-03-22T22:30:27.409889,astound,eth0,944.59,52.37,16.48,0.84,"Net253, LLC","Bainbridge Island, WA, United States",https://www.speedtest.net/result/c/b2914a6f-978d-49ad-b011-d15059eb29f5
2026-03-22T22:45:24.684185,astound,eth0,939.48,52.07,12.17,1.56,CenturyLink,"Seattle, WA, United States",https://www.speedtest.net/result/c/a43643d7-d6f5-4713-b4b2-0e53591c0e4e
2026-03-22T23:00:29.836357,astound,eth0,939.77,52.22,12.27,1.24,CenturyLink,"Seattle, WA, United States",https://www.speedtest.net/result/c/9c5f8129-0c31-417b-ae17-ed1c6e2f5913
2026-03-22T23:15:26.673473,astound,eth0,943.39,52.52,12.24,1.69,CenturyLink,"Seattle, WA, United States",https://www.speedtest.net/result/c/e35e5787-fa29-4573-b29d-0b520a794dba
2026-03-22T23:30:29.338126,astound,eth0,938.49,52.26,12.91,0.47,CenturyLink,"Seattle, WA, United States",https://www.speedtest.net/result/c/39ff141b-ad6c-4ff9-8e75-653ffe09f206
2026-03-22T23:45:27.007511,astound,eth0,939.59,52.28,12.76,0.64,CenturyLink,"Seattle, WA, United States",https://www.speedtest.net/result/c/ed1a824d-21d7-45cb-a434-65a83dd4ac2c
2026-03-23T00:00:29.897407,astound,eth0,941.53,52.33,17.23,0.25,"Net253, LLC","Bainbridge Island, WA, United States",https://www.speedtest.net/result/c/c3db2b5a-4b64-453c-ab06-3bc0c4e024b3
2026-03-23T00:15:25.904802,astound,eth0,943.04,52.38,12.81,1.25,CenturyLink,"Seattle, WA, United States",https://www.speedtest.net/result/c/fa2b43ed-cee3-4007-8b69-b43decb6b7ad
2026-03-23T00:30:26.355484,astound,eth0,937.18,52.26,12.88,0.64,CenturyLink,"Seattle, WA, United States",https://www.speedtest.net/result/c/e34b1e7d-8923-4c54-a7a5-1445b907ab66
2026-03-23T00:45:26.836531,astound,eth0,938.49,52.3,12.06,1.52,CenturyLink,"Seattle, WA, United States",https://www.speedtest.net/result/c/aad75f4e-2d1e-4276-a189-c7e03f2ef9b3
2026-03-23T01:00:31.062640,astound,eth0,940.19,52.25,11.46,1.66,CenturyLink,"Seattle, WA, United States",https://www.speedtest.net/result/c/6f7b2dfd-2cb5-4dbd-b65a-24a0244ab499
2026-03-23T01:15:27.022005,astound,eth0,938.77,52.32,12.99,3.36,CenturyLink,"Seattle, WA, United States",https://www.speedtest.net/result/c/52f7637c-111f-4270-8e4f-91468ad0773d
2026-03-23T01:30:29.743111,astound,eth0,939.88,52.32,12.09,1.04,CenturyLink,"Seattle, WA, United States",https://www.speedtest.net/result/c/98ed731c-4960-4182-ade2-c8d72861ee46
2026-03-23T01:45:28.546583,astound,eth0,940.67,52.33,12.22,1.65,CenturyLink,"Seattle, WA, United States",https://www.speedtest.net/result/c/63092cc6-8391-41e0-94b2-163be860664c
2026-03-23T02:00:30.657554,astound,eth0,937.02,52.32,12.83,1.12,CenturyLink,"Seattle, WA, United States",https://www.speedtest.net/result/c/39aaea54-0990-42cf-b88e-033e3c7c7403
2026-03-23T02:15:28.814049,astound,eth0,937.73,52.2,11.43,2.22,CenturyLink,"Seattle, WA, United States",https://www.speedtest.net/result/c/c0ba21b2-3c79-460c-8866-a53c622ba0ce
2026-03-23T02:30:27.624108,astound,eth0,938.19,53.02,12.15,2.14,CenturyLink,"Seattle, WA, United States",https://www.speedtest.net/result/c/f32b2aa4-c6da-4d40-b6c8-18f882308ce7
2026-03-23T02:45:26.483166,astound,eth0,933.7,52.27,12.2,2.13,CenturyLink,"Seattle, WA, United States",https://www.speedtest.net/result/c/26b24535-c179-49d7-8449-1482804812ab
2026-03-23T03:00:27.767347,astound,eth0,941.01,52.36,10.04,2.69,CenturyLink,"Seattle, WA, United States",https://www.speedtest.net/result/c/9dfd4ae9-defb-4662-a963-84ee178b5666
2026-03-23T03:15:25.193020,astound,eth0,934.42,52.29,12.93,1.19,CenturyLink,"Seattle, WA, United States",https://www.speedtest.net/result/c/4addbbcb-c60b-4662-9a6e-4a6499623ffb
2026-03-23T03:30:27.820170,astound,eth0,939.04,52.37,12.91,1.09,CenturyLink,"Seattle, WA, United States",https://www.speedtest.net/result/c/4f7399c2-50d5-4d9e-b702-40a53fc2d1d7
2026-03-23T03:45:27.365491,astound,eth0,936.32,52.24,12.92,1.07,CenturyLink,"Seattle, WA, United States",https://www.speedtest.net/result/c/f54d71c0-762a-40c3-808d-f4f443af511e
2026-03-23T04:00:29.677018,astound,eth0,937.96,53.01,12.82,0.24,CenturyLink,"Seattle, WA, United States",https://www.speedtest.net/result/c/e2ecd1c9-6e1e-43c3-a3da-f22d2bff934f
2026-03-23T04:15:27.730638,astound,eth0,942.06,52.28,10.81,1.1,CenturyLink,"Seattle, WA, United States",https://www.speedtest.net/result/c/97f263aa-3e04-48bc-a8b9-c151d287ccd9
2026-03-23T04:30:26.142796,astound,eth0,936.93,52.22,12.98,2.24,CenturyLink,"Seattle, WA, United States",https://www.speedtest.net/result/c/5e295042-d6e5-40cd-89b0-c774a71942f6
2026-03-23T04:45:25.268183,astound,eth0,940.25,52.31,12.05,1.94,CenturyLink,"Seattle, WA, United States",https://www.speedtest.net/result/c/63da58d4-6b6f-4a3c-b2de-60b2082a8fd9
2026-03-23T05:00:28.908527,astound,eth0,944.06,52.28,12.8,1.26,CenturyLink,"Seattle, WA, United States",https://www.speedtest.net/result/c/b395ce46-01ca-4a97-8bd2-d567788e143f
2026-03-23T05:15:28.654191,astound,eth0,940.65,52.35,12.91,0.22,CenturyLink,"Seattle, WA, United States",https://www.speedtest.net/result/c/bec780f7-bc05-4dce-ab15-95c2bb6ebfbc
2026-03-23T05:30:27.144785,astound,eth0,941.91,52.24,11.58,1.38,CenturyLink,"Seattle, WA, United States",https://www.speedtest.net/result/c/6930d312-eac0-45b5-887f-f5d4f6c2e649
2026-03-23T05:45:28.512151,astound,eth0,944.54,52.26,12.21,1.74,CenturyLink,"Seattle, WA, United States",https://www.speedtest.net/result/c/861f13fd-26e9-49d2-87a6-e343e1a52d13
2026-03-23T06:00:33.243100,astound,eth0,941.47,52.21,12.84,1.43,CenturyLink,"Seattle, WA, United States",https://www.speedtest.net/result/c/a15de0fd-367d-439f-9ce0-26d696d174e1
2026-03-23T06:15:28.634503,astound,eth0,936.02,52.41,11.47,0.77,CenturyLink,"Seattle, WA, United States",https://www.speedtest.net/result/c/8bb2ed18-c3de-4555-9dcb-a80c2dd3c5af
2026-03-23T06:30:28.468593,astound,eth0,942.93,52.33,12.17,2.16,CenturyLink,"Seattle, WA, United States",https://www.speedtest.net/result/c/eb3954b8-e62a-4cac-ada0-db25a264b706
2026-03-23T06:45:27.468649,astound,eth0,945.36,52.35,12.87,0.24,CenturyLink,"Seattle, WA, United States",https://www.speedtest.net/result/c/d7e1bd7c-939f-4372-bf5b-c6061c529e50
2026-03-23T07:00:26.633134,astound,eth0,939.59,52.31,12.14,0.86,CenturyLink,"Seattle, WA, United States",https://www.speedtest.net/result/c/71c28a25-bb39-4a6a-8284-bac742808ee6
2026-03-23T07:15:26.678355,astound,eth0,941.34,52.26,12.98,0.68,CenturyLink,"Seattle, WA, United States",https://www.speedtest.net/result/c/0395e9d1-3320-4807-93e2-6b78254a3499
2026-03-23T07:30:27.455310,astound,eth0,940.37,52.27,12.14,1.84,CenturyLink,"Seattle, WA, United States",https://www.speedtest.net/result/c/fcd3813f-c9d3-4519-bc13-9785d521bc10
2026-03-23T07:45:26.972387,astound,eth0,940.89,52.27,11.41,2.33,CenturyLink,"Seattle, WA, United States",https://www.speedtest.net/result/c/2f26179f-7aa6-4aca-839a-fa81b5cf29d4
2026-03-23T08:00:29.740670,astound,eth0,934.64,52.25,12.64,0.87,CenturyLink,"Seattle, WA, United States",https://www.speedtest.net/result/c/d94cebe1-8629-445c-8414-ba0b8ea093ab
2026-03-23T08:15:27.169666,astound,eth0,936.98,52.26,12.27,2.23,CenturyLink,"Seattle, WA, United States",https://www.speedtest.net/result/c/287e3564-0083-46ec-b5f5-a5d186f55f46
2026-03-23T08:30:28.335276,astound,eth0,943.52,52.31,17.23,0.21,"Net253, LLC","Bainbridge Island, WA, United States",https://www.speedtest.net/result/c/f051ca0b-c46e-4c34-9033-cadedf9c3c7a
2026-03-23T08:45:26.161617,astound,eth0,946.55,52.29,12.86,1.2,CenturyLink,"Seattle, WA, United States",https://www.speedtest.net/result/c/45288c11-e15a-4ec2-86de-38eb03197674
2026-03-23T09:00:27.878966,astound,eth0,940.19,52.27,12.3,2.56,CenturyLink,"Seattle, WA, United States",https://www.speedtest.net/result/c/2be83e7f-2839-4db3-8fa0-46fbdcd9a45d
2026-03-23T09:15:27.861452,astound,eth0,937.76,52.32,12.24,0.88,CenturyLink,"Seattle, WA, United States",https://www.speedtest.net/result/c/174bf0be-c554-420c-b205-a0221f8873ee
2026-03-23T09:30:29.881306,astound,eth0,941.71,52.35,12.14,3.32,CenturyLink,"Seattle, WA, United States",https://www.speedtest.net/result/c/7b8c01fc-7681-408e-9897-968484b74ebc
2026-03-23T09:45:25.793422,astound,eth0,939.21,52.32,12.87,1.03,CenturyLink,"Seattle, WA, United States",https://www.speedtest.net/result/c/cc1005f0-3059-4d2a-b111-91233df8212e
2026-03-23T10:00:26.629740,astound,eth0,938.78,52.31,10.75,0.52,CenturyLink,"Seattle, WA, United States",https://www.speedtest.net/result/c/905f633e-fb0f-45ac-b67c-04d3ad3b7cbf
2026-03-23T10:15:28.207493,astound,eth0,938.54,52.32,12.21,0.65,CenturyLink,"Seattle, WA, United States",https://www.speedtest.net/result/c/be7fd923-84e4-48b4-94d1-ee8e8de7121f
2026-03-23T10:30:27.809978,astound,eth0,941.24,52.22,11.79,1.28,CenturyLink,"Seattle, WA, United States",https://www.speedtest.net/result/c/9b89931c-2171-4c38-84b3-fbe8409cb513
2026-03-23T10:45:28.934909,astound,eth0,946.14,52.19,12.18,2.0,CenturyLink,"Seattle, WA, United States",https://www.speedtest.net/result/c/310e86db-1ecb-4399-88e1-60e6c3309a93
2026-03-23T11:00:31.037650,astound,eth0,936.81,52.59,12.78,1.37,CenturyLink,"Seattle, WA, United States",https://www.speedtest.net/result/c/69e4af24-b82e-4aaf-90ef-f77f6d8c288b
2026-03-23T11:15:26.109196,astound,eth0,934.56,52.99,12.76,0.95,CenturyLink,"Seattle, WA, United States",https://www.speedtest.net/result/c/8538b8c3-4441-43c2-b84e-ccd88fa265fe
2026-03-23T11:30:25.979257,astound,eth0,909.31,51.93,9.41,4.41,CenturyLink,"Seattle, WA, United States",https://www.speedtest.net/result/c/98856d4e-3ac4-482e-a8ba-c26679cd42c6
2026-03-23T11:45:28.287056,astound,eth0,937.74,52.65,17.14,1.11,"Net253, LLC","Bainbridge Island, WA, United States",https://www.speedtest.net/result/c/9958fd86-d401-405f-9216-ee898c57190e
2026-03-23T12:00:29.026957,astound,eth0,935.71,52.39,12.18,1.96,CenturyLink,"Seattle, WA, United States",https://www.speedtest.net/result/c/d0c7e95f-a49e-4ead-b0f5-29cbf381b377
2026-03-23T12:15:29.104647,astound,eth0,949.32,51.18,17.13,1.16,"Net253, LLC","Bainbridge Island, WA, United States",https://www.speedtest.net/result/c/439e00fe-16c6-4156-8939-9c6faf1fa821
2026-03-23T12:30:29.075209,astound,eth0,940.29,52.27,12.97,0.11,CenturyLink,"Seattle, WA, United States",https://www.speedtest.net/result/c/5de3114f-fff4-4a26-82e9-f82cbef45626
2026-03-23T12:45:28.838649,astound,eth0,946.54,51.89,10.88,0.64,CenturyLink,"Seattle, WA, United States",https://www.speedtest.net/result/c/774b686b-bddd-41db-b83c-492c478bf7d3
2026-03-23T13:00:27.063125,astound,eth0,938.23,52.3,12.87,1.22,CenturyLink,"Seattle, WA, United States",https://www.speedtest.net/result/c/0c166d55-1264-4040-a1c0-d7924f55e938
2026-03-23T13:15:30.526424,astound,eth0,941.78,52.44,12.87,1.04,CenturyLink,"Seattle, WA, United States",https://www.speedtest.net/result/c/231df544-2c9c-4e6c-9a29-e4be13c6592f
2026-03-23T13:30:24.810113,astound,eth0,942.23,52.31,12.2,1.85,CenturyLink,"Seattle, WA, United States",https://www.speedtest.net/result/c/ca359a34-7acc-4390-aa2d-38731ee9175a
2026-03-23T13:45:27.546732,astound,eth0,946.56,52.42,12.82,1.95,CenturyLink,"Seattle, WA, United States",https://www.speedtest.net/result/c/aef55331-203c-4752-8b22-c13c0038c2f8
2026-03-23T14:00:32.284512,astound,eth0,940.71,52.31,17.1,1.16,"Net253, LLC","Bainbridge Island, WA, United States",https://www.speedtest.net/result/c/aa3b9895-85a5-4b96-8a93-29ff1c1131c7
2026-03-23T14:15:26.568107,astound,eth0,943.83,52.26,12.76,1.04,CenturyLink,"Seattle, WA, United States",https://www.speedtest.net/result/c/08547d42-c96c-420f-9475-7afeb95d6bf4
2026-03-23T14:30:28.816455,astound,eth0,942.14,52.29,12.16,2.1,CenturyLink,"Seattle, WA, United States",https://www.speedtest.net/result/c/6376a5e9-4c45-44ee-a0a3-0a5a57b1023f
2026-03-23T14:45:25.087440,astound,eth0,933.78,52.35,12.74,1.36,CenturyLink,"Seattle, WA, United States",https://www.speedtest.net/result/c/fd21790b-f1be-4655-a9b9-f4f1379374ca
2026-03-23T15:00:27.606521,astound,eth0,939.51,52.34,12.9,0.32,CenturyLink,"Seattle, WA, United States",https://www.speedtest.net/result/c/9bb1f691-047c-439e-926e-09edfdeb006e
2026-03-23T15:15:25.007065,astound,eth0,939.15,52.42,12.02,1.37,CenturyLink,"Seattle, WA, United States",https://www.speedtest.net/result/c/ac0b6543-7aa1-4a2c-8f92-b4c7274b5e3f
2026-03-23T15:30:28.268826,astound,eth0,940.16,52.27,12.02,2.33,CenturyLink,"Seattle, WA, United States",https://www.speedtest.net/result/c/249eb8f3-cae7-415d-99aa-03ca95d17452
2026-03-23T15:45:24.861889,astound,eth0,936.61,52.28,12.78,0.65,CenturyLink,"Seattle, WA, United States",https://www.speedtest.net/result/c/3c3eecc4-8ffc-4716-a0a7-f2296060f5a6
2026-03-23T16:00:29.371674,astound,eth0,936.1,52.2,12.96,0.76,CenturyLink,"Seattle, WA, United States",https://www.speedtest.net/result/c/810c170f-c6b3-428e-b1f1-8886c7ad42c2
2026-03-23T16:15:28.171865,astound,eth0,939.75,52.36,12.02,2.1,CenturyLink,"Seattle, WA, United States",https://www.speedtest.net/result/c/746923cb-6448-432a-87d3-8cefa3bc12ca
2026-03-23T16:30:26.475642,astound,eth0,940.65,52.25,12.89,0.69,CenturyLink,"Seattle, WA, United States",https://www.speedtest.net/result/c/3f269aa0-265a-4a89-a306-aa33a3a61e4c
2026-03-23T16:45:27.559021,astound,eth0,937.9,52.32,12.52,1.37,CenturyLink,"Seattle, WA, United States",https://www.speedtest.net/result/c/c40df9e2-fecc-4f20-96c0-283fbfdb64dc
2026-03-23T17:00:30.162135,astound,eth0,938.56,52.3,12.35,1.81,CenturyLink,"Seattle, WA, United States",https://www.speedtest.net/result/c/70f8d56b-ccfd-4f06-b5e7-e7b5dec1270a
2026-03-23T17:15:25.705505,astound,eth0,939.32,52.38,13.05,5.41,CenturyLink,"Seattle, WA, United States",https://www.speedtest.net/result/c/ad945324-a3a9-43a3-ae4a-8f4042f7007c
2026-03-23T17:30:26.543468,astound,eth0,941.57,52.29,12.01,0.89,CenturyLink,"Seattle, WA, United States",https://www.speedtest.net/result/c/7e8d64c6-9f12-4502-9afb-bb110da1d2ba
2026-03-23T17:45:27.156594,astound,eth0,939.99,52.3,12.82,0.25,CenturyLink,"Seattle, WA, United States",https://www.speedtest.net/result/c/fd8151ad-fe7e-4d6f-adec-b3fe4f59796d
2026-03-23T18:00:27.737639,astound,eth0,939.63,52.24,12.74,1.11,CenturyLink,"Seattle, WA, United States",https://www.speedtest.net/result/c/e1caf536-ae30-41f9-bbcd-bc14d327c772
2026-03-23T18:15:25.358807,astound,eth0,938.19,52.36,12.18,1.36,CenturyLink,"Seattle, WA, United States",https://www.speedtest.net/result/c/8a53b4c9-e8c5-4dac-85c3-7113eab74beb
2026-03-23T18:30:27.947736,astound,eth0,938.31,52.22,12.78,0.7,CenturyLink,"Seattle, WA, United States",https://www.speedtest.net/result/c/b7979587-5d2b-42bf-878d-d724dd3d4b3e
2026-03-23T18:45:28.506633,astound,eth0,942.64,52.27,12.68,0.89,CenturyLink,"Seattle, WA, United States",https://www.speedtest.net/result/c/0daf79a2-fb6d-4757-b654-cfe0c0e9b236
2026-03-23T19:00:30.144765,astound,eth0,940.32,52.32,13.37,0.76,CenturyLink,"Seattle, WA, United States",https://www.speedtest.net/result/c/9f4146e0-db76-48cd-a187-65c168eaca3f
2026-03-23T19:15:28.498638,astound,eth0,944.69,52.19,12.19,1.05,CenturyLink,"Seattle, WA, United States",https://www.speedtest.net/result/c/39c808da-21e6-41e1-82fc-a653bb7b5c46
2026-03-23T19:30:29.749352,astound,eth0,941.49,52.25,12.66,1.67,CenturyLink,"Seattle, WA, United States",https://www.speedtest.net/result/c/e614f567-9fc4-44db-abc6-4fa387a94200
2026-03-23T19:45:28.371759,astound,eth0,939.07,52.39,12.81,1.18,CenturyLink,"Seattle, WA, United States",https://www.speedtest.net/result/c/b5bff6e0-e434-48ee-8de1-4607f4112bbb
2026-03-23T20:00:27.750260,astound,eth0,939.59,52.37,12.45,2.55,CenturyLink,"Seattle, WA, United States",https://www.speedtest.net/result/c/61647498-3b34-458f-b44b-9fa9123813ec
2026-03-23T20:15:25.336033,astound,eth0,940.88,52.51,12.13,1.77,CenturyLink,"Seattle, WA, United States",https://www.speedtest.net/result/c/5c790552-19eb-4db2-b5e2-2668f7bb2ff4
2026-03-23T20:30:28.460092,astound,eth0,938.73,52.3,12.15,1.06,CenturyLink,"Seattle, WA, United States",https://www.speedtest.net/result/c/7641949c-41ce-4235-9cda-2f4a3ed5d711
2026-03-23T20:45:27.896557,astound,eth0,942.49,52.34,12.7,1.06,CenturyLink,"Seattle, WA, United States",https://www.speedtest.net/result/c/45fbff1d-2a5d-4962-8820-75c8e05ebcd9
2026-03-23T21:00:35.086179,astound,eth0,943.55,52.23,11.88,0.87,CenturyLink,"Seattle, WA, United States",https://www.speedtest.net/result/c/35a8e368-c3a3-45d8-bce9-117dd07ad341
2026-03-23T21:15:28.705315,astound,eth0,945.74,52.32,12.12,2.74,CenturyLink,"Seattle, WA, United States",https://www.speedtest.net/result/c/e9ed9a2a-087a-460b-80b6-d2b941be1bd0
2026-03-23T21:30:25.832386,astound,eth0,939.14,52.26,11.36,2.32,CenturyLink,"Seattle, WA, United States",https://www.speedtest.net/result/c/4b60237a-fa9a-4f8c-87f8-45c59564f6f4
2026-03-23T21:45:26.530807,astound,eth0,945.05,52.23,12.73,1.84,CenturyLink,"Seattle, WA, United States",https://www.speedtest.net/result/c/d3f520d8-5aac-41ae-97a3-04cf604cb3ea
2026-03-23T22:00:26.573752,astound,eth0,938.28,52.23,12.19,1.08,CenturyLink,"Seattle, WA, United States",https://www.speedtest.net/result/c/de58d31a-2e51-4863-b359-36a1c6195657
2026-03-23T22:15:26.248459,astound,eth0,937.34,52.32,12.64,0.73,CenturyLink,"Seattle, WA, United States",https://www.speedtest.net/result/c/61b97517-16bd-45ec-9e2f-b04b1c271cf6
2026-03-23T22:30:25.174520,astound,eth0,947.93,52.31,12.3,0.68,CenturyLink,"Seattle, WA, United States",https://www.speedtest.net/result/c/644c9614-ce2f-4229-81cd-ca7cdd4099a3
2026-03-23T22:45:25.811516,astound,eth0,946.82,46.26,12.3,1.68,CenturyLink,"Seattle, WA, United States",https://www.speedtest.net/result/c/c993d0db-8526-4ed2-ab95-65c270eda661
2026-03-23T23:00:28.541160,astound,eth0,938.41,52.25,12.8,1.41,CenturyLink,"Seattle, WA, United States",https://www.speedtest.net/result/c/41bc8c53-6c22-493c-9ffa-68fc3a8dabc7
2026-03-23T23:15:28.001046,astound,eth0,942.77,52.22,12.3,1.75,CenturyLink,"Seattle, WA, United States",https://www.speedtest.net/result/c/0cea9c0f-cf6b-4771-88f1-89cbed12e555
2026-03-23T23:30:25.529743,astound,eth0,941.03,52.21,11.43,1.64,CenturyLink,"Seattle, WA, United States",https://www.speedtest.net/result/c/77626840-68a9-4b77-ad2c-4783f2818072
2026-03-23T23:45:29.700718,astound,eth0,946.01,26.62,12.13,1.75,CenturyLink,"Seattle, WA, United States",https://www.speedtest.net/result/c/30bfaa6e-542b-4d58-9ae6-58041d06a6f3
2026-03-24T00:00:25.013566,astound,eth0,939.77,41.22,13.14,0.96,CenturyLink,"Seattle, WA, United States",https://www.speedtest.net/result/c/09c511fc-1924-42df-82ef-0b24bc25b595
2026-03-24T00:15:27.349900,astound,eth0,939.19,52.25,12.16,2.18,CenturyLink,"Seattle, WA, United States",https://www.speedtest.net/result/c/ac0e4401-f953-4814-b30f-faedb1cd3842
2026-03-24T00:30:25.462669,astound,eth0,944.61,52.32,12.21,2.24,CenturyLink,"Seattle, WA, United States",https://www.speedtest.net/result/c/cf41145f-159c-4003-bc2f-f96c795cbe51
2026-03-24T00:45:28.276302,astound,eth0,939.7,52.24,11.43,2.29,CenturyLink,"Seattle, WA, United States",https://www.speedtest.net/result/c/d517b6e7-f58b-4aca-9de7-ba024630ee45
2026-03-24T01:00:30.374273,astound,eth0,940.98,52.25,11.35,3.2,CenturyLink,"Seattle, WA, United States",https://www.speedtest.net/result/c/25930a86-b190-4dab-8f5f-41501f54ff98
2026-03-24T01:15:25.497973,astound,eth0,940.3,52.39,12.22,1.62,CenturyLink,"Seattle, WA, United States",https://www.speedtest.net/result/c/850a326d-552c-4c34-b6d4-0bcd4145bc23
2026-03-24T01:30:25.742280,astound,eth0,940.38,52.27,12.21,1.74,CenturyLink,"Seattle, WA, United States",https://www.speedtest.net/result/c/c0c816d8-0733-464f-9be2-2110bbad6a56
2026-03-24T01:45:26.265992,astound,eth0,939.72,52.24,12.91,1.26,CenturyLink,"Seattle, WA, United States",https://www.speedtest.net/result/c/978716d0-eb42-4ece-8c20-29ec9110d8e7
2026-03-24T02:00:27.363893,astound,eth0,939.98,52.36,11.38,1.85,CenturyLink,"Seattle, WA, United States",https://www.speedtest.net/result/c/95b44ebe-ca95-4bb2-9394-03ef37cd9a07
2026-03-24T02:15:27.968926,astound,eth0,937.91,52.29,12.91,0.23,CenturyLink,"Seattle, WA, United States",https://www.speedtest.net/result/c/87eb326f-43cb-452c-b103-a2d932fa4cf2
2026-03-24T02:30:28.535486,astound,eth0,942.3,52.32,12.14,1.28,CenturyLink,"Seattle, WA, United States",https://www.speedtest.net/result/c/78ff6bd6-0ca4-4a7c-abba-9644458f649e
2026-03-24T02:45:28.432909,astound,eth0,940.83,52.23,12.99,0.12,CenturyLink,"Seattle, WA, United States",https://www.speedtest.net/result/c/f8dedfee-3cf2-4855-ae7c-9321d1cef77e
2026-03-24T03:00:29.590229,astound,eth0,940.51,52.3,12.97,0.37,CenturyLink,"Seattle, WA, United States",https://www.speedtest.net/result/c/4ad17dd5-6ab1-4d13-b342-5e94fe58975c
2026-03-24T03:15:27.485666,astound,eth0,940.02,52.28,12.9,0.12,CenturyLink,"Seattle, WA, United States",https://www.speedtest.net/result/c/e81f5ec9-ed50-40ba-b578-212d8535c891
2026-03-24T03:30:28.980224,astound,eth0,942.89,52.31,12.8,1.28,CenturyLink,"Seattle, WA, United States",https://www.speedtest.net/result/c/2e7d2e53-1f61-4027-9a8c-188a3eb4246a
2026-03-24T03:45:29.012096,astound,eth0,943.05,52.24,12.3,0.7,CenturyLink,"Seattle, WA, United States",https://www.speedtest.net/result/c/59510a1f-3e47-4f35-a2d8-40846b20bb9c
2026-03-24T04:00:30.879499,astound,eth0,941.52,52.23,12.21,1.22,CenturyLink,"Seattle, WA, United States",https://www.speedtest.net/result/c/32b3237e-a180-4541-87aa-5883efffb283
2026-03-24T04:15:25.653633,astound,eth0,940.34,52.29,12.28,0.68,CenturyLink,"Seattle, WA, United States",https://www.speedtest.net/result/c/86e45865-8324-4cf6-84e8-38affaa79511
2026-03-24T04:30:27.601575,astound,eth0,941.03,52.32,12.88,1.34,CenturyLink,"Seattle, WA, United States",https://www.speedtest.net/result/c/78629750-758d-472a-b5a4-79cba34e3160
2026-03-24T04:45:26.503498,astound,eth0,939.38,52.3,11.04,0.9,CenturyLink,"Seattle, WA, United States",https://www.speedtest.net/result/c/b35001a0-eda7-4d95-9629-68afba587c01
2026-03-24T05:00:29.750572,astound,eth0,937.88,52.3,12.85,3.54,CenturyLink,"Seattle, WA, United States",https://www.speedtest.net/result/c/81c8ef82-eea9-48a6-a0d8-632a39ec341f
2026-03-24T05:15:27.506646,astound,eth0,940.2,52.27,12.72,1.19,CenturyLink,"Seattle, WA, United States",https://www.speedtest.net/result/c/7e262756-765e-4378-8550-18bee0ba1dcd
2026-03-24T05:30:29.294497,astound,eth0,941.76,52.31,12.22,2.41,CenturyLink,"Seattle, WA, United States",https://www.speedtest.net/result/c/63475c75-e0bd-44f3-be30-162393ad0042
2026-03-24T05:45:27.881257,astound,eth0,937.21,52.27,12.61,1.45,CenturyLink,"Seattle, WA, United States",https://www.speedtest.net/result/c/0c2b2f36-0700-4a39-a6a5-b8ab39e36303
2026-03-24T06:00:26.239670,astound,eth0,943.35,52.24,12.91,1.19,CenturyLink,"Seattle, WA, United States",https://www.speedtest.net/result/c/3389860f-e89a-4ee5-b79c-9af8a3a0ee7a
2026-03-24T06:15:25.502518,astound,eth0,939.51,52.48,12.2,1.72,CenturyLink,"Seattle, WA, United States",https://www.speedtest.net/result/c/6afd405c-046e-41d3-aea7-8b8374807e40
2026-03-24T06:30:27.657226,astound,eth0,946.35,52.21,12.79,1.31,CenturyLink,"Seattle, WA, United States",https://www.speedtest.net/result/c/3948769a-12be-41ae-9051-27c1adc74a0d
2026-03-24T06:45:28.943264,astound,eth0,939.93,52.26,12.23,2.56,CenturyLink,"Seattle, WA, United States",https://www.speedtest.net/result/c/1b1b6a09-eb86-4761-a98d-761361124010
2026-03-24T07:00:30.689391,astound,eth0,939.0,52.28,12.87,1.36,CenturyLink,"Seattle, WA, United States",https://www.speedtest.net/result/c/149f07a6-5f07-4f69-a3fc-acfa15317e14
2026-03-24T07:15:26.316755,astound,eth0,938.69,52.21,11.32,0.98,CenturyLink,"Seattle, WA, United States",https://www.speedtest.net/result/c/6d28fcaf-c8ef-4348-9e77-15767a6a5248
2026-03-24T07:30:30.278627,astound,eth0,941.85,52.19,12.15,0.83,CenturyLink,"Seattle, WA, United States",https://www.speedtest.net/result/c/114ad22c-b07f-4efa-b310-0bcdb206fc66
2026-03-24T07:45:25.908098,astound,eth0,936.55,52.33,12.9,0.19,CenturyLink,"Seattle, WA, United States",https://www.speedtest.net/result/c/7bb5cda8-4a99-4a67-8cb1-9d090044315c
2026-03-24T08:00:31.428037,astound,eth0,942.67,52.33,12.92,0.21,CenturyLink,"Seattle, WA, United States",https://www.speedtest.net/result/c/fe01eed2-2847-409c-b5dc-f1440caa138d
2026-03-24T08:15:27.568205,astound,eth0,915.16,52.36,12.16,1.96,CenturyLink,"Seattle, WA, United States",https://www.speedtest.net/result/c/94bb2475-34b3-4e9f-95dd-f88b34ae5ee1
2026-03-24T08:30:26.963387,astound,eth0,944.25,52.13,12.22,1.16,CenturyLink,"Seattle, WA, United States",https://www.speedtest.net/result/c/206fec91-92df-498d-81c2-14a8686f9a62
2026-03-24T08:45:25.261109,astound,eth0,939.92,52.22,12.61,1.69,CenturyLink,"Seattle, WA, United States",https://www.speedtest.net/result/c/81c1dd51-41c0-4b23-88d8-610e6d451664
2026-03-24T09:00:30.498027,astound,eth0,938.98,52.3,12.26,1.67,CenturyLink,"Seattle, WA, United States",https://www.speedtest.net/result/c/3f0a1998-9498-447a-b6dc-e5e50c1b35b8
2026-03-24T09:15:25.269172,astound,eth0,937.76,52.23,12.16,1.61,CenturyLink,"Seattle, WA, United States",https://www.speedtest.net/result/c/df12b06b-9ffa-4991-9c71-1031bd0c51bb
2026-03-24T09:30:27.883139,astound,eth0,943.76,52.33,12.3,1.8,CenturyLink,"Seattle, WA, United States",https://www.speedtest.net/result/c/c727b698-8713-4fa5-9a36-750d78e4a09a
2026-03-24T09:45:32.790999,astound,eth0,943.56,51.79,12.5,0.62,CenturyLink,"Seattle, WA, United States",https://www.speedtest.net/result/c/c3c8a34b-5311-40b5-b9bb-dca590ab0f96
2026-03-24T10:00:30.213604,astound,eth0,940.52,52.38,12.83,1.01,CenturyLink,"Seattle, WA, United States",https://www.speedtest.net/result/c/5128805c-28ac-4ef7-9e9c-5050ed45621d
2026-03-24T10:15:27.974330,astound,eth0,936.03,52.2,12.87,1.2,CenturyLink,"Seattle, WA, United States",https://www.speedtest.net/result/c/60f0875a-3255-4afb-8ee2-fc7e01d6d5f6
2026-03-24T10:30:28.024777,astound,eth0,944.42,52.23,11.35,1.44,CenturyLink,"Seattle, WA, United States",https://www.speedtest.net/result/c/d058eb2e-6920-412f-a52b-192c1f3c47c2
2026-03-24T10:45:27.172134,astound,eth0,942.39,52.21,12.96,0.19,CenturyLink,"Seattle, WA, United States",https://www.speedtest.net/result/c/bd768a89-0d60-4d2c-ba60-31580cef76f3
2026-03-24T11:00:30.580220,astound,eth0,942.39,52.21,17.32,0.32,"Net253, LLC","Bainbridge Island, WA, United States",https://www.speedtest.net/result/c/4d8cadc4-950c-4780-bcc2-056ee92ccaa2
2026-03-24T11:15:26.173350,astound,eth0,937.51,52.27,12.49,0.76,CenturyLink,"Seattle, WA, United States",https://www.speedtest.net/result/c/d57e7d5b-4e72-402d-841b-d47b7ba613a4
2026-03-24T11:30:26.924047,astound,eth0,936.53,52.24,12.89,2.64,CenturyLink,"Seattle, WA, United States",https://www.speedtest.net/result/c/1038bed5-5254-4714-9e05-bb13b5de57d4
2026-03-24T11:45:29.669306,astound,eth0,942.69,52.3,12.86,0.6,CenturyLink,"Seattle, WA, United States",https://www.speedtest.net/result/c/31641ef2-b5e4-46b1-bf54-0cc9cee97feb
2026-03-24T12:00:26.691475,astound,eth0,936.78,52.28,13.56,5.56,CenturyLink,"Seattle, WA, United States",https://www.speedtest.net/result/c/4e903e45-2d0f-4394-bb7f-43a435529be7
2026-03-24T12:15:29.934219,astound,eth0,942.21,52.26,12.44,2.49,CenturyLink,"Seattle, WA, United States",https://www.speedtest.net/result/c/32334111-d0c8-42f5-95cc-13c9c4c1db5c
2026-03-24T12:30:26.154301,astound,eth0,940.1,52.38,12.06,1.4,CenturyLink,"Seattle, WA, United States",https://www.speedtest.net/result/c/e1e7bf4c-7924-4e97-b9a5-ce5f459fdde2
2026-03-24T12:45:24.646006,astound,eth0,940.02,52.36,12.78,1.04,CenturyLink,"Seattle, WA, United States",https://www.speedtest.net/result/c/4218d5c0-1935-4654-9eef-6265f4a0b959
2026-03-24T13:00:28.112814,astound,eth0,941.31,52.25,12.83,1.18,CenturyLink,"Seattle, WA, United States",https://www.speedtest.net/result/c/1e585065-04f0-4713-89b0-d0e7ef1b17c6
2026-03-24T13:15:27.040957,astound,eth0,944.12,52.28,12.82,0.9,CenturyLink,"Seattle, WA, United States",https://www.speedtest.net/result/c/980b0af0-5d68-4fd1-bcc0-38aa18a32622
2026-03-24T13:30:27.925709,astound,eth0,935.37,52.36,12.91,0.16,CenturyLink,"Seattle, WA, United States",https://www.speedtest.net/result/c/48cd07e0-7cac-4c25-8a1d-ebe85ca3ea1a
2026-03-24T13:45:25.645115,astound,eth0,938.48,52.32,12.74,1.47,CenturyLink,"Seattle, WA, United States",https://www.speedtest.net/result/c/168544dd-6a1a-4ab3-8ce3-1aec83eccffb
2026-03-24T14:00:28.182856,astound,eth0,943.15,52.22,11.45,2.53,CenturyLink,"Seattle, WA, United States",https://www.speedtest.net/result/c/71c25707-cdb6-427b-bea7-36acbcc42ac5
2026-03-24T14:15:27.666508,astound,eth0,936.85,52.31,12.04,1.86,CenturyLink,"Seattle, WA, United States",https://www.speedtest.net/result/c/4ce14f41-b3f6-4ddc-90b7-df4df8e7a9aa
2026-03-24T14:30:27.289627,astound,eth0,940.73,52.29,12.99,1.29,CenturyLink,"Seattle, WA, United States",https://www.speedtest.net/result/c/6526bdcd-e3f1-4afb-b81b-34278d0d9da6
2026-03-24T14:45:29.453669,astound,eth0,940.17,52.95,12.11,1.98,CenturyLink,"Seattle, WA, United States",https://www.speedtest.net/result/c/fc0c544d-1d5d-4dab-b25c-f0ce9c162166
2026-03-24T15:00:36.494137,astound,eth0,940.65,50.92,12.94,4.04,CenturyLink,"Seattle, WA, United States",https://www.speedtest.net/result/c/d8800e66-348b-428e-91ca-85f43cbc5533
2026-03-24T15:15:26.765420,astound,eth0,939.41,52.33,12.91,0.4,CenturyLink,"Seattle, WA, United States",https://www.speedtest.net/result/c/35adba1b-31fa-4e0c-a65e-9cb330822916
2026-03-24T15:30:27.906661,astound,eth0,942.64,52.15,11.22,3.42,CenturyLink,"Seattle, WA, United States",https://www.speedtest.net/result/c/cabee325-6fa9-4330-9627-8a351693fd8e
2026-03-24T15:45:25.729287,astound,eth0,944.19,52.3,12.51,1.57,CenturyLink,"Seattle, WA, United States",https://www.speedtest.net/result/c/fef5468d-b44c-46fe-958e-d8d40e99fe96
2026-03-24T16:00:26.838016,astound,eth0,942.43,52.38,11.98,2.08,CenturyLink,"Seattle, WA, United States",https://www.speedtest.net/result/c/e9c8a328-106e-4f3f-970a-cdc8aabe5bcb
2026-03-24T16:15:26.893400,astound,eth0,939.58,52.25,12.91,0.62,CenturyLink,"Seattle, WA, United States",https://www.speedtest.net/result/c/d1f5985f-aec8-432a-adc7-dcf922aa0886
2026-03-24T16:30:27.343949,astound,eth0,940.15,52.32,10.03,3.92,CenturyLink,"Seattle, WA, United States",https://www.speedtest.net/result/c/8bdb2d43-01a5-4da6-9b99-22866ed5fa1f
2026-03-24T16:45:27.322331,astound,eth0,944.26,52.26,17.22,0.52,"Net253, LLC","Bainbridge Island, WA, United States",https://www.speedtest.net/result/c/1bb1dc37-0b64-43b7-8bba-36c9f52ec135
2026-03-24T17:00:28.809367,astound,eth0,939.83,52.2,12.25,0.68,CenturyLink,"Seattle, WA, United States",https://www.speedtest.net/result/c/fa9d97e9-c338-4560-9f88-8ce19d3b7387
2026-03-24T17:15:28.265442,astound,eth0,938.21,52.23,12.22,1.8,CenturyLink,"Seattle, WA, United States",https://www.speedtest.net/result/c/472e2b25-c83f-4ad7-96d8-7358d2a96c8a
2026-03-24T17:30:26.934825,astound,eth0,938.09,52.31,12.83,0.71,CenturyLink,"Seattle, WA, United States",https://www.speedtest.net/result/c/a4d0db5b-f04f-45ee-a374-e928061272cd
2026-03-24T17:45:29.901109,astound,eth0,938.99,52.26,12.92,0.85,CenturyLink,"Seattle, WA, United States",https://www.speedtest.net/result/c/5674d04a-6ce6-46dc-90fc-11deb4dd7627
2026-03-24T18:00:25.598881,astound,eth0,940.98,52.35,12.26,1.84,CenturyLink,"Seattle, WA, United States",https://www.speedtest.net/result/c/0d484d46-5b3e-4cd5-9d0f-3494fbe70ba9
2026-03-24T18:15:26.568111,astound,eth0,942.27,52.37,12.97,0.16,CenturyLink,"Seattle, WA, United States",https://www.speedtest.net/result/c/025b4ca3-4f91-465b-9e78-6339272da47a
2026-03-24T18:30:25.739870,astound,eth0,937.01,52.27,12.06,1.02,CenturyLink,"Seattle, WA, United States",https://www.speedtest.net/result/c/424fe791-0ef2-43a8-8a59-966fabd24171
2026-03-24T18:45:29.072423,astound,eth0,937.22,52.26,12.76,0.82,CenturyLink,"Seattle, WA, United States",https://www.speedtest.net/result/c/2b7787d4-2175-4a65-ae9f-4d26ee11409e
2026-03-24T19:00:40.668248,astound,eth0,945.78,30.93,10.94,0.89,GSL Networks,"Seattle, WA, United States",https://www.speedtest.net/result/c/762d19bf-05e6-4641-af75-54242ad68cc8
2026-03-24T19:15:28.124328,astound,eth0,939.72,52.35,11.09,4.11,Astound Broadband,"Port Orchard, WA, United States",https://www.speedtest.net/result/c/cbd3d98f-ea89-424b-b3d7-64006ccd5953
2026-03-24T19:30:24.604598,astound,eth0,928.58,52.29,10.98,3.31,Ziply Fiber,"Seattle, WA, United States",https://www.speedtest.net/result/c/0726e6a9-e3af-4ad7-bf59-577757423e63
2026-03-24T19:45:29.075438,astound,eth0,935.39,52.34,11.85,2.87,"KamaTera, Inc.","Seattle, WA, United States",https://www.speedtest.net/result/c/7a99f3b1-7abd-4226-937d-a530ab9e160f
2026-03-24T20:00:29.481656,astound,eth0,939.7,52.24,10.77,1.1,Astound Broadband,"Port Orchard, WA, United States",https://www.speedtest.net/result/c/46cffead-33d3-4f0e-a97b-00438e5c058d
2026-03-24T20:15:36.732335,astound,eth0,402.76,19.32,10.93,0.67,Astound Broadband,"Seattle, WA, United States",https://www.speedtest.net/result/c/9bf80e8d-6f55-415c-822a-9b13f97f0d64
2026-03-24T20:30:27.650444,astound,eth0,938.99,52.28,5.02,2.3,Astound Broadband,"Port Orchard, WA, United States",https://www.speedtest.net/result/c/030cb561-5d48-47a4-bec1-47ce7fd73537
2026-03-24T20:45:32.299689,astound,eth0,926.37,19.46,10.81,0.59,Astound Broadband,"Port Orchard, WA, United States",https://www.speedtest.net/result/c/176fd6bd-f976-43c3-81bf-b702b84b2ab6
2026-03-24T21:00:29.861455,astound,eth0,939.4,52.3,11.39,1.56,Astound Broadband,"Port Orchard, WA, United States",https://www.speedtest.net/result/c/ca4a2db5-1154-4210-8c01-e2c2d4a344df
2026-03-24T21:15:35.749571,astound,eth0,911.13,35.86,11.34,2.07,Astound Broadband,"Port Orchard, WA, United States",https://www.speedtest.net/result/c/c6467ffc-0faf-42a7-bc59-f26c09264b0f
2026-03-24T21:30:32.464185,astound,eth0,938.17,46.6,10.74,0.37,Astound Broadband,"Port Orchard, WA, United States",https://www.speedtest.net/result/c/5880cde2-c251-4fe0-9575-3ffd477a479d
2026-03-24T21:45:30.976247,astound,eth0,939.34,52.29,11.41,0.63,Ziply Fiber,"Seattle, WA, United States",https://www.speedtest.net/result/c/6df30a2e-24f7-4baf-97c3-3ebc64db9a4c
2026-03-24T22:00:37.346932,astound,eth0,935.54,52.34,11.35,2.79,GSL Networks,"Seattle, WA, United States",https://www.speedtest.net/result/c/c292c690-4c9d-4650-b275-14015066cc3c
2026-03-24T22:15:29.906893,astound,eth0,939.98,52.72,11.49,6.59,Astound Broadband,"Port Orchard, WA, United States",https://www.speedtest.net/result/c/eed0d65d-fa26-4b35-ad29-84c4b9e8ad2b
2026-03-24T22:30:31.992242,astound,eth0,918.56,11.35,10.81,0.56,Astound Broadband,"Port Orchard, WA, United States",https://www.speedtest.net/result/c/68bbd951-ce0f-4345-ab91-4952972d5434
2026-03-24T22:45:35.820866,astound,eth0,351.27,52.2,10.75,0.21,Astound Broadband,"Seattle, WA, United States",https://www.speedtest.net/result/c/df9df2ba-7308-4dbf-bc4c-c29ee9b6b2e9
2026-03-24T23:00:35.420465,astound,eth0,239.07,52.35,10.78,0.22,Astound Broadband,"Seattle, WA, United States",https://www.speedtest.net/result/c/d4254460-5243-4f29-bf93-28f1e89ccf11
2026-03-24T23:15:34.582703,astound,eth0,933.86,38.73,10.8,1.28,Ziply Fiber,"Seattle, WA, United States",https://www.speedtest.net/result/c/7c83f832-573d-46af-b18a-ec1e7d9dd220
2026-03-24T23:30:33.082220,astound,eth0,936.02,25.36,10.74,0.1,Astound Broadband,"Port Orchard, WA, United States",https://www.speedtest.net/result/c/f8958cf1-8b05-4d39-b2e8-7bb2607170b8
2026-03-24T23:45:33.746327,astound,eth0,932.55,50.38,10.96,0.9,Astound Broadband,"Port Orchard, WA, United States",https://www.speedtest.net/result/c/88ecbc7c-56b1-48aa-9197-5c01d470abb4
2026-03-25T00:00:33.213069,astound,eth0,196.27,52.47,7.22,2.92,Astound Broadband,"Seattle, WA, United States",https://www.speedtest.net/result/c/db03936c-f3d6-4a1f-a0ba-9ba4c352911f
2026-03-25T00:15:33.451334,astound,eth0,231.07,52.26,10.76,0.21,Astound Broadband,"Seattle, WA, United States",https://www.speedtest.net/result/c/831add7e-6f9b-4153-a0e5-dfa39ef046af
2026-03-25T00:30:37.229172,astound,eth0,400.57,52.28,10.81,0.73,Astound Broadband,"Seattle, WA, United States",https://www.speedtest.net/result/c/5f909dba-9993-40e2-9b05-f56230440759
2026-03-25T00:45:29.379768,astound,eth0,939.25,52.27,10.78,0.69,Ziply Fiber,"Seattle, WA, United States",https://www.speedtest.net/result/c/afba6621-3724-416b-8cb0-1cae72260072
2026-03-25T01:00:31.102914,astound,eth0,939.46,52.24,10.73,0.46,Astound Broadband,"Port Orchard, WA, United States",https://www.speedtest.net/result/c/4843d6c4-4d09-44f1-95aa-4ea21c34bf10
2026-03-25T01:15:28.953722,astound,eth0,939.67,52.22,10.74,0.28,Ziply Fiber,"Seattle, WA, United States",https://www.speedtest.net/result/c/09e5975f-7d32-4431-9429-ac16bb2dd9e7
2026-03-25T01:30:30.102797,astound,eth0,406.37,52.2,10.72,1.24,Astound Broadband,"Seattle, WA, United States",https://www.speedtest.net/result/c/00bec80f-77d7-4428-b1ea-f7756e84f2b5
2026-03-25T01:45:28.741222,astound,eth0,939.25,52.3,10.74,0.21,Astound Broadband,"Port Orchard, WA, United States",https://www.speedtest.net/result/c/c1acc942-47c6-415c-a3b0-d04612726f85
2026-03-25T02:00:30.564617,astound,eth0,168.79,52.34,10.73,1.17,Astound Broadband,"Seattle, WA, United States",https://www.speedtest.net/result/c/e471bc6a-563b-4a35-843b-8e37d74a2c46
2026-03-25T02:15:28.493013,astound,eth0,939.36,52.33,10.74,0.21,Astound Broadband,"Port Orchard, WA, United States",https://www.speedtest.net/result/c/4239dfc1-5f5d-4acd-842d-290c3fca093a
2026-03-25T02:30:29.382263,astound,eth0,939.54,52.23,10.73,0.22,Astound Broadband,"Port Orchard, WA, United States",https://www.speedtest.net/result/c/20f77f37-c333-4f10-b9f7-9707488ca2c5
2026-03-25T02:45:30.679038,astound,eth0,286.27,52.33,10.71,0.16,Astound Broadband,"Seattle, WA, United States",https://www.speedtest.net/result/c/a9c50f36-7a2b-4d65-b797-ff7522f83667
2026-03-25T03:00:29.949903,astound,eth0,223.51,51.97,10.73,0.07,Astound Broadband,"Seattle, WA, United States",https://www.speedtest.net/result/c/0fed9593-d420-4b11-b929-9747066c0945
2026-03-25T03:15:28.456819,astound,eth0,938.8,52.19,10.64,0.44,Astound Broadband,"Port Orchard, WA, United States",https://www.speedtest.net/result/c/b43a34af-50a9-48f8-b646-582b0aedd681
2026-03-25T03:30:36.825828,astound,eth0,549.82,51.99,11.28,1.52,Astound Broadband,"Seattle, WA, United States",https://www.speedtest.net/result/c/1aaf5e23-921f-4aa8-af6b-0f8ca06b2350
2026-03-25T03:45:28.856016,astound,eth0,939.62,52.49,10.74,0.13,Ziply Fiber,"Seattle, WA, United States",https://www.speedtest.net/result/c/b1b516fd-d748-4284-9d9e-62d8377761a2
2026-03-25T04:00:27.447619,astound,eth0,938.95,52.31,10.81,1.2,Astound Broadband,"Port Orchard, WA, United States",https://www.speedtest.net/result/c/b22820ac-4f48-431a-96bb-fbca516a1ce9
2026-03-25T04:15:28.810013,astound,eth0,939.4,52.31,10.93,0.5,Astound Broadband,"Port Orchard, WA, United States",https://www.speedtest.net/result/c/cd1aea5b-4158-4a25-a447-e24a20e2c29b
2026-03-25T04:30:32.542245,astound,eth0,939.34,49.13,10.73,0.14,Astound Broadband,"Port Orchard, WA, United States",https://www.speedtest.net/result/c/17234d45-0c5e-4839-9c58-7d276f318590
2026-03-25T04:45:34.256606,astound,eth0,551.91,52.28,10.75,0.18,Astound Broadband,"Seattle, WA, United States",https://www.speedtest.net/result/c/c287314c-050e-46b0-855e-b8855ade2446
2026-03-25T05:00:33.900565,astound,eth0,189.02,52.34,10.74,0.57,Astound Broadband,"Seattle, WA, United States",https://www.speedtest.net/result/c/3685fce6-e330-408f-a8c1-e3be3409b58c
2026-03-25T05:15:26.862537,astound,eth0,939.32,52.51,11.04,3.37,Astound Broadband,"Port Orchard, WA, United States",https://www.speedtest.net/result/c/74ed8e79-ceff-417c-9c03-9df20996c8dd
2026-03-25T05:30:25.259713,astound,eth0,885.4,52.25,10.79,2.25,Astound Broadband,"Seattle, WA, United States",https://www.speedtest.net/result/c/7e11e07f-c0b8-4f8c-abcb-d48132a50476
2026-03-25T05:45:29.136776,astound,eth0,939.69,52.32,10.82,0.54,Ziply Fiber,"Seattle, WA, United States",https://www.speedtest.net/result/c/49975db9-4fd5-4604-876b-9270dcec826f
2026-03-25T06:00:33.351836,astound,eth0,939.75,52.43,11.47,1.84,GSL Networks,"Seattle, WA, United States",https://www.speedtest.net/result/c/f48c3e87-0284-43f1-9e1a-83a8e2ea8cd3
2026-03-25T06:15:28.714836,astound,eth0,939.93,52.24,11.33,1.63,Astound Broadband,"Seattle, WA, United States",https://www.speedtest.net/result/c/4d4f928a-1ca3-4b3a-b079-ec111b37c80b
2026-03-25T06:30:28.548872,astound,eth0,937.27,52.32,11.63,1.56,Astound Broadband,"Port Orchard, WA, United States",https://www.speedtest.net/result/c/6612fc7d-69cf-47ae-94b2-d753efe08d1c
2026-03-25T06:45:31.104450,astound,eth0,939.14,52.31,7.66,1.85,Ziply Fiber,"Seattle, WA, United States",https://www.speedtest.net/result/c/aea43c7c-c9a1-43f2-b5da-854e4e7aa290
2026-03-25T07:00:29.154458,astound,eth0,939.23,52.32,10.77,0.18,Astound Broadband,"Port Orchard, WA, United States",https://www.speedtest.net/result/c/68404cb0-32d3-406d-bc8f-b304ff23aa5f
2026-03-25T07:15:31.142531,astound,eth0,939.44,52.22,10.74,2.75,Ziply Fiber,"Seattle, WA, United States",https://www.speedtest.net/result/c/90402e66-c41c-4bba-9418-f915b615b4c2
2026-03-25T07:30:29.203439,astound,eth0,940.31,52.27,10.81,0.38,Astound Broadband,"Port Orchard, WA, United States",https://www.speedtest.net/result/c/096d1d1b-cced-4f76-996f-409f0645866c
2026-03-25T07:45:27.706242,astound,eth0,829.75,52.29,10.69,0.31,Astound Broadband,"Seattle, WA, United States",https://www.speedtest.net/result/c/00354347-1626-4ff0-8f95-e5d8feba4d5d
2026-03-25T08:00:29.651204,astound,eth0,938.98,52.18,10.81,0.58,EZEE Fiber,"Seattle, WA, United States",https://www.speedtest.net/result/c/405d8c3b-67e1-4d52-b28a-97fab04e7025
2026-03-25T08:15:28.005124,astound,eth0,939.49,52.28,10.73,1.2,Astound Broadband,"Port Orchard, WA, United States",https://www.speedtest.net/result/c/0b5d619e-c1b5-42c4-a47d-dee7b858ee24
2026-03-25T08:30:29.843226,astound,eth0,939.36,52.33,10.87,1.59,Astound Broadband,"Port Orchard, WA, United States",https://www.speedtest.net/result/c/e7f43b73-5e0b-4fa0-a1e7-796fe991774d
2026-03-25T08:45:31.965282,astound,eth0,940.21,52.29,10.72,0.18,Ziply Fiber,"Seattle, WA, United States",https://www.speedtest.net/result/c/0b0e0893-6999-4efa-abd9-c19a32c0d2bb
2026-03-25T09:00:30.201716,astound,eth0,939.29,52.27,10.74,0.22,Astound Broadband,"Port Orchard, WA, United States",https://www.speedtest.net/result/c/551d158a-8ca8-4cf6-a89e-dbae423935e0
2026-03-25T09:15:29.714822,astound,eth0,939.86,52.29,10.83,0.38,GSL Networks,"Seattle, WA, United States",https://www.speedtest.net/result/c/9308ce3c-376a-4bd6-9bb7-e1eb7b7c855e
2026-03-25T09:30:34.969619,astound,eth0,311.81,52.34,11.4,1.66,Astound Broadband,"Seattle, WA, United States",https://www.speedtest.net/result/c/2ca0d148-b839-4b98-8c82-5e4a0df360e7
2026-03-25T09:45:37.642243,astound,eth0,169.88,40.43,10.71,2.19,Astound Broadband,"Seattle, WA, United States",https://www.speedtest.net/result/c/58cd10fa-cff1-44dc-b14b-29bf659e0106
2026-03-25T10:00:39.342633,astound,eth0,211.81,52.28,10.73,0.2,Astound Broadband,"Seattle, WA, United States",https://www.speedtest.net/result/c/2e271b0f-2752-48b7-847a-6506b9a54cd0
2026-03-25T10:15:37.008348,astound,eth0,940.59,23.18,10.71,0.18,Ziply Fiber,"Seattle, WA, United States",https://www.speedtest.net/result/c/1500a68d-00f0-41dc-a9e4-39ecf185acca
2026-03-25T10:30:29.288926,astound,eth0,920.26,52.26,10.87,1.06,Astound Broadband,"Seattle, WA, United States",https://www.speedtest.net/result/c/6cb57bc8-9e3d-4f50-ba56-4e09f121fade
2026-03-25T10:45:28.716953,astound,eth0,938.6,52.24,10.9,0.86,Astound Broadband,"Port Orchard, WA, United States",https://www.speedtest.net/result/c/a854a7ee-e550-495f-99ca-7f869eeaf2e4
2026-03-25T11:00:32.220731,astound,eth0,937.18,52.3,12.93,2.1,"KamaTera, Inc.","Seattle, WA, United States",https://www.speedtest.net/result/c/0c2a07f1-388c-43a7-bac4-e122526f244c
2026-03-25T11:15:30.789082,astound,eth0,783.81,52.34,10.82,0.54,Astound Broadband,"Seattle, WA, United States",https://www.speedtest.net/result/c/f58599c8-38d2-4ac6-8a87-151fdcd83c62
2026-03-25T11:30:33.546188,astound,eth0,938.24,52.24,10.82,0.56,Astound Broadband,"Port Orchard, WA, United States",https://www.speedtest.net/result/c/0cef49ee-9902-4807-afc3-22326c4113fa
2026-03-25T11:45:30.500403,astound,eth0,938.63,52.35,10.81,0.62,Astound Broadband,"Port Orchard, WA, United States",https://www.speedtest.net/result/c/88e7b4a6-5875-4f6c-a1d7-8ddc82554792
2026-03-25T12:00:30.113668,astound,eth0,939.09,52.19,10.73,0.25,Astound Broadband,"Port Orchard, WA, United States",https://www.speedtest.net/result/c/370a2c7b-599d-4a32-9f71-ecf324d3635e
2026-03-25T12:15:36.574912,astound,eth0,298.11,52.32,10.74,0.3,Astound Broadband,"Seattle, WA, United States",https://www.speedtest.net/result/c/27e37750-fd77-46a2-97c2-42a0ebc70336
2026-03-25T12:30:28.985080,astound,eth0,939.39,52.26,10.96,0.57,Astound Broadband,"Port Orchard, WA, United States",https://www.speedtest.net/result/c/589d068b-5639-43c6-9403-a40d2abf962b
2026-03-25T12:45:30.052014,astound,eth0,940.23,52.35,10.84,0.47,Ziply Fiber,"Seattle, WA, United States",https://www.speedtest.net/result/c/40f464b3-9fbb-49c3-aba7-32bb19f6fb8c
2026-03-25T13:00:31.891293,astound,eth0,942.45,52.23,12.29,1.63,"KamaTera, Inc.","Seattle, WA, United States",https://www.speedtest.net/result/c/a9c35e35-b346-41a6-be42-f79e11f55e3a
2026-03-25T13:15:33.506301,astound,eth0,749.03,52.19,10.75,0.19,Astound Broadband,"Seattle, WA, United States",https://www.speedtest.net/result/c/27878b85-8943-4683-baf9-b828d99ab4da
2026-03-25T13:30:28.815580,astound,eth0,922.45,52.95,10.84,0.42,GSL Networks,"Seattle, WA, United States",https://www.speedtest.net/result/c/d5400ca9-3322-4734-8899-593a6387e3e4
2026-03-25T13:45:31.180662,astound,eth0,571.4,52.4,10.68,2.26,Astound Broadband,"Seattle, WA, United States",https://www.speedtest.net/result/c/c8deeaf4-af4f-417e-ac65-0ca71a2d97ff
2026-03-25T14:00:34.132923,astound,eth0,925.37,25.2,10.71,0.06,Astound Broadband,"Port Orchard, WA, United States",https://www.speedtest.net/result/c/87bb1543-b902-4bea-8e08-17caa0a4e2eb
2026-03-25T14:15:29.468574,astound,eth0,938.84,51.93,10.74,0.37,Astound Broadband,"Port Orchard, WA, United States",https://www.speedtest.net/result/c/25288d06-4451-4d6c-8c99-ed215642bcf0
2026-03-25T14:30:29.223945,astound,eth0,899.36,52.45,11.79,0.82,Astound Broadband,"Seattle, WA, United States",https://www.speedtest.net/result/c/fbaa4fc7-ce6d-45f0-8427-7780d7f853d6
2026-03-25T14:45:28.965662,astound,eth0,939.62,33.33,10.74,2.4,"KamaTera, Inc.","Seattle, WA, United States",https://www.speedtest.net/result/c/7fa79a37-657c-47bb-96a2-16454295957f
2026-03-25T15:00:35.126841,astound,eth0,299.69,52.51,11.84,1.79,Astound Broadband,"Seattle, WA, United States",https://www.speedtest.net/result/c/d27c8162-bde6-4e57-a5e8-2947daa22576
2026-03-25T15:15:28.648064,astound,eth0,938.16,52.51,10.74,0.28,Astound Broadband,"Port Orchard, WA, United States",https://www.speedtest.net/result/c/fdec20b3-f801-416a-992f-92d6a4e1fccb
2026-03-25T15:30:30.105192,astound,eth0,939.75,52.33,10.82,0.6,Ziply Fiber,"Seattle, WA, United States",https://www.speedtest.net/result/c/95635bc3-e25e-4cc0-96f5-b9e5d5b08652
2026-03-25T15:45:32.127800,astound,eth0,193.07,52.33,10.62,1.8,Astound Broadband,"Seattle, WA, United States",https://www.speedtest.net/result/c/d9fdcfe5-a9cd-4d12-93a4-ab1e5c41c668
2026-03-25T16:00:28.267367,astound,eth0,938.86,52.42,12.56,5.27,Astound Broadband,"Port Orchard, WA, United States",https://www.speedtest.net/result/c/0f0ce262-1411-40f1-bf10-c0dc27f955aa
2026-03-25T16:15:27.643983,astound,eth0,938.92,52.3,10.82,0.61,Astound Broadband,"Port Orchard, WA, United States",https://www.speedtest.net/result/c/6256e342-a46b-4f0a-bd1b-686501ba45c4
2026-03-25T16:30:26.458769,astound,eth0,937.98,39.45,12.8,1.76,"KamaTera, Inc.","Seattle, WA, United States",https://www.speedtest.net/result/c/4fe5bd80-359d-4279-9571-2f5b8777fd11
2026-03-25T16:45:33.493991,astound,eth0,933.61,16.44,10.74,0.09,Astound Broadband,"Port Orchard, WA, United States",https://www.speedtest.net/result/c/757fd01b-0f4b-4507-b84b-778979546931
2026-03-25T17:00:33.979985,astound,eth0,939.28,52.37,9.36,4.46,Astound Broadband,"Port Orchard, WA, United States",https://www.speedtest.net/result/c/4f1b734e-f3ac-4e4a-b260-cc9ebb806eae
2026-03-25T17:15:27.014154,astound,eth0,939.42,53.09,10.81,0.25,Astound Broadband,"Port Orchard, WA, United States",https://www.speedtest.net/result/c/5690294a-4784-4d7d-b4ca-5c080fab2462
2026-03-25T17:30:26.504714,astound,eth0,936.73,36.69,11.33,2.54,"KamaTera, Inc.","Seattle, WA, United States",https://www.speedtest.net/result/c/f1857e3b-1267-415f-959b-783ebe4dd100
2026-03-25T17:45:24.529415,astound,eth0,904.88,52.51,9.43,4.45,Astound Broadband,"Port Orchard, WA, United States",https://www.speedtest.net/result/c/c826c4d1-e534-4b38-ab69-e23f203c9bfc
2026-03-25T18:00:34.022062,astound,eth0,937.13,52.47,11.45,1.67,GSL Networks,"Seattle, WA, United States",https://www.speedtest.net/result/c/9093b1ae-a739-4d4f-9bac-dfc6aef7f18a
2026-03-25T18:15:30.423544,astound,eth0,947.34,52.52,10.74,0.53,GSL Networks,"Seattle, WA, United States",https://www.speedtest.net/result/c/4ce1b67a-dd2e-4fc8-9eda-84f0f75fb2ab
2026-03-25T18:30:29.319807,astound,eth0,931.5,52.29,11.04,1.26,Astound Broadband,"Port Orchard, WA, United States",https://www.speedtest.net/result/c/8f54ca9c-2ff7-4679-82fe-1e876afc68fd
2026-03-25T18:45:26.336392,astound,eth0,928.13,52.46,10.73,1.24,Astound Broadband,"Port Orchard, WA, United States",https://www.speedtest.net/result/c/bb1e06e3-0fca-4c0f-8c3b-c3a5855f1e1e
2026-03-25T19:00:31.296535,astound,eth0,937.41,52.23,10.83,1.32,Astound Broadband,"Port Orchard, WA, United States",https://www.speedtest.net/result/c/1e738ea3-0082-490e-85a7-89ed894808fd
2026-03-25T19:15:29.408100,astound,eth0,936.89,52.6,11.72,0.91,Astound Broadband,"Port Orchard, WA, United States",https://www.speedtest.net/result/c/2e297bd9-cc80-4e0d-9627-44882bfa4b9e
2026-03-25T19:30:31.718884,astound,eth0,926.07,31.78,11.06,0.87,Astound Broadband,"Port Orchard, WA, United States",https://www.speedtest.net/result/c/ceeffebe-5150-4a7e-8bf8-423dcbc79968
2026-03-25T19:45:32.531664,astound,eth0,903.49,19.87,10.76,0.48,GSL Networks,"Seattle, WA, United States",https://www.speedtest.net/result/c/eb16f2ad-6f00-44e9-8cd4-e4ef536b06c3
2026-03-25T20:00:34.880493,astound,eth0,925.25,33.15,10.81,0.45,Astound Broadband,"Port Orchard, WA, United States",https://www.speedtest.net/result/c/a8500848-75ff-4ba0-8da5-929849d7daf8
2026-03-25T20:15:34.336385,astound,eth0,927.47,41.11,10.75,0.64,Astound Broadband,"Port Orchard, WA, United States",https://www.speedtest.net/result/c/115c728a-1dd4-4bf7-ad1b-a3eb250d831f
2026-03-25T20:30:28.958697,astound,eth0,918.02,27.33,11.46,1.93,Astound Broadband,"Seattle, WA, United States",https://www.speedtest.net/result/c/83b29b6f-2491-4f09-b138-ebdcbe900ae6
2026-03-25T20:45:29.535795,astound,eth0,938.64,52.27,10.99,0.91,Astound Broadband,"Port Orchard, WA, United States",https://www.speedtest.net/result/c/b40d7417-82ba-4cc8-8781-d12e0c598f8b
2026-03-25T21:00:32.710969,astound,eth0,919.62,26.11,10.95,0.86,Astound Broadband,"Port Orchard, WA, United States",https://www.speedtest.net/result/c/e4f1b786-6fda-4b6f-baab-cc7a82225a26
2026-03-25T21:15:31.229483,astound,eth0,939.55,38.45,10.79,0.65,Astound Broadband,"Port Orchard, WA, United States",https://www.speedtest.net/result/c/be122c8c-ba3b-469d-8f02-de091f8cd879
2026-03-25T21:30:30.088644,astound,eth0,934.23,52.35,10.79,0.22,Astound Broadband,"Port Orchard, WA, United States",https://www.speedtest.net/result/c/e09f96e2-c7cb-4e1d-b218-726e8507386b
2026-03-25T21:45:29.521348,astound,eth0,939.43,52.3,10.83,0.57,Astound Broadband,"Port Orchard, WA, United States",https://www.speedtest.net/result/c/68d07ce9-c139-4de6-b4e6-c476e70dd07d
2026-03-25T22:00:30.920764,astound,eth0,924.23,42.96,11.35,1.13,Astound Broadband,"Port Orchard, WA, United States",https://www.speedtest.net/result/c/54c86986-ea9a-434f-a34b-0e0a598eb6bc
2026-03-25T22:15:31.498356,astound,eth0,737.41,52.36,9.28,3.01,Astound Broadband,"Seattle, WA, United States",https://www.speedtest.net/result/c/d670e7b4-ed6d-4601-986c-174a0e6582dc
2026-03-25T22:30:31.608405,astound,eth0,944.13,52.27,10.94,1.68,GSL Networks,"Seattle, WA, United States",https://www.speedtest.net/result/c/ee924c77-33b0-4506-8f7d-546dd4d4edd0
2026-03-25T22:45:28.849892,astound,eth0,939.36,52.37,10.75,0.23,Astound Broadband,"Port Orchard, WA, United States",https://www.speedtest.net/result/c/77f2a9d1-dec6-46a5-8bd7-a53e8aef97e6
2026-03-25T23:00:34.636986,astound,eth0,751.86,52.41,10.73,0.34,Astound Broadband,"Seattle, WA, United States",https://www.speedtest.net/result/c/958f4d19-624d-46e4-82e4-9a70ef1d71b8
2026-03-25T23:15:27.737458,astound,eth0,939.16,52.27,10.74,0.19,Astound Broadband,"Port Orchard, WA, United States",https://www.speedtest.net/result/c/f2fed0ae-2e22-47ce-9cbc-af1e53dbaf61
2026-03-25T23:30:29.138871,astound,eth0,938.66,52.22,11.43,1.73,Astound Broadband,"Port Orchard, WA, United States",https://www.speedtest.net/result/c/b7c2abda-3df5-4e6c-98e3-701dbdd92e7d
2026-03-25T23:45:27.099634,astound,eth0,899.11,52.27,10.77,0.24,Astound Broadband,"Seattle, WA, United States",https://www.speedtest.net/result/c/e02bfc11-bb20-4d04-881b-102eee5807a7
2026-03-26T00:00:31.622504,astound,eth0,939.65,52.26,11.52,1.53,EZEE Fiber,"Seattle, WA, United States",https://www.speedtest.net/result/c/94401644-179d-4fb9-9903-9595b6df2858
2026-03-26T00:15:31.242145,astound,eth0,143.45,52.26,10.72,0.46,Astound Broadband,"Seattle, WA, United States",https://www.speedtest.net/result/c/ee9caec4-2dd6-4d40-9c0d-5b54480ed873
2026-03-26T00:30:28.773357,astound,eth0,939.56,52.26,10.79,0.65,Ziply Fiber,"Seattle, WA, United States",https://www.speedtest.net/result/c/3e991673-c327-41f8-b58b-8314a208d2ec
2026-03-26T00:45:31.009146,astound,eth0,939.65,52.27,10.73,1.23,GSL Networks,"Seattle, WA, United States",https://www.speedtest.net/result/c/17b25049-a1b1-427e-9f10-f332ec8db4a8
2026-03-26T01:00:34.267862,astound,eth0,938.49,52.51,10.99,1.74,Astound Broadband,"Seattle, WA, United States",https://www.speedtest.net/result/c/3fb63ee8-ebf5-4724-a867-5a920c90fe0f
2026-03-26T01:15:30.022617,astound,eth0,939.23,52.25,10.74,0.27,Astound Broadband,"Seattle, WA, United States",https://www.speedtest.net/result/c/a25ae7bd-4435-4324-aef5-569553d130f4
2026-03-26T01:30:30.845649,astound,eth0,939.8,52.28,10.74,0.27,Ziply Fiber,"Seattle, WA, United States",https://www.speedtest.net/result/c/9a3a1682-3590-4aef-9fdd-18993479c403
2026-03-26T01:45:32.258344,astound,eth0,939.42,52.36,10.75,1.16,Ziply Fiber,"Seattle, WA, United States",https://www.speedtest.net/result/c/6564bd45-98a7-4673-a1d0-53ba0c7da85b
2026-03-26T02:00:29.862481,astound,eth0,939.17,52.32,10.74,0.21,EZEE Fiber,"Seattle, WA, United States",https://www.speedtest.net/result/c/282cb3f2-616b-435c-a623-806f40da3d0b
2026-03-26T02:15:33.806220,astound,eth0,283.8,52.25,9.36,3.58,Astound Broadband,"Seattle, WA, United States",https://www.speedtest.net/result/c/f1d01db4-3269-4f3c-8798-eb4218834c69
2026-03-26T02:30:37.104865,astound,eth0,623.26,52.31,10.83,0.48,Astound Broadband,"Seattle, WA, United States",https://www.speedtest.net/result/c/1d788a83-a6ce-4e16-ac14-aaa8a551865c
2026-03-26T02:45:34.902095,astound,eth0,352.39,52.35,10.82,0.65,Astound Broadband,"Seattle, WA, United States",https://www.speedtest.net/result/c/d4f205d4-fe81-472f-8513-aa0928d254bb
2026-03-26T03:00:34.985155,astound,eth0,392.94,52.3,10.75,0.4,Astound Broadband,"Seattle, WA, United States",https://www.speedtest.net/result/c/77e7e59d-c1ec-4f7e-bc31-15ccf04104fb
2026-03-26T03:15:37.099201,astound,eth0,537.05,52.3,10.73,0.26,Astound Broadband,"Seattle, WA, United States",https://www.speedtest.net/result/c/80c99747-f1f2-4513-9370-91d0aea2f4d5
2026-03-26T03:30:23.302494,astound,eth0,938.9,35.14,10.74,0.21,"KamaTera, Inc.","Seattle, WA, United States",https://www.speedtest.net/result/c/4660dae7-d7cf-4e27-b108-024bf09d3b48
2026-03-26T03:45:29.657381,astound,eth0,937.34,52.35,10.73,0.14,Astound Broadband,"Seattle, WA, United States",https://www.speedtest.net/result/c/9e713072-bd3e-452c-bdec-0d29052cc46f
2026-03-26T04:00:31.035980,astound,eth0,944.38,52.29,10.81,1.3,GSL Networks,"Seattle, WA, United States",https://www.speedtest.net/result/c/092f51ad-94dc-422c-8875-880fafb46d23
2026-03-26T04:15:38.059827,astound,eth0,558.56,52.26,10.8,0.17,Astound Broadband,"Seattle, WA, United States",https://www.speedtest.net/result/c/589a327b-c1ef-47e1-9098-fbdc1de21ea0
2026-03-26T04:30:30.756004,astound,eth0,939.07,52.25,10.73,0.08,Ziply Fiber,"Seattle, WA, United States",https://www.speedtest.net/result/c/a00f5a31-050b-431d-9506-d3aa981edbd5
2026-03-26T04:45:30.286737,astound,eth0,939.03,52.31,10.73,0.15,EZEE Fiber,"Seattle, WA, United States",https://www.speedtest.net/result/c/00c2c415-b5c8-4a20-a306-539b77f5957b
2026-03-26T05:00:34.335436,astound,eth0,939.77,36.22,11.49,1.05,"KamaTera, Inc.","Seattle, WA, United States",https://www.speedtest.net/result/c/c4d22332-54f3-4a21-b3ba-b15d5c7e2878
2026-03-26T05:15:29.883616,astound,eth0,939.81,52.22,10.91,0.49,Astound Broadband,"Seattle, WA, United States",https://www.speedtest.net/result/c/f27dc91b-1ad2-4066-9400-fc340ad2bb3a
2026-03-26T05:30:34.401281,astound,eth0,939.6,52.28,10.73,0.23,Ziply Fiber,"Seattle, WA, United States",https://www.speedtest.net/result/c/99eedb97-6831-4a6f-abce-c4e0119d7149
2026-03-26T05:45:29.000708,astound,eth0,937.3,52.31,10.83,1.45,Ziply Fiber,"Seattle, WA, United States",https://www.speedtest.net/result/c/e8d2e141-8acd-470c-a14e-74f22fd4b69a
2026-03-26T06:00:36.012270,astound,eth0,938.87,45.35,12.99,1.34,"KamaTera, Inc.","Seattle, WA, United States",https://www.speedtest.net/result/c/828104d4-5ccb-486d-ae75-638f4353bed3
2026-03-26T06:15:29.460949,astound,eth0,940.86,52.33,10.74,0.06,GSL Networks,"Seattle, WA, United States",https://www.speedtest.net/result/c/febe74ec-05dd-4981-a401-a8ce7479461f
2026-03-26T06:30:32.235873,astound,eth0,867.96,52.62,10.73,0.04,Astound Broadband,"Seattle, WA, United States",https://www.speedtest.net/result/c/06f636c5-def5-41e5-a09c-06bc16c12506
2026-03-26T06:45:29.929563,astound,eth0,858.82,52.49,10.72,1.43,Ziply Fiber,"Seattle, WA, United States",https://www.speedtest.net/result/c/c5d304ff-3c47-4ed0-942e-7ea993085a6f
2026-03-26T07:00:29.617499,astound,eth0,940.03,40.03,10.82,1.56,"KamaTera, Inc.","Seattle, WA, United States",https://www.speedtest.net/result/c/a5d17775-d6a7-471b-8286-3efb7ee5a2c0
2026-03-26T07:15:36.388041,astound,eth0,938.15,53.73,10.75,0.23,Ziply Fiber,"Seattle, WA, United States",https://www.speedtest.net/result/c/6864fae4-59d7-4602-aabe-9b5755c37cab
2026-03-26T07:30:30.239520,astound,eth0,930.72,52.31,10.73,0.59,Ziply Fiber,"Seattle, WA, United States",https://www.speedtest.net/result/c/d26f06e0-2ca5-4102-a188-93a0c684f9c6
2026-03-26T07:45:23.649646,astound,eth0,898.68,52.58,10.79,2.46,Astound Broadband,"Seattle, WA, United States",https://www.speedtest.net/result/c/e3f1c13f-cf30-49f7-95b4-23e444f2d4f9
2026-03-26T08:00:35.114063,astound,eth0,120.74,52.26,10.73,0.05,Astound Broadband,"Seattle, WA, United States",https://www.speedtest.net/result/c/375e3676-a2af-477c-8378-26747dbfc2cd
2026-03-26T08:15:29.866488,astound,eth0,939.5,52.32,10.67,0.34,Ziply Fiber,"Seattle, WA, United States",https://www.speedtest.net/result/c/7405f908-f904-45e6-b9bb-94070295b279
2026-03-26T08:30:32.127994,astound,eth0,245.59,52.24,9.65,4.42,Astound Broadband,"Seattle, WA, United States",https://www.speedtest.net/result/c/e4a4463d-9855-4b40-9640-c3d18bef68a5
2026-03-26T08:45:37.870583,astound,eth0,474.49,52.27,9.38,2.79,Astound Broadband,"Seattle, WA, United States",https://www.speedtest.net/result/c/490031a0-f497-49cc-9994-ba27c75feecf
2026-03-26T09:00:37.089478,astound,eth0,728.47,52.26,11.5,1.61,Ziply Fiber,"Seattle, WA, United States",https://www.speedtest.net/result/c/d5703c46-0d18-4667-959b-796621097d3b
2026-03-26T09:15:30.912797,astound,eth0,938.65,52.29,10.82,1.11,Astound Broadband,"Seattle, WA, United States",https://www.speedtest.net/result/c/eea4847d-cee3-4eac-ba48-8d7ce32304e0
2026-03-26T09:30:28.689855,astound,eth0,939.71,52.31,10.82,0.62,GSL Networks,"Seattle, WA, United States",https://www.speedtest.net/result/c/bd9496b8-ea83-40f9-8045-65e3c0992c04
2026-03-26T09:45:29.687223,astound,eth0,938.73,52.4,10.76,0.21,Astound Broadband,"Seattle, WA, United States",https://www.speedtest.net/result/c/6f98b879-a9ad-4eed-a9bb-9d29ab6c9c01
2026-03-26T10:00:29.308222,astound,eth0,908.66,36.71,11.27,1.35,"KamaTera, Inc.","Seattle, WA, United States",https://www.speedtest.net/result/c/c2655211-fba2-4720-a65d-5daeb59acec9
2026-03-26T10:15:37.366311,astound,eth0,399.67,52.17,9.78,4.71,Astound Broadband,"Seattle, WA, United States",https://www.speedtest.net/result/c/a7066fca-1d40-4963-911f-21c499fd996f
2026-03-26T10:30:28.346850,astound,eth0,940.92,52.17,11.44,2.03,GSL Networks,"Seattle, WA, United States",https://www.speedtest.net/result/c/1fef5e75-9bde-4050-bc34-465bdfebbed2
2026-03-26T10:45:26.577580,astound,eth0,937.36,52.38,10.8,0.74,Ziply Fiber,"Seattle, WA, United States",https://www.speedtest.net/result/c/243aa5c1-72f7-4f2d-8339-0d1f144cb90c
2026-03-26T11:00:33.382708,astound,eth0,934.96,38.26,10.88,3.0,"KamaTera, Inc.","Seattle, WA, United States",https://www.speedtest.net/result/c/d0baedc5-c387-46e8-890c-12234d74971e
2026-03-26T11:15:29.968956,astound,eth0,937.63,52.3,10.71,0.22,GSL Networks,"Seattle, WA, United States",https://www.speedtest.net/result/c/9a909831-04cf-4017-881d-86eb9c37a156
2026-03-26T11:30:28.708796,astound,eth0,920.06,52.14,10.73,0.21,Astound Broadband,"Seattle, WA, United States",https://www.speedtest.net/result/c/198c1464-fc74-4322-a25d-77334a964070
2026-03-26T11:45:31.795381,astound,eth0,939.04,52.74,11.6,2.07,Ziply Fiber,"Seattle, WA, United States",https://www.speedtest.net/result/c/282cb3ff-5f98-4c96-89ba-510bd3cd914e
2026-03-26T12:00:44.752694,astound,eth0,938.43,20.04,10.91,0.46,Astound Broadband,"Port Orchard, WA, United States",https://www.speedtest.net/result/c/3c79f8e2-adfa-4b78-b828-00eb845b5371
2026-03-26T12:15:29.701700,astound,eth0,919.42,52.33,10.74,0.17,Ziply Fiber,"Seattle, WA, United States",https://www.speedtest.net/result/c/ab144c82-f0a1-4f14-96d7-fa710b2fc54a
2026-03-26T12:30:32.053159,astound,eth0,934.69,53.01,9.31,1.64,Astound Broadband,"Port Orchard, WA, United States",https://www.speedtest.net/result/c/23aba6b7-b76a-43d9-a6e5-02fc14f74efb
2026-03-26T12:45:30.772131,astound,eth0,939.83,52.32,10.83,0.74,Ziply Fiber,"Seattle, WA, United States",https://www.speedtest.net/result/c/5bb9236f-07fb-4ba7-a326-6144c78b236e
2026-03-26T13:00:36.126357,astound,eth0,939.76,52.57,11.46,1.38,Ziply Fiber,"Seattle, WA, United States",https://www.speedtest.net/result/c/502fe820-93f9-4af6-9833-f15f846991c8
2026-03-26T13:15:37.285679,astound,eth0,259.56,52.77,11.0,1.02,Astound Broadband,"Seattle, WA, United States",https://www.speedtest.net/result/c/b280defa-6ac9-4d2c-98d7-9cc2d053a6f8
2026-03-26T13:30:30.268079,astound,eth0,934.38,52.42,11.08,0.49,Astound Broadband,"Port Orchard, WA, United States",https://www.speedtest.net/result/c/00e3f0a9-f7c6-4be0-8848-98a05d46cacd
2026-03-26T13:45:26.292856,astound,eth0,901.49,51.1,10.83,0.75,Astound Broadband,"Port Orchard, WA, United States",https://www.speedtest.net/result/c/e569ac74-6c66-4a5c-a911-0fb443cbbab7
2026-03-26T14:00:33.439593,astound,eth0,927.37,52.53,11.1,0.72,Astound Broadband,"Seattle, WA, United States",https://www.speedtest.net/result/c/41d6a460-543b-4a08-b936-5a040c5d3d3c
2026-03-26T14:15:32.735937,astound,eth0,206.77,52.19,11.54,1.77,Astound Broadband,"Seattle, WA, United States",https://www.speedtest.net/result/c/1b307871-3291-4c51-b36d-2c31148fdeda
2026-03-26T14:30:32.133807,astound,eth0,924.11,52.69,10.65,0.75,Astound Broadband,"Port Orchard, WA, United States",https://www.speedtest.net/result/c/b8ffb48d-be81-4ac5-940d-8eda743fc307
2026-03-26T14:45:29.911569,astound,eth0,919.87,54.44,11.18,2.54,Astound Broadband,"Port Orchard, WA, United States",https://www.speedtest.net/result/c/47b04fd2-2a1c-4f5c-82df-cb7d77d16136
2026-03-26T15:00:24.976112,astound,eth0,924.41,48.16,10.83,0.44,Astound Broadband,"Port Orchard, WA, United States",https://www.speedtest.net/result/c/5e22924d-70df-4201-8708-c2137446926f
2026-03-26T15:15:29.841377,astound,eth0,126.85,48.34,9.39,2.36,Astound Broadband,"Seattle, WA, United States",https://www.speedtest.net/result/c/ca483cd2-e649-4792-a517-c088942203b6
2026-03-26T15:30:30.394681,astound,eth0,141.73,52.08,10.82,0.5,Astound Broadband,"Seattle, WA, United States",https://www.speedtest.net/result/c/30fd6976-d56a-44df-bcd8-fda66f6e8f54
2026-03-26T15:45:35.884500,astound,eth0,939.65,52.58,11.56,1.95,Comcast,"Seattle, WA, United States",https://www.speedtest.net/result/c/1edb6c26-b53e-422f-9cb9-28373850b43c
2026-03-26T16:00:37.752355,astound,eth0,145.78,52.37,10.83,0.69,Astound Broadband,"Seattle, WA, United States",https://www.speedtest.net/result/c/add00907-3761-4b1c-9311-919afbf3a430
2026-03-26T16:15:28.629622,astound,eth0,947.48,52.03,10.79,3.35,GSL Networks,"Seattle, WA, United States",https://www.speedtest.net/result/c/62ff7e4b-2e8d-4958-afa6-36424271f1af
2026-03-26T16:30:35.421586,astound,eth0,923.33,43.05,11.28,1.56,Ziply Fiber,"Seattle, WA, United States",https://www.speedtest.net/result/c/c0dac0ac-3bf0-4064-8dd0-8fdacf3410ed
2026-03-26T16:45:31.009941,astound,eth0,941.28,52.32,11.47,1.04,Ziply Fiber,"Seattle, WA, United States",https://www.speedtest.net/result/c/7cc630d1-5306-4bc5-9d98-0fbeeb3f6ed5
2026-03-26T17:00:29.389881,astound,eth0,937.19,52.55,10.73,0.17,Astound Broadband,"Port Orchard, WA, United States",https://www.speedtest.net/result/c/024e910f-14a0-43a7-aabd-dd0fc893cb5f
2026-03-26T17:15:30.820804,astound,eth0,940.27,52.31,10.76,0.51,Ziply Fiber,"Seattle, WA, United States",https://www.speedtest.net/result/c/7abbd31f-6dd7-4d8f-9aa0-1eb4a09636a7
2026-03-26T17:30:34.709152,astound,eth0,308.42,52.24,11.55,1.18,Astound Broadband,"Seattle, WA, United States",https://www.speedtest.net/result/c/d024b79e-e56e-4075-b001-3ffe587c8375
2026-03-26T17:45:28.216575,astound,eth0,939.14,52.33,10.86,0.82,Astound Broadband,"Port Orchard, WA, United States",https://www.speedtest.net/result/c/f0041ee1-cb14-4a46-ace6-ecd5bfa12585
2026-03-26T18:00:32.652960,astound,eth0,938.52,52.3,10.76,1.33,Astound Broadband,"Port Orchard, WA, United States",https://www.speedtest.net/result/c/96872bc5-20ac-408d-af54-bfc6e0774f6b
2026-03-26T18:15:27.136936,astound,eth0,915.84,52.23,10.74,2.25,Astound Broadband,"Seattle, WA, United States",https://www.speedtest.net/result/c/f6d56383-6619-456a-a141-835a588795b8
2026-03-26T18:30:30.289329,astound,eth0,938.9,52.24,10.95,1.59,Astound Broadband,"Port Orchard, WA, United States",https://www.speedtest.net/result/c/394ffe17-8182-4a88-bb08-a990a3755d65
2026-03-26T18:45:27.655304,astound,eth0,939.22,52.3,10.75,0.21,Astound Broadband,"Port Orchard, WA, United States",https://www.speedtest.net/result/c/16ed82af-0462-4d71-878f-12bd7e4888f9
2026-03-26T19:00:36.210388,astound,eth0,156.79,52.62,10.74,3.0,Astound Broadband,"Seattle, WA, United States",https://www.speedtest.net/result/c/0c39997e-f9cc-447f-b653-5810e0bc19e9
2026-03-26T19:15:28.011236,astound,eth0,939.06,52.35,10.71,0.18,Astound Broadband,"Port Orchard, WA, United States",https://www.speedtest.net/result/c/2bc9030d-c8f4-4437-9b77-e11e13fd3d61
2026-03-26T19:30:33.523182,astound,eth0,905.39,53.05,11.38,4.77,Astound Broadband,"Port Orchard, WA, United States",https://www.speedtest.net/result/c/3076b8f5-1681-4475-a17a-bad82bcd65f2
2026-03-26T19:45:27.269098,astound,eth0,938.44,52.26,11.23,1.05,Astound Broadband,"Port Orchard, WA, United States",https://www.speedtest.net/result/c/894f5cec-c92e-4e77-844a-773a55d2d1a6
2026-03-26T20:00:29.011785,astound,eth0,247.27,52.28,12.67,0.52,Astound Broadband,"Seattle, WA, United States",https://www.speedtest.net/result/c/cf5a57e0-80c8-4be0-9123-8ab6ffff409d
2026-03-26T20:15:30.747097,astound,eth0,939.62,52.36,10.81,2.31,Ziply Fiber,"Seattle, WA, United States",https://www.speedtest.net/result/c/91507626-285a-4d31-a258-fdbb4e6988a6
2026-03-26T20:30:30.523273,astound,eth0,372.82,52.32,10.74,0.19,Astound Broadband,"Seattle, WA, United States",https://www.speedtest.net/result/c/4b5e45e5-a90c-4401-89b4-ea83f2964b59
2026-03-26T20:45:32.424697,astound,eth0,919.15,53.41,10.89,0.64,Ziply Fiber,"Seattle, WA, United States",https://www.speedtest.net/result/c/c76ea6a1-7782-4ed0-b454-a2379eb2e5ab
2026-03-26T21:00:28.686133,astound,eth0,939.43,52.25,10.87,0.7,Astound Broadband,"Port Orchard, WA, United States",https://www.speedtest.net/result/c/83c4910d-da00-4c4f-bba4-3d158f5990b3
2026-03-26T21:15:31.025297,astound,eth0,147.31,53.47,11.07,4.78,Astound Broadband,"Seattle, WA, United States",https://www.speedtest.net/result/c/1234041b-84fa-4171-a515-e2dd4fad48f0
2026-03-26T21:30:31.690731,astound,eth0,940.16,52.28,10.76,1.15,Ziply Fiber,"Seattle, WA, United States",https://www.speedtest.net/result/c/44c7db1d-0ac1-4674-aae1-fd5ea3ed889c
2026-03-26T21:45:31.050821,astound,eth0,243.01,52.27,10.72,0.3,Astound Broadband,"Seattle, WA, United States",https://www.speedtest.net/result/c/f71d1d90-1794-4a9c-9c97-ad8bddc0f6fc
2026-03-26T22:00:29.632052,astound,eth0,938.94,52.29,11.55,1.35,EZEE Fiber,"Seattle, WA, United States",https://www.speedtest.net/result/c/1a4edc89-87ab-43b3-8acc-07fc0906802f
2026-03-26T22:15:34.858354,astound,eth0,551.26,52.3,10.75,0.28,Astound Broadband,"Seattle, WA, United States",https://www.speedtest.net/result/c/fa47a176-61f7-43f6-a934-4d5fbccaa0d3
2026-03-26T22:30:29.274310,astound,eth0,932.46,52.83,10.73,0.2,Astound Broadband,"Port Orchard, WA, United States",https://www.speedtest.net/result/c/5ce42408-848c-4cb6-b145-e468841b52b0
2026-03-26T22:45:29.454468,astound,eth0,939.59,52.66,11.05,0.58,Ziply Fiber,"Seattle, WA, United States",https://www.speedtest.net/result/c/0bbf8937-cb39-4da7-af04-c99f0860ea5e
2026-03-26T23:00:30.764793,astound,eth0,934.99,52.26,10.74,0.04,Astound Broadband,"Port Orchard, WA, United States",https://www.speedtest.net/result/c/281a22ba-5dad-4503-9d02-b1a5f925a04a
2026-03-26T23:15:29.939502,astound,eth0,857.43,51.3,10.68,0.81,Ziply Fiber,"Seattle, WA, United States",https://www.speedtest.net/result/c/0e4f82f1-c3c4-496e-8a97-1eb50136d4e8
2026-03-26T23:30:31.800502,astound,eth0,911.37,52.33,10.7,0.28,Astound Broadband,"Port Orchard, WA, United States",https://www.speedtest.net/result/c/72add7ae-515c-4b53-875d-cb6bbe605257
2026-03-26T23:45:31.600604,astound,eth0,939.11,52.24,10.82,0.72,Ziply Fiber,"Seattle, WA, United States",https://www.speedtest.net/result/c/c3da41a8-7125-4c2b-9c51-4fe8bc61ae57
2026-03-27T00:00:28.518435,astound,eth0,938.86,52.28,10.99,0.77,Astound Broadband,"Port Orchard, WA, United States",https://www.speedtest.net/result/c/4ef0ed71-5fcf-4e06-b1c9-3cd16864c1a5
2026-03-27T00:15:28.474218,astound,eth0,939.72,52.33,10.7,0.21,Astound Broadband,"Port Orchard, WA, United States",https://www.speedtest.net/result/c/d9a39357-fa52-41a8-9088-ab5d0f817995
2026-03-27T00:30:29.817535,astound,eth0,938.9,52.26,12.53,5.47,Astound Broadband,"Port Orchard, WA, United States",https://www.speedtest.net/result/c/b3553b1a-e8a1-4be1-9675-23e0aad852b3
2026-03-27T00:45:27.248319,astound,eth0,940.27,52.38,10.71,0.42,Astound Broadband,"Port Orchard, WA, United States",https://www.speedtest.net/result/c/277170af-654d-4f72-8261-1ccbe9eeaf23
2026-03-27T01:00:27.938347,astound,eth0,937.12,52.26,12.19,3.98,EZEE Fiber,"Seattle, WA, United States",https://www.speedtest.net/result/c/38a4857d-656b-4e22-b3a9-1d272d740c22
2026-03-27T01:15:29.816032,astound,eth0,937.67,52.37,9.24,3.18,Astound Broadband,"Port Orchard, WA, United States",https://www.speedtest.net/result/c/6e8aad72-5f8c-4b84-9bb2-42bde21d1314
2026-03-27T01:30:29.120501,astound,eth0,939.06,52.37,10.73,0.3,Astound Broadband,"Port Orchard, WA, United States",https://www.speedtest.net/result/c/f84b4889-2794-49aa-b0a4-ea26fa8c23a0
2026-03-27T01:45:28.864773,astound,eth0,927.11,52.28,10.06,1.36,Astound Broadband,"Seattle, WA, United States",https://www.speedtest.net/result/c/b6f54985-f66a-4978-b73a-19d03bd7340c
2026-03-27T02:00:31.888416,astound,eth0,936.84,52.28,12.88,0.3,Astound Broadband,"Seattle, WA, United States",https://www.speedtest.net/result/c/bfee0563-b8ff-42c2-b689-93f5669cbdda
2026-03-27T02:15:29.385904,astound,eth0,939.89,52.25,10.82,0.25,Astound Broadband,"Port Orchard, WA, United States",https://www.speedtest.net/result/c/a553a787-98f5-436d-93f2-7865951d9b0c
2026-03-27T02:30:30.863422,astound,eth0,938.47,52.27,11.3,0.82,Ziply Fiber,"Seattle, WA, United States",https://www.speedtest.net/result/c/739926e9-a349-41cf-a159-69f53b81dca8
2026-03-27T02:45:27.592043,astound,eth0,938.76,52.27,10.78,0.1,Astound Broadband,"Port Orchard, WA, United States",https://www.speedtest.net/result/c/502bd042-a165-4467-89b2-ccf878e2ffc6
2026-03-27T03:00:30.432870,astound,eth0,938.85,52.27,12.09,3.65,Astound Broadband,"Port Orchard, WA, United States",https://www.speedtest.net/result/c/16c2dbf7-fb0b-4197-a7a7-0216f005571c
2026-03-27T03:15:30.553453,astound,eth0,937.09,52.34,10.0,3.86,EZEE Fiber,"Seattle, WA, United States",https://www.speedtest.net/result/c/df2a0cb8-9059-4aa3-9db7-a5d54dd89731
2026-03-27T03:30:29.115849,astound,eth0,939.42,52.29,10.76,0.18,Astound Broadband,"Port Orchard, WA, United States",https://www.speedtest.net/result/c/66dc435f-2ee0-4c52-aef1-c9865ea0c935
2026-03-27T03:45:28.175631,astound,eth0,938.81,53.27,10.76,0.25,Astound Broadband,"Seattle, WA, United States",https://www.speedtest.net/result/c/6f1ad8eb-c6c9-4273-a164-bfa728a8d672
2026-03-27T04:00:33.714731,astound,eth0,934.67,52.1,10.78,0.27,Astound Broadband,"Port Orchard, WA, United States",https://www.speedtest.net/result/c/c7b63d85-c2d7-4bc7-a832-550ee108a701
2026-03-27T04:15:34.911369,astound,eth0,452.69,49.72,9.39,2.83,Astound Broadband,"Seattle, WA, United States",https://www.speedtest.net/result/c/71c3b69d-4259-4c07-909e-06b8724a109f
2026-03-27T04:30:34.660966,astound,eth0,162.85,53.18,11.29,2.58,Astound Broadband,"Seattle, WA, United States",https://www.speedtest.net/result/c/911fed6e-36bd-42a1-9af6-2baaba7500d7
2026-03-27T04:45:31.459580,astound,eth0,940.08,52.83,10.76,0.11,Ziply Fiber,"Seattle, WA, United States",https://www.speedtest.net/result/c/91d542e1-f0a7-4224-8419-7372e2ffc056
2026-03-27T05:00:26.637304,astound,eth0,932.73,52.22,11.74,5.13,EZEE Fiber,"Seattle, WA, United States",https://www.speedtest.net/result/c/74d8c1cb-ecb2-46f9-bb99-474458dddc23
2026-03-27T05:15:28.001463,astound,eth0,934.1,52.53,10.78,0.74,EZEE Fiber,"Seattle, WA, United States",https://www.speedtest.net/result/c/d962983e-1a8c-442e-9ec5-06433a86dc45
2026-03-27T05:30:30.983091,astound,eth0,928.64,52.31,11.49,4.37,Ziply Fiber,"Seattle, WA, United States",https://www.speedtest.net/result/c/70bbabba-6c7c-41fe-b86c-aef453ebe390
2026-03-27T05:45:42.635310,astound,eth0,893.45,29.75,10.83,1.41,Astound Broadband,"Port Orchard, WA, United States",https://www.speedtest.net/result/c/deaee7f2-6143-4b9c-ae80-434506915127
2026-03-27T06:00:32.299183,astound,eth0,929.08,50.31,10.82,1.25,EZEE Fiber,"Seattle, WA, United States",https://www.speedtest.net/result/c/628bdc10-55a5-489f-996d-8b9f429f700e
2026-03-27T06:15:29.358237,astound,eth0,898.73,53.17,10.75,0.51,Astound Broadband,"Seattle, WA, United States",https://www.speedtest.net/result/c/e4ae0612-3afb-47b9-8dd6-6a3062589b89
2026-03-27T06:30:35.079574,astound,eth0,177.91,53.89,10.73,2.4,Astound Broadband,"Seattle, WA, United States",https://www.speedtest.net/result/c/2cd5b9a7-7cbd-436b-aefd-62cf9d266283
2026-03-27T06:45:31.282516,astound,eth0,929.93,34.61,11.31,1.65,Astound Broadband,"Port Orchard, WA, United States",https://www.speedtest.net/result/c/a1e14918-feb3-4150-a70d-4b9bd128fd01
2026-03-27T07:00:32.971582,astound,eth0,937.16,16.47,10.77,1.67,Astound Broadband,"Seattle, WA, United States",https://www.speedtest.net/result/c/075b2b53-51b7-45eb-a2b2-f44c7e24979d
2026-03-27T07:15:30.407537,astound,eth0,910.43,53.22,11.41,1.13,Ziply Fiber,"Seattle, WA, United States",https://www.speedtest.net/result/c/83f510ce-dbf7-4b6c-8aa6-739caeef22cd
2026-03-27T07:30:35.876671,astound,eth0,923.2,52.24,10.88,0.93,Astound Broadband,"Seattle, WA, United States",https://www.speedtest.net/result/c/ea5f8585-dadc-489c-a148-1b5e1866f590
2026-03-27T07:45:29.207119,astound,eth0,939.42,52.25,10.82,0.37,Astound Broadband,"Port Orchard, WA, United States",https://www.speedtest.net/result/c/64eff7d7-b2f7-464c-bfec-e0365bbf1d3a
2026-03-27T08:00:31.570046,astound,eth0,939.96,52.33,11.06,0.51,Astound Broadband,"Port Orchard, WA, United States",https://www.speedtest.net/result/c/57b480f4-9ce9-412e-815e-6b386e68d79f
2026-03-27T08:15:28.684651,astound,eth0,939.28,52.06,10.64,1.14,Astound Broadband,"Port Orchard, WA, United States",https://www.speedtest.net/result/c/61eaf6dc-4699-4193-b8d2-d1f52cc16624
2026-03-27T08:30:34.498703,astound,eth0,309.44,51.87,10.74,0.13,Astound Broadband,"Seattle, WA, United States",https://www.speedtest.net/result/c/ebf78a58-25ae-4995-a298-e789fe5402f4
2026-03-27T08:45:34.996236,astound,eth0,925.43,38.02,10.82,0.43,Ziply Fiber,"Seattle, WA, United States",https://www.speedtest.net/result/c/782ecc36-71cd-4d7f-8fbc-d1abcedc8cb5
2026-03-27T09:00:40.995857,astound,eth0,813.5,48.85,12.8,1.35,Ziply Fiber,"Seattle, WA, United States",https://www.speedtest.net/result/c/0799458d-b4c9-4f82-9c8a-c0cb93202cee
2026-03-27T09:15:34.908789,astound,eth0,926.79,35.49,11.66,3.44,Ziply Fiber,"Seattle, WA, United States",https://www.speedtest.net/result/c/c2a1bcc6-1f75-4aa6-81a1-c3e6f1eefd10
2026-03-27T09:30:29.522337,astound,eth0,939.46,52.43,11.24,11.11,Astound Broadband,"Seattle, WA, United States",https://www.speedtest.net/result/c/04041bec-93c3-4809-ac71-af46b7538991
2026-03-27T09:45:28.108371,astound,eth0,919.78,52.62,10.74,0.2,Astound Broadband,"Seattle, WA, United States",https://www.speedtest.net/result/c/93086c8d-5b71-4724-9d64-fb5c7bad3a96
2026-03-27T10:00:24.739285,astound,eth0,910.53,52.41,10.9,2.24,Astound Broadband,"Port Orchard, WA, United States",https://www.speedtest.net/result/c/7fc6b830-1f86-4d0a-8f19-ab3db3262afb
2026-03-27T10:15:33.100002,astound,eth0,743.11,52.29,10.77,0.19,Astound Broadband,"Seattle, WA, United States",https://www.speedtest.net/result/c/f53bf3d3-79ff-4c04-969f-969e2f2a1771
2026-03-27T10:30:27.815992,astound,eth0,939.24,52.6,10.69,0.31,Astound Broadband,"Port Orchard, WA, United States",https://www.speedtest.net/result/c/52c99e49-11c6-4d45-9201-5e87079502c7
2026-03-27T10:45:27.400159,astound,eth0,932.65,51.57,11.06,1.03,Astound Broadband,"Port Orchard, WA, United States",https://www.speedtest.net/result/c/c82f5afb-ef1b-4c1c-bccc-ba72b54eeeee
2026-03-27T11:00:32.916147,astound,eth0,940.15,52.5,10.78,1.29,EZEE Fiber,"Seattle, WA, United States",https://www.speedtest.net/result/c/796e84af-6729-4450-981e-574361f524ff
2026-03-27T11:15:27.960151,astound,eth0,939.42,52.29,10.73,0.08,GSL Networks,"Seattle, WA, United States",https://www.speedtest.net/result/c/83391f5d-5fd1-4b26-89a4-a1901bb29244
2026-03-27T11:30:25.890772,astound,eth0,932.51,52.37,11.38,1.63,Astound Broadband,"Port Orchard, WA, United States",https://www.speedtest.net/result/c/0ba4091d-8416-4bf4-9801-9dc23b3f727f
2026-03-27T11:45:29.744868,astound,eth0,931.36,53.21,11.39,3.22,Astound Broadband,"Port Orchard, WA, United States",https://www.speedtest.net/result/c/5932dc84-d1c0-47ef-b569-08c3eecd876f
2026-03-27T12:00:30.400588,astound,eth0,938.92,52.33,10.57,1.13,Astound Broadband,"Port Orchard, WA, United States",https://www.speedtest.net/result/c/13a81a43-af12-4ade-8f77-cfcdadd8ab17
2026-03-27T12:15:30.902830,astound,eth0,938.49,53.27,9.33,2.21,Astound Broadband,"Port Orchard, WA, United States",https://www.speedtest.net/result/c/f63de5d2-41a0-47aa-8f66-f7e376002f54
2026-03-27T12:30:29.840050,astound,eth0,934.76,52.41,10.77,1.15,Astound Broadband,"Port Orchard, WA, United States",https://www.speedtest.net/result/c/237d78b4-3da0-4d34-af6b-b568767388db
2026-03-27T12:45:28.720607,astound,eth0,938.91,52.4,10.76,0.23,Astound Broadband,"Port Orchard, WA, United States",https://www.speedtest.net/result/c/0bedd059-03d0-4bb4-83af-63a478b410ad
2026-03-27T13:00:32.897247,astound,eth0,938.97,52.38,12.17,1.82,EZEE Fiber,"Seattle, WA, United States",https://www.speedtest.net/result/c/3ab0db14-6b38-43b7-880d-3228fda31ff9
2026-03-27T13:15:31.177754,astound,eth0,873.36,53.02,10.82,0.58,Ziply Fiber,"Seattle, WA, United States",https://www.speedtest.net/result/c/83b06c1e-9a31-4799-a538-a8741286a9f3
2026-03-27T13:30:27.189771,astound,eth0,940.03,52.28,11.06,0.31,EZEE Fiber,"Seattle, WA, United States",https://www.speedtest.net/result/c/13da1f9d-35aa-498f-8df4-5a6cca0aa4ed
2026-03-27T13:45:31.971177,astound,eth0,933.4,52.3,10.81,0.44,Astound Broadband,"Seattle, WA, United States",https://www.speedtest.net/result/c/f4d484c1-6869-4ad3-a020-73294a92c701
2026-03-27T14:00:30.607471,astound,eth0,939.47,52.29,10.76,0.15,Astound Broadband,"Port Orchard, WA, United States",https://www.speedtest.net/result/c/ba875a18-e415-4266-8296-a5ae560d3ac8
2026-03-27T14:15:29.459190,astound,eth0,942.31,52.31,10.77,0.3,Ziply Fiber,"Seattle, WA, United States",https://www.speedtest.net/result/c/d1b7b59e-9179-492a-8f19-fe326d5ca9c3
2026-03-27T14:30:31.369660,astound,eth0,939.41,52.33,11.23,3.21,GSL Networks,"Seattle, WA, United States",https://www.speedtest.net/result/c/c0969cc0-2da3-4c80-ab03-31395300caf0
2026-03-27T14:45:29.885779,astound,eth0,938.66,52.29,11.04,0.49,Astound Broadband,"Port Orchard, WA, United States",https://www.speedtest.net/result/c/86553d51-8ded-4e7c-a88b-260c388341dc
2026-03-27T15:00:30.620819,astound,eth0,939.32,52.37,10.78,1.24,Astound Broadband,"Port Orchard, WA, United States",https://www.speedtest.net/result/c/3e2b6f08-cc7d-41f7-a954-2ae35ec436d9
2026-03-27T15:15:26.869314,astound,eth0,939.8,52.32,11.98,0.6,Astound Broadband,"Port Orchard, WA, United States",https://www.speedtest.net/result/c/da675b62-026f-445c-8061-f1fafb60cef6
2026-03-27T15:30:29.908697,astound,eth0,939.64,52.36,11.63,0.69,Astound Broadband,"Port Orchard, WA, United States",https://www.speedtest.net/result/c/b9d1b094-d243-4f7a-a00f-b831cb9a49b6
2026-03-27T15:45:27.909718,astound,eth0,939.03,52.48,10.92,0.87,Astound Broadband,"Port Orchard, WA, United States",https://www.speedtest.net/result/c/c5a8d912-b49c-4309-96e9-8e4d37bdfcd5
2026-03-27T16:00:31.533955,astound,eth0,939.44,52.33,10.94,0.65,Astound Broadband,"Port Orchard, WA, United States",https://www.speedtest.net/result/c/bba37282-c085-4b3e-9395-65cbdabe9c5a
2026-03-27T16:15:30.108248,astound,eth0,939.09,32.73,11.13,1.24,"KamaTera, Inc.","Seattle, WA, United States",https://www.speedtest.net/result/c/abb3a370-1183-4a0e-9cb8-25eba5340bcb
2026-03-27T16:30:26.702318,astound,eth0,939.77,52.27,10.74,0.86,Astound Broadband,"Port Orchard, WA, United States",https://www.speedtest.net/result/c/39681375-1d0d-4033-be7c-8e7b50151a20
2026-03-27T16:45:36.766625,astound,eth0,227.98,52.52,11.05,109.93,Astound Broadband,"Seattle, WA, United States",https://www.speedtest.net/result/c/5545c5e0-2807-4364-841a-11cef498fce3
2026-03-27T17:00:36.325926,astound,eth0,939.27,52.22,11.13,0.75,Astound Broadband,"Port Orchard, WA, United States",https://www.speedtest.net/result/c/af5578ca-f0e5-4723-9ce0-b1aae386cd51
2026-03-27T17:15:30.140672,astound,eth0,469.02,52.33,10.71,0.23,Astound Broadband,"Seattle, WA, United States",https://www.speedtest.net/result/c/f5c9b2dc-9179-4a45-9e5d-3ee60afba9a3
2026-03-27T17:30:30.678836,astound,eth0,939.52,52.32,9.39,2.01,Astound Broadband,"Port Orchard, WA, United States",https://www.speedtest.net/result/c/30be3ea9-c84d-43bc-815e-41b2c108bbc6
2026-03-27T17:45:28.437410,astound,eth0,939.1,52.44,10.94,2.86,Astound Broadband,"Port Orchard, WA, United States",https://www.speedtest.net/result/c/a7b99bf1-2847-47dc-9576-b084acaf6612
2026-03-27T18:00:29.422324,astound,eth0,940.2,52.86,10.74,0.4,Astound Broadband,"Port Orchard, WA, United States",https://www.speedtest.net/result/c/be714a56-95c5-4289-b49f-bf91adb50ec8
2026-03-27T18:15:27.028982,astound,eth0,937.96,52.35,10.73,0.27,Astound Broadband,"Port Orchard, WA, United States",https://www.speedtest.net/result/c/fa8c45ca-e656-4fbe-aa06-bfbce90386fb
2026-03-27T18:30:32.573558,astound,eth0,296.77,52.26,10.89,0.5,Astound Broadband,"Seattle, WA, United States",https://www.speedtest.net/result/c/dcf93dd9-0036-46a4-b853-2a035ddc3fb9
2026-03-27T18:45:29.652387,astound,eth0,939.42,52.35,10.71,0.36,Astound Broadband,"Port Orchard, WA, United States",https://www.speedtest.net/result/c/cb8eb6e5-5a8c-47be-9e88-3769196bcb49
2026-03-27T19:00:27.933401,astound,eth0,939.92,52.21,10.72,0.4,Astound Broadband,"Port Orchard, WA, United States",https://www.speedtest.net/result/c/a2ad2a21-b56a-44aa-b31d-02ed2e9284e0
2026-03-27T19:15:29.453630,astound,eth0,939.02,52.31,11.53,1.52,Ziply Fiber,"Seattle, WA, United States",https://www.speedtest.net/result/c/b2fcb1f1-7742-47f0-82a3-d0e33c04d494
2026-03-27T19:30:30.027248,astound,eth0,940.82,52.46,10.8,0.16,Ziply Fiber,"Seattle, WA, United States",https://www.speedtest.net/result/c/d348929e-bb31-4615-82e4-e8f59bc441e7
2026-03-27T19:45:35.928005,astound,eth0,499.06,52.33,10.75,0.76,Astound Broadband,"Seattle, WA, United States",https://www.speedtest.net/result/c/07724d46-ca7b-479b-9303-3f22e46938ba
2026-03-27T20:00:29.705560,astound,eth0,284.47,52.25,10.81,1.38,Astound Broadband,"Seattle, WA, United States",https://www.speedtest.net/result/c/ad057917-e4a7-435c-adec-ca46938e60c4
2026-03-27T20:15:33.743824,astound,eth0,939.5,52.26,10.92,1.28,Ziply Fiber,"Seattle, WA, United States",https://www.speedtest.net/result/c/53c7ac6e-aea8-4730-970a-9414078a8f48
2026-03-27T20:30:31.517712,astound,eth0,925.27,54.3,9.94,2.93,Astound Broadband,"Port Orchard, WA, United States",https://www.speedtest.net/result/c/d6f6f3a3-657b-4c3f-bf45-520de0e8ffc7
2026-03-27T20:45:29.832918,astound,eth0,938.37,52.21,10.75,0.36,Astound Broadband,"Port Orchard, WA, United States",https://www.speedtest.net/result/c/fd44cd8f-dec2-4d65-a617-1962d4bc0a40
2026-03-27T21:00:33.299059,astound,eth0,919.21,52.29,11.38,3.19,Astound Broadband,"Port Orchard, WA, United States",https://www.speedtest.net/result/c/518fa84f-f412-47d7-b2b2-943491867435
2026-03-27T21:15:32.278039,astound,eth0,137.5,52.24,10.77,0.85,Astound Broadband,"Seattle, WA, United States",https://www.speedtest.net/result/c/3dcb5d96-12b1-4ca6-b362-7bf2764ef721
2026-03-27T21:30:26.946980,astound,eth0,937.78,53.14,10.81,0.14,Astound Broadband,"Port Orchard, WA, United States",https://www.speedtest.net/result/c/8f194a80-b9e0-4d1e-b3b3-9f1e63eb8fbe
2026-03-27T21:45:25.751183,astound,eth0,884.42,53.09,10.76,1.23,Astound Broadband,"Port Orchard, WA, United States",https://www.speedtest.net/result/c/f68d8a6e-aa94-45fe-b70a-aa1a731d1102
2026-03-27T22:00:33.039184,astound,eth0,744.09,52.3,11.05,0.35,Astound Broadband,"Seattle, WA, United States",https://www.speedtest.net/result/c/0b1919ad-9306-48d1-9e1f-27670d452347
2026-03-27T22:15:28.555908,astound,eth0,939.9,55.15,10.82,0.46,Ziply Fiber,"Seattle, WA, United States",https://www.speedtest.net/result/c/b651e934-bfdf-4913-aea3-5d644048a27d
2026-03-27T22:30:28.175698,astound,eth0,939.3,52.36,10.73,0.17,Astound Broadband,"Seattle, WA, United States",https://www.speedtest.net/result/c/5652a69f-d3d9-4072-98a8-beb77dddbc1b
2026-03-27T22:45:29.734228,astound,eth0,906.94,52.95,10.8,0.68,Ziply Fiber,"Seattle, WA, United States",https://www.speedtest.net/result/c/3723b809-1836-4f08-a81d-6f2f43cd0daf
2026-03-27T23:00:30.956487,astound,eth0,940.32,52.24,11.37,6.56,Astound Broadband,"Port Orchard, WA, United States",https://www.speedtest.net/result/c/e1fc7f93-8594-46ef-bccc-6cafb3d18894
2026-03-27T23:15:30.621986,astound,eth0,332.75,52.29,10.8,0.45,Astound Broadband,"Seattle, WA, United States",https://www.speedtest.net/result/c/7c7e73ac-4f46-46c3-83f2-52a289a6503e
2026-03-27T23:30:31.394451,astound,eth0,939.28,52.29,11.77,0.69,Comcast,"Seattle, WA, United States",https://www.speedtest.net/result/c/6810d7b2-9577-4263-9c47-f046d39b528e
2026-03-27T23:45:35.772303,astound,eth0,219.19,52.25,10.67,0.39,Astound Broadband,"Seattle, WA, United States",https://www.speedtest.net/result/c/2c6ec446-9634-44f1-a445-89c428429072
2026-03-28T00:00:29.624779,astound,eth0,938.51,52.25,10.72,2.6,Astound Broadband,"Port Orchard, WA, United States",https://www.speedtest.net/result/c/a8b57699-d96a-4131-b486-689489228d9a
2026-03-28T00:15:31.764707,astound,eth0,939.45,52.24,10.74,0.19,Ziply Fiber,"Seattle, WA, United States",https://www.speedtest.net/result/c/fc3d2b09-27c7-4348-acf7-93568b8ca3b2
2026-03-28T00:30:29.976014,astound,eth0,939.17,52.25,15.93,11.97,Astound Broadband,"Port Orchard, WA, United States",https://www.speedtest.net/result/c/6be4ae94-7919-47dd-904d-557cfdc4d993
2026-03-28T00:45:31.123625,astound,eth0,940.61,52.24,10.75,0.14,Ziply Fiber,"Seattle, WA, United States",https://www.speedtest.net/result/c/6a87b48f-4765-4215-ad0d-3feda92361d5
2026-03-28T01:00:32.250856,astound,eth0,939.94,52.27,10.78,0.12,EZEE Fiber,"Seattle, WA, United States",https://www.speedtest.net/result/c/2460644f-4413-4b65-8cf9-872d15c13e9b
2026-03-28T01:15:30.040041,astound,eth0,939.33,52.41,10.81,1.19,Ziply Fiber,"Seattle, WA, United States",https://www.speedtest.net/result/c/60ae5ab0-c736-47ed-8811-0d06cc8830a8
2026-03-28T01:30:29.758450,astound,eth0,938.63,52.24,10.71,0.18,Astound Broadband,"Port Orchard, WA, United States",https://www.speedtest.net/result/c/2ca23ca0-ecc7-424d-9730-87c9693b3997
2026-03-28T01:45:35.904040,astound,eth0,425.06,52.32,10.73,0.15,Astound Broadband,"Seattle, WA, United States",https://www.speedtest.net/result/c/82f35adf-3af2-4033-b881-bc7efe845a0e
2026-03-28T02:00:31.920015,astound,eth0,937.43,52.36,11.19,1.18,GSL Networks,"Seattle, WA, United States",https://www.speedtest.net/result/c/fde82cc3-3a54-4a96-a121-99aaac168a4c
2026-03-28T02:15:27.021240,astound,eth0,939.26,52.23,10.74,0.26,Astound Broadband,"Port Orchard, WA, United States",https://www.speedtest.net/result/c/b937b493-b9ea-4a95-92cb-15f4fdf70a73
2026-03-28T02:30:30.915463,astound,eth0,939.9,52.29,10.79,1.52,EZEE Fiber,"Seattle, WA, United States",https://www.speedtest.net/result/c/02a0dbcb-ce01-4f70-980f-da81c9f9ca2a
2026-03-28T02:45:28.780039,astound,eth0,937.65,52.26,10.74,0.21,Astound Broadband,"Port Orchard, WA, United States",https://www.speedtest.net/result/c/d236a9f4-b27e-4956-82b4-35743ecf75a2
2026-03-28T03:00:31.699588,astound,eth0,939.73,52.26,10.75,0.17,Astound Broadband,"Port Orchard, WA, United States",https://www.speedtest.net/result/c/ce606817-21bf-4556-9405-efbeba325b5f
2026-03-28T03:15:27.746329,astound,eth0,939.59,52.31,10.91,0.56,Astound Broadband,"Port Orchard, WA, United States",https://www.speedtest.net/result/c/ac452736-6d13-44df-9f4b-b7c190e5d2dc
2026-03-28T03:30:30.282809,astound,eth0,939.89,52.27,10.82,0.62,Astound Broadband,"Port Orchard, WA, United States",https://www.speedtest.net/result/c/12b7a9b5-9f95-4df6-86d5-59c964d28f07
2026-03-28T03:45:30.143439,astound,eth0,288.74,52.3,10.74,0.12,Astound Broadband,"Seattle, WA, United States",https://www.speedtest.net/result/c/19684c29-167c-4caa-a932-2d4075ce2010
2026-03-28T04:00:28.820061,astound,eth0,940.31,52.29,11.49,1.21,Astound Broadband,"Port Orchard, WA, United States",https://www.speedtest.net/result/c/e2491740-9141-400e-b647-291ee00ac9bb
2026-03-28T04:15:30.112157,astound,eth0,940.58,52.29,11.32,6.62,Astound Broadband,"Port Orchard, WA, United States",https://www.speedtest.net/result/c/027a5905-a034-446a-b9fc-e2d77ae8853f
2026-03-28T04:30:28.572793,astound,eth0,938.94,52.32,10.81,0.7,Astound Broadband,"Port Orchard, WA, United States",https://www.speedtest.net/result/c/4552824e-629f-4f2f-84b6-f8b10a3b77d9
2026-03-28T04:45:29.296523,astound,eth0,939.9,52.32,10.73,0.07,Ziply Fiber,"Seattle, WA, United States",https://www.speedtest.net/result/c/00221bee-9cd2-40d4-8751-2a57ab9490c9
2026-03-28T05:00:32.982870,astound,eth0,939.39,52.36,9.2,4.37,GSL Networks,"Seattle, WA, United States",https://www.speedtest.net/result/c/1c0d2a72-8b0b-4f21-9f77-b2d7d896411a
2026-03-28T05:15:37.356866,astound,eth0,551.96,52.31,10.82,1.32,Astound Broadband,"Seattle, WA, United States",https://www.speedtest.net/result/c/a17599fb-589f-4436-b28f-c4365e040434
2026-03-28T05:30:29.847135,astound,eth0,939.53,52.74,10.91,1.38,Astound Broadband,"Port Orchard, WA, United States",https://www.speedtest.net/result/c/33518cbb-6136-4ade-8310-4721d02e4056
2026-03-28T05:45:29.252314,astound,eth0,923.94,51.95,10.76,0.1,Astound Broadband,"Port Orchard, WA, United States",https://www.speedtest.net/result/c/642915c8-04dc-42af-98c7-88444db36a5e
2026-03-28T06:00:31.718986,astound,eth0,937.24,52.24,12.2,1.71,GSL Networks,"Seattle, WA, United States",https://www.speedtest.net/result/c/af42a6f8-9af1-4fd6-a386-a6ce1e001d5c
2026-03-28T06:15:27.773975,astound,eth0,939.34,52.3,11.63,4.05,Astound Broadband,"Port Orchard, WA, United States",https://www.speedtest.net/result/c/6c75a63f-cbe5-470b-a1d2-e8ba0a19b980
2026-03-28T06:30:29.814054,astound,eth0,931.58,52.35,10.74,0.25,Astound Broadband,"Seattle, WA, United States",https://www.speedtest.net/result/c/ffa2015d-96e3-4035-8a76-85ec1a77617c
2026-03-28T06:45:27.030497,astound,eth0,938.95,52.27,10.8,0.49,Astound Broadband,"Seattle, WA, United States",https://www.speedtest.net/result/c/ffc280c5-4acb-489e-b610-10d21f750ce2
2026-03-28T07:00:30.671567,astound,eth0,938.53,52.22,10.84,0.8,EZEE Fiber,"Seattle, WA, United States",https://www.speedtest.net/result/c/98bf5822-f039-496b-8998-4bb565c20e45
2026-03-28T07:15:28.394903,astound,eth0,938.71,52.27,11.19,2.89,Astound Broadband,"Port Orchard, WA, United States",https://www.speedtest.net/result/c/79ab6e53-cb45-4051-9c76-1b05a22593cd
2026-03-28T07:30:28.682562,astound,eth0,937.34,52.32,10.79,1.22,Astound Broadband,"Port Orchard, WA, United States",https://www.speedtest.net/result/c/b8989947-1fbd-4a7f-9e17-5dfc1832cb98
2026-03-28T07:45:29.728221,astound,eth0,938.69,52.34,10.71,0.94,Astound Broadband,"Port Orchard, WA, United States",https://www.speedtest.net/result/c/e2ae0937-89e1-4ee7-9619-94be7c9f2fd7
2026-03-28T08:00:28.968337,astound,eth0,939.54,52.25,10.74,0.21,Astound Broadband,"Port Orchard, WA, United States",https://www.speedtest.net/result/c/b33d873d-e8cc-4007-9509-0af38f804683
2026-03-28T08:15:29.275360,astound,eth0,939.85,52.22,10.61,2.46,Ziply Fiber,"Seattle, WA, United States",https://www.speedtest.net/result/c/15efffc8-0beb-4938-bb36-b80b9ab7a77c
2026-03-28T08:30:30.744399,astound,eth0,939.38,52.33,10.72,0.14,Astound Broadband,"Port Orchard, WA, United States",https://www.speedtest.net/result/c/7700de79-9f8a-4624-820e-916a66a83d3d
2026-03-28T08:45:27.642169,astound,eth0,940.27,52.33,10.79,1.18,Ziply Fiber,"Seattle, WA, United States",https://www.speedtest.net/result/c/95e58edf-e291-49bd-a3a2-0b724f7bf852
2026-03-28T09:00:33.737084,astound,eth0,940.71,52.36,10.81,0.29,Astound Broadband,"Port Orchard, WA, United States",https://www.speedtest.net/result/c/03f2cd29-985e-4ed5-ad51-6f6ddcb1c2e7
2026-03-28T09:15:29.556855,astound,eth0,934.15,52.31,10.66,1.79,Astound Broadband,"Seattle, WA, United States",https://www.speedtest.net/result/c/e758fd53-2ea9-4e7b-91f3-e4acb9f7fbbe
2026-03-28T09:30:33.356491,astound,eth0,928.61,52.29,10.84,1.2,Ziply Fiber,"Seattle, WA, United States",https://www.speedtest.net/result/c/ef2558fb-c970-40c3-ae51-d98e8befcdb4
2026-03-28T09:45:29.111926,astound,eth0,938.76,52.29,10.74,0.12,Astound Broadband,"Seattle, WA, United States",https://www.speedtest.net/result/c/b3b48759-9e52-4a99-b539-ae82460b6e9a
2026-03-28T10:00:31.246928,astound,eth0,938.89,52.25,11.63,1.06,Astound Broadband,"Port Orchard, WA, United States",https://www.speedtest.net/result/c/981f399d-04d3-4850-ac7a-5a23ae8a3d13
2026-03-28T10:15:30.894559,astound,eth0,931.51,52.28,10.77,0.05,Astound Broadband,"Port Orchard, WA, United States",https://www.speedtest.net/result/c/bd9f9534-63e3-45e2-90e3-6f7aaa55ee85
2026-03-28T10:30:30.455860,astound,eth0,938.18,52.27,10.86,1.59,GSL Networks,"Seattle, WA, United States",https://www.speedtest.net/result/c/3ef0f015-2f62-4958-8608-66fd25de4fca
2026-03-28T10:45:27.985323,astound,eth0,902.49,52.36,10.66,0.97,Astound Broadband,"Seattle, WA, United States",https://www.speedtest.net/result/c/695b83e4-6c4f-4c52-b51f-0c86203b3c8d
2026-03-28T11:00:28.068817,astound,eth0,938.51,52.31,11.54,1.95,Astound Broadband,"Port Orchard, WA, United States",https://www.speedtest.net/result/c/68487899-f114-4c9b-a2a0-52aefe01ccf0
2026-03-28T11:15:30.320088,astound,eth0,938.85,52.29,10.82,0.73,Astound Broadband,"Port Orchard, WA, United States",https://www.speedtest.net/result/c/3ae066b6-6e0b-44d8-8099-642e9d7354fc
2026-03-28T11:30:28.412816,astound,eth0,939.17,52.26,10.81,0.47,Astound Broadband,"Port Orchard, WA, United States",https://www.speedtest.net/result/c/f6d75376-d704-4e59-92a4-7066994381e9
2026-03-28T11:45:27.575134,astound,eth0,939.75,52.37,11.23,0.47,Astound Broadband,"Port Orchard, WA, United States",https://www.speedtest.net/result/c/255f37d7-60e8-4d11-8177-d8dbeeb8c841
2026-03-28T12:00:35.982631,astound,eth0,246.27,52.25,10.98,0.7,Astound Broadband,"Seattle, WA, United States",https://www.speedtest.net/result/c/76a33be8-0569-472a-aeda-f320277ed87d
2026-03-28T12:15:30.374495,astound,eth0,860.96,53.65,10.75,0.19,Astound Broadband,"Port Orchard, WA, United States",https://www.speedtest.net/result/c/a1e8860a-fc11-4c7e-85fe-df142c4169e4
2026-03-28T12:30:29.594338,astound,eth0,940.71,52.25,9.3,2.79,Ziply Fiber,"Seattle, WA, United States",https://www.speedtest.net/result/c/6a7681b8-cac4-4ee4-a4bb-dcb437c1a773
2026-03-28T12:45:29.439333,astound,eth0,237.54,52.35,11.12,0.76,Astound Broadband,"Seattle, WA, United States",https://www.speedtest.net/result/c/30274992-a4d9-47ad-9721-140560d9c7d1
2026-03-28T13:00:36.107147,astound,eth0,360.74,52.37,10.73,0.06,Astound Broadband,"Seattle, WA, United States",https://www.speedtest.net/result/c/b5582b1f-298c-4b8f-9a41-e471c98d1a7a
2026-03-28T13:15:31.864229,astound,eth0,940.52,52.91,10.77,0.67,Ziply Fiber,"Seattle, WA, United States",https://www.speedtest.net/result/c/4f878975-c4d7-4d98-bf4d-5342b436edbe
2026-03-28T13:30:29.208942,astound,eth0,939.32,52.26,10.75,0.12,Ziply Fiber,"Seattle, WA, United States",https://www.speedtest.net/result/c/1dee0297-f934-4ebf-a813-fcd427643b42
2026-03-28T13:45:29.464053,astound,eth0,938.6,52.25,10.76,1.22,Astound Broadband,"Seattle, WA, United States",https://www.speedtest.net/result/c/e74d4d79-831c-4dd3-ae5f-9508aa06d4dc
2026-03-28T14:00:27.493459,astound,eth0,939.42,52.35,10.74,1.21,Astound Broadband,"Port Orchard, WA, United States",https://www.speedtest.net/result/c/1d85ddaa-3ec8-4682-b6e4-06d0cd323517
2026-03-28T14:15:29.605994,astound,eth0,939.1,52.36,10.76,0.07,Astound Broadband,"Port Orchard, WA, United States",https://www.speedtest.net/result/c/9a3a0007-b04c-46e2-98a3-eda0630aa399
2026-03-28T14:30:31.456703,astound,eth0,940.25,52.32,10.73,2.55,Ziply Fiber,"Seattle, WA, United States",https://www.speedtest.net/result/c/55e5e0de-1140-4c27-8603-975556a2ee60
2026-03-28T14:45:29.118510,astound,eth0,939.61,52.34,10.72,0.21,Astound Broadband,"Port Orchard, WA, United States",https://www.speedtest.net/result/c/3e2fd0bd-e2bb-423b-95c2-2231e4e9cbdd
2026-03-28T15:00:39.339705,astound,eth0,942.41,52.22,10.81,0.39,Astound Broadband,"Seattle, WA, United States",https://www.speedtest.net/result/c/55fb6939-3c3c-4de2-8461-6fcbb20c086b
2026-03-28T15:15:29.181663,astound,eth0,937.94,52.42,11.63,1.42,EZEE Fiber,"Seattle, WA, United States",https://www.speedtest.net/result/c/8dacc216-773c-446a-a5e6-c41e63754883
2026-03-28T15:30:32.343543,astound,eth0,939.2,52.31,12.08,3.64,Astound Broadband,"Port Orchard, WA, United States",https://www.speedtest.net/result/c/7f3e99d1-6c66-4f37-a5cb-f1973e932acf
2026-03-28T15:45:30.096505,astound,eth0,938.96,52.28,10.96,0.71,GSL Networks,"Seattle, WA, United States",https://www.speedtest.net/result/c/ee4163dc-db70-4340-8011-c13f26fa8588
2026-03-28T16:00:34.256445,astound,eth0,936.87,52.4,11.52,1.7,Astound Broadband,"Port Orchard, WA, United States",https://www.speedtest.net/result/c/dc61f697-c78c-4f6e-b162-61408fc2458a
2026-03-28T16:15:28.352820,astound,eth0,937.36,52.38,11.38,1.11,Astound Broadband,"Port Orchard, WA, United States",https://www.speedtest.net/result/c/13fa410c-354e-4d3e-89b2-a2aef4a3fec1
2026-03-28T16:30:33.789036,astound,eth0,940.6,52.26,13.05,0.65,Ziply Fiber,"Seattle, WA, United States",https://www.speedtest.net/result/c/7ba44b5e-fbd3-4ec1-8000-aa691fe45ace
2026-03-28T16:45:30.479268,astound,eth0,939.69,52.41,11.04,0.7,Ziply Fiber,"Seattle, WA, United States",https://www.speedtest.net/result/c/582d3d4a-1b34-4fcb-a501-42571da548f1
2026-03-28T17:00:36.151371,astound,eth0,917.52,52.28,9.13,4.63,Astound Broadband,"Port Orchard, WA, United States",https://www.speedtest.net/result/c/6f791e5b-fdd7-465d-99d5-c0d729d176eb
2026-03-28T17:15:31.403714,astound,eth0,935.33,52.29,10.8,0.5,Astound Broadband,"Seattle, WA, United States",https://www.speedtest.net/result/c/a40561ea-c70e-4e5f-911c-cc4674adec1d
2026-03-28T17:30:29.094603,astound,eth0,923.23,52.37,11.57,1.36,Ziply Fiber,"Seattle, WA, United States",https://www.speedtest.net/result/c/4d0e3f03-3580-49f9-9a23-ff42ef93089f
2026-03-28T17:45:31.851613,astound,eth0,814.06,52.41,11.07,0.55,Astound Broadband,"Seattle, WA, United States",https://www.speedtest.net/result/c/1d93138a-ee62-4d2c-a1bc-8a300f37e6da
2026-03-28T18:00:31.806661,astound,eth0,939.81,52.2,10.77,0.31,Astound Broadband,"Port Orchard, WA, United States",https://www.speedtest.net/result/c/a5c92502-8464-4ea2-bac0-ed9eb2c356f5
2026-03-28T18:15:30.027318,astound,eth0,876.85,52.22,11.8,1.46,Astound Broadband,"Seattle, WA, United States",https://www.speedtest.net/result/c/9826e12e-27b2-4ab7-b9bc-92420fcebaf3
2026-03-28T18:30:32.626373,astound,eth0,940.82,52.32,11.13,5.88,Ziply Fiber,"Seattle, WA, United States",https://www.speedtest.net/result/c/2811c704-035a-443c-85cc-8cdc88f5ceaa
2026-03-28T18:45:31.591833,astound,eth0,939.72,52.33,10.77,0.28,Ziply Fiber,"Seattle, WA, United States",https://www.speedtest.net/result/c/99a4404b-12e4-415a-9da7-256c84b6d27e
2026-03-28T19:00:33.483742,astound,eth0,940.72,52.26,11.21,1.06,Astound Broadband,"Seattle, WA, United States",https://www.speedtest.net/result/c/4db2ac8b-ba97-4fa4-9f1a-57d8b99da9ae
2026-03-28T19:15:22.543480,astound,eth0,940.22,54.97,12.52,0.67,EZEE Fiber,"Seattle, WA, United States",https://www.speedtest.net/result/c/fd082fea-f574-4b0c-97e1-fda4675b3e60
2026-03-28T19:30:30.729095,astound,eth0,823.12,52.27,9.53,2.61,Astound Broadband,"Seattle, WA, United States",https://www.speedtest.net/result/c/4c5bd917-ed46-49b6-a0e5-be4117ede44c
2026-03-28T19:45:31.863611,astound,eth0,940.72,52.23,11.29,1.41,Ziply Fiber,"Seattle, WA, United States",https://www.speedtest.net/result/c/2c176d97-0185-446e-984a-de91d1f79028
2026-03-28T20:00:28.358963,astound,eth0,939.53,52.33,10.75,0.61,Astound Broadband,"Port Orchard, WA, United States",https://www.speedtest.net/result/c/406ad32e-098d-4f8c-aea5-4b7d87762d1c
2026-03-28T20:15:31.282193,astound,eth0,939.47,52.29,10.72,0.36,Ziply Fiber,"Seattle, WA, United States",https://www.speedtest.net/result/c/46c9201c-7d17-4c10-b12b-8d7c2608b344
2026-03-28T20:30:27.775306,astound,eth0,939.3,52.24,10.72,0.23,Astound Broadband,"Port Orchard, WA, United States",https://www.speedtest.net/result/c/dcc49c5a-3ac8-48e3-9958-09da8ee30692
2026-03-28T20:45:34.811006,astound,eth0,518.83,52.3,10.97,0.8,Astound Broadband,"Seattle, WA, United States",https://www.speedtest.net/result/c/4b97b2bb-4e84-40b7-8630-2eca36b62e62
2026-03-28T21:00:33.960511,astound,eth0,939.1,52.27,10.72,0.17,Astound Broadband,"Port Orchard, WA, United States",https://www.speedtest.net/result/c/8ea955f1-e5a3-4988-805c-e83c9da9797b
2026-03-28T21:15:28.930233,astound,eth0,939.55,52.82,10.9,5.47,Astound Broadband,"Port Orchard, WA, United States",https://www.speedtest.net/result/c/55c1c2dc-d058-41b7-bb78-6c664ec14017
2026-03-28T21:30:30.232356,astound,eth0,939.62,52.3,10.74,4.43,Astound Broadband,"Port Orchard, WA, United States",https://www.speedtest.net/result/c/643cf246-20b0-4cb4-8e38-8dea28cd878e
2026-03-28T21:45:26.710705,astound,eth0,936.85,52.62,11.37,1.0,Astound Broadband,"Seattle, WA, United States",https://www.speedtest.net/result/c/3b87e299-5c1d-4071-b043-16ed3ba268e9
2026-03-28T22:00:27.149609,astound,eth0,938.61,52.3,10.67,2.29,Astound Broadband,"Port Orchard, WA, United States",https://www.speedtest.net/result/c/25f1c571-faae-49e5-86ff-823c367aa037
2026-03-28T22:15:29.551629,astound,eth0,939.09,52.31,11.28,3.0,Ziply Fiber,"Seattle, WA, United States",https://www.speedtest.net/result/c/1dc5e876-5823-460b-8487-f2e4328f6ef0
2026-03-28T22:30:28.646853,astound,eth0,939.23,52.36,10.7,2.13,Astound Broadband,"Port Orchard, WA, United States",https://www.speedtest.net/result/c/173ea2d5-72db-4ad2-82c6-9f113ef57645
2026-03-28T22:45:33.996939,astound,eth0,939.19,52.33,10.78,1.33,Ziply Fiber,"Seattle, WA, United States",https://www.speedtest.net/result/c/0d349350-d918-4599-b6e0-66a76a087cd6
2026-03-28T23:00:32.227184,astound,eth0,938.95,52.26,11.86,0.95,Astound Broadband,"Port Orchard, WA, United States",https://www.speedtest.net/result/c/60483d8a-bb41-4a89-88c9-5fd6c38d43e8
2026-03-28T23:15:28.904488,astound,eth0,934.96,52.37,12.49,3.33,Ziply Fiber,"Seattle, WA, United States",https://www.speedtest.net/result/c/8e8f05b7-a9fb-4377-9eab-f8138c8394b9
2026-03-28T23:30:30.686344,astound,eth0,939.69,52.25,10.75,0.32,Astound Broadband,"Seattle, WA, United States",https://www.speedtest.net/result/c/97594886-8549-4d0d-9eb1-51dfc9945596
2026-03-28T23:45:29.702608,astound,eth0,938.88,52.35,10.81,0.62,Ziply Fiber,"Seattle, WA, United States",https://www.speedtest.net/result/c/4dc2e1be-9e10-48e4-8519-c494296d946c
2026-03-29T00:00:33.613429,astound,eth0,933.73,52.47,11.68,0.87,GSL Networks,"Seattle, WA, United States",https://www.speedtest.net/result/c/2271a360-ce0a-49ef-8b45-23ac4fdef327
2026-03-29T00:15:30.621636,astound,eth0,940.0,52.26,10.73,0.15,Ziply Fiber,"Seattle, WA, United States",https://www.speedtest.net/result/c/51d5e241-f38a-4342-a756-054e6fe1ed7e
2026-03-29T00:30:29.405117,astound,eth0,939.08,52.52,10.74,0.22,Astound Broadband,"Seattle, WA, United States",https://www.speedtest.net/result/c/52274645-1254-481b-b6f0-130597558b0e
2026-03-29T00:45:34.768025,astound,eth0,880.36,48.22,10.76,0.28,Astound Broadband,"Port Orchard, WA, United States",https://www.speedtest.net/result/c/bf0eb7f3-5b8e-4e52-bdc6-cb6ba34991a3
2026-03-29T01:00:31.883916,astound,eth0,940.27,52.25,10.82,0.48,Astound Broadband,"Port Orchard, WA, United States",https://www.speedtest.net/result/c/818055f3-07af-4231-b5ff-4a3624c6910d
2026-03-29T01:15:27.453976,astound,eth0,935.63,52.25,10.69,0.28,Astound Broadband,"Seattle, WA, United States",https://www.speedtest.net/result/c/ffc5b2e7-ed70-4991-978c-4f75cab274c4
2026-03-29T01:30:26.434973,astound,eth0,924.54,52.24,10.84,0.61,Astound Broadband,"Seattle, WA, United States",https://www.speedtest.net/result/c/fa1db864-b93d-4688-a735-d40304a542fb
2026-03-29T01:45:29.870013,astound,eth0,298.83,52.26,10.64,1.47,Astound Broadband,"Seattle, WA, United States",https://www.speedtest.net/result/c/8f743888-4347-419e-bd46-70f2d2254b0d
2026-03-29T02:00:30.804601,astound,eth0,939.74,52.27,11.01,0.93,Astound Broadband,"Port Orchard, WA, United States",https://www.speedtest.net/result/c/4332c0bd-ad7d-4f8e-967d-f6a81839d921
2026-03-29T02:15:31.587942,astound,eth0,941.11,52.31,10.83,1.44,Ziply Fiber,"Seattle, WA, United States",https://www.speedtest.net/result/c/5518e59f-318d-4ce9-b9e9-8c58ad309dbc
2026-03-29T02:30:29.633668,astound,eth0,940.83,52.51,10.81,1.19,Astound Broadband,"Port Orchard, WA, United States",https://www.speedtest.net/result/c/7d71c2e2-e862-4b45-ade0-a86567597fe3
2026-03-29T02:45:30.550932,astound,eth0,207.81,52.23,10.74,0.18,Astound Broadband,"Seattle, WA, United States",https://www.speedtest.net/result/c/7df7dee4-3049-4387-8ae6-d034502327e7
2026-03-29T03:00:31.490050,astound,eth0,938.85,52.33,10.68,0.35,EZEE Fiber,"Seattle, WA, United States",https://www.speedtest.net/result/c/cbd30c2b-0299-40a3-a898-1f26e5ac49db
2026-03-29T03:15:33.526728,astound,eth0,941.09,52.24,10.73,1.26,Ziply Fiber,"Seattle, WA, United States",https://www.speedtest.net/result/c/c6113262-3169-43a5-91dc-5be52489d2db
2026-03-29T03:30:27.775635,astound,eth0,940.76,52.22,10.92,1.15,Astound Broadband,"Seattle, WA, United States",https://www.speedtest.net/result/c/cdd5c0e3-0438-4f67-b461-b4620ba4ca0a
2026-03-29T03:45:34.462552,astound,eth0,172.35,52.29,9.43,4.41,Astound Broadband,"Seattle, WA, United States",https://www.speedtest.net/result/c/c7888fa1-c78e-4882-8625-2525308e518f
2026-03-29T04:00:28.963009,astound,eth0,939.47,52.31,10.74,0.2,Astound Broadband,"Port Orchard, WA, United States",https://www.speedtest.net/result/c/e7f54530-f2f5-4c2f-a9ce-a76b0a57d9ec
2026-03-29T04:15:29.684254,astound,eth0,938.37,52.36,10.85,0.65,Astound Broadband,"Port Orchard, WA, United States",https://www.speedtest.net/result/c/6a91e514-8a75-4864-8214-df95f54661e1
2026-03-29T04:30:28.505810,astound,eth0,938.97,52.24,10.72,0.21,Astound Broadband,"Seattle, WA, United States",https://www.speedtest.net/result/c/11ad2796-0b0f-4563-a922-d3b85ae6cb61
2026-03-29T04:45:32.410182,astound,eth0,936.29,39.69,10.73,0.21,Astound Broadband,"Port Orchard, WA, United States",https://www.speedtest.net/result/c/fcd8fe93-89f0-4f9e-8eb0-4fa63d1e5182
2026-03-29T05:00:29.953729,astound,eth0,939.37,52.27,10.73,0.03,Astound Broadband,"Port Orchard, WA, United States",https://www.speedtest.net/result/c/9e054903-493f-4d66-a8b7-f4ddda4b5ea4
2026-03-29T05:15:29.921937,astound,eth0,939.47,52.33,11.2,1.21,Astound Broadband,"Seattle, WA, United States",https://www.speedtest.net/result/c/f89dfa24-ac1a-4aed-a7ea-e82c706dff0a
2026-03-29T05:30:30.272155,astound,eth0,934.7,52.24,10.76,0.12,GSL Networks,"Seattle, WA, United States",https://www.speedtest.net/result/c/2413fa57-5ad9-40d8-9aad-234aa5a1f732
2026-03-29T05:45:31.381830,astound,eth0,923.51,47.03,10.82,0.72,Astound Broadband,"Seattle, WA, United States",https://www.speedtest.net/result/c/8845d741-2acc-480f-95dc-1a53d64a65cc
2026-03-29T06:00:36.559794,astound,eth0,830.18,53.03,12.15,1.79,Astound Broadband,"Seattle, WA, United States",https://www.speedtest.net/result/c/43e18128-ef87-4839-b2cb-4bbdde32cb46
2026-03-29T06:15:31.191756,astound,eth0,939.06,52.35,10.81,0.76,Astound Broadband,"Port Orchard, WA, United States",https://www.speedtest.net/result/c/f9a910d4-6b2a-486d-afb7-de2906a3f848
2026-03-29T06:30:28.934000,astound,eth0,941.12,51.53,11.39,2.12,Ziply Fiber,"Seattle, WA, United States",https://www.speedtest.net/result/c/55984702-95ce-4df2-a3ab-be2815beeb61
2026-03-29T06:45:29.987641,astound,eth0,940.71,52.28,10.81,0.24,Ziply Fiber,"Seattle, WA, United States",https://www.speedtest.net/result/c/d925d492-b3e5-47bd-aad1-f0d8450e30ad
2026-03-29T07:00:27.097929,astound,eth0,939.53,52.27,10.75,0.39,Astound Broadband,"Port Orchard, WA, United States",https://www.speedtest.net/result/c/49fe08d9-eac9-4648-bfcd-594dd718b7ea
2026-03-29T07:15:28.066468,astound,eth0,938.59,52.3,10.85,1.23,Astound Broadband,"Port Orchard, WA, United States",https://www.speedtest.net/result/c/ef94510c-7ebd-4edc-b1b0-93ad84e854c9
2026-03-29T07:30:31.199657,astound,eth0,938.92,52.28,10.82,0.52,Astound Broadband,"Port Orchard, WA, United States",https://www.speedtest.net/result/c/7870ba72-c7df-4b62-bf4a-216498c823cd
2026-03-29T07:45:30.639912,astound,eth0,930.39,52.34,10.85,0.32,Astound Broadband,"Seattle, WA, United States",https://www.speedtest.net/result/c/75ef1d1f-c770-4e46-97ac-5f41c4d1faaa
2026-03-29T08:00:27.016030,astound,eth0,939.49,40.35,12.81,1.57,"KamaTera, Inc.","Seattle, WA, United States",https://www.speedtest.net/result/c/f48269b6-9d30-46ed-b0f0-4a8600563f8e
2026-03-29T08:15:29.530088,astound,eth0,867.44,52.31,10.74,0.12,Astound Broadband,"Seattle, WA, United States",https://www.speedtest.net/result/c/21b48cd8-7c78-4d83-9a38-994d4ae24024
2026-03-29T08:30:27.426747,astound,eth0,935.44,52.33,10.7,0.77,Astound Broadband,"Seattle, WA, United States",https://www.speedtest.net/result/c/391ba6bb-c504-4c8c-b00e-6e976510ee24
2026-03-29T08:45:28.209966,astound,eth0,939.09,52.26,10.77,0.26,Astound Broadband,"Port Orchard, WA, United States",https://www.speedtest.net/result/c/a86270af-6e7b-4e77-aa5c-34c10c5712cc
2026-03-29T09:00:33.696730,astound,eth0,939.18,52.27,11.5,7.35,GSL Networks,"Seattle, WA, United States",https://www.speedtest.net/result/c/6805d888-5a68-40ef-abbb-6cdb1b3dd61a
2026-03-29T09:15:27.747634,astound,eth0,937.23,52.41,10.99,0.58,Astound Broadband,"Port Orchard, WA, United States",https://www.speedtest.net/result/c/cd366073-c4f8-4210-8af8-f716987889cc
2026-03-29T09:30:30.752795,astound,eth0,937.88,52.31,11.03,1.9,Astound Broadband,"Port Orchard, WA, United States",https://www.speedtest.net/result/c/6506d3c8-39f9-4721-8805-ce1c8fb8cbba
2026-03-29T09:45:27.066406,astound,eth0,935.98,52.38,10.82,0.48,Ziply Fiber,"Seattle, WA, United States",https://www.speedtest.net/result/c/4682adcc-6758-406f-bf6a-4545679aafd9
2026-03-29T10:00:28.551427,astound,eth0,937.92,52.35,10.72,0.11,Astound Broadband,"Port Orchard, WA, United States",https://www.speedtest.net/result/c/c15bd124-f646-44cc-85bc-e01e8a08b2b2
2026-03-29T10:15:36.148174,astound,eth0,504.62,52.32,10.63,3.41,Astound Broadband,"Seattle, WA, United States",https://www.speedtest.net/result/c/e0a99661-86ea-4e5d-8c7c-f07de7769a69
2026-03-29T10:30:28.898001,astound,eth0,938.18,52.21,10.81,0.79,Astound Broadband,"Port Orchard, WA, United States",https://www.speedtest.net/result/c/ae379e7f-6df2-4d69-a6ad-85d13d0b713f
2026-03-29T10:45:31.745713,astound,eth0,934.57,52.32,10.82,0.92,Ziply Fiber,"Seattle, WA, United States",https://www.speedtest.net/result/c/c18f26fd-895d-46b9-9609-1a8c4a8c8f10
2026-03-29T11:00:31.867489,astound,eth0,935.52,52.39,10.72,1.34,Astound Broadband,"Port Orchard, WA, United States",https://www.speedtest.net/result/c/f3ada864-7006-4d64-8d34-b5ac12dd600b
2026-03-29T11:15:32.038232,astound,eth0,936.84,52.23,10.72,0.25,Astound Broadband,"Port Orchard, WA, United States",https://www.speedtest.net/result/c/cb7bd543-9759-4a53-aaef-308e68ca5f88
2026-03-29T11:30:31.854780,astound,eth0,941.02,52.35,10.74,0.22,Ziply Fiber,"Seattle, WA, United States",https://www.speedtest.net/result/c/5b632419-d525-469b-93ea-0d212371dac5
2026-03-29T11:45:29.985702,astound,eth0,939.18,52.23,10.74,0.2,Astound Broadband,"Seattle, WA, United States",https://www.speedtest.net/result/c/734c662e-95e3-4cc1-b9c9-86e19b1fcc91
2026-03-29T12:00:29.462750,astound,eth0,935.96,52.3,9.48,3.71,Astound Broadband,"Port Orchard, WA, United States",https://www.speedtest.net/result/c/24e9c166-7d4e-40e7-90bc-6af945676cda
2026-03-29T12:15:29.864439,astound,eth0,938.27,52.27,10.74,3.16,Ziply Fiber,"Seattle, WA, United States",https://www.speedtest.net/result/c/75a0b23c-4dd1-4281-85af-49d5f79632d7
2026-03-29T12:30:29.069774,astound,eth0,939.05,52.25,9.47,3.77,Astound Broadband,"Port Orchard, WA, United States",https://www.speedtest.net/result/c/15b81942-ed7b-451a-b33e-f6c1d827e4b8
2026-03-29T12:45:30.117870,astound,eth0,938.95,52.39,10.79,0.15,Astound Broadband,"Port Orchard, WA, United States",https://www.speedtest.net/result/c/46bf1392-57cc-41a9-b120-5a197f842949
2026-03-29T13:00:37.855163,astound,eth0,224.19,52.25,11.44,1.54,Astound Broadband,"Seattle, WA, United States",https://www.speedtest.net/result/c/fb999af4-1c6d-47bb-9dac-4f3cb7aff624
2026-03-29T13:15:31.990723,astound,eth0,939.45,53.46,10.74,0.32,Astound Broadband,"Port Orchard, WA, United States",https://www.speedtest.net/result/c/09cb6c5c-e667-446e-ab53-e7da7f7b04b0
2026-03-29T13:30:29.114873,astound,eth0,938.84,52.28,10.7,0.19,Astound Broadband,"Port Orchard, WA, United States",https://www.speedtest.net/result/c/4c9128c8-e853-46e8-93dd-0ef51c3feb09
2026-03-29T13:45:41.046872,astound,eth0,939.63,52.3,10.74,0.22,Astound Broadband,"Port Orchard, WA, United States",https://www.speedtest.net/result/c/652825a6-4fb5-4189-885a-114ef993a91d
2026-03-29T14:00:40.187908,astound,eth0,349.89,52.31,10.78,0.44,Astound Broadband,"Seattle, WA, United States",https://www.speedtest.net/result/c/0154810e-cb8b-4a6d-ad49-ffda1967d64a
2026-03-29T14:15:29.341918,astound,eth0,452.06,52.27,10.75,0.17,Astound Broadband,"Seattle, WA, United States",https://www.speedtest.net/result/c/4148fd06-a67a-45ba-bdee-4988fa75dc0a
2026-03-29T14:30:28.167177,astound,eth0,939.49,52.36,10.72,0.1,Astound Broadband,"Port Orchard, WA, United States",https://www.speedtest.net/result/c/cf10797b-2cbd-4df2-b725-5b3ab91a664c
2026-03-29T14:45:30.020992,astound,eth0,939.4,52.81,10.82,1.35,Astound Broadband,"Port Orchard, WA, United States",https://www.speedtest.net/result/c/0cc07b56-0d94-4b7e-8680-fbf37d7f563a
2026-03-29T15:00:38.026760,astound,eth0,938.26,25.98,10.96,1.23,"KamaTera, Inc.","Seattle, WA, United States",https://www.speedtest.net/result/c/4f11806a-0cec-4484-a255-36e3c64c7aa0
2026-03-29T15:15:32.767390,astound,eth0,939.61,52.31,11.54,0.7,Ziply Fiber,"Seattle, WA, United States",https://www.speedtest.net/result/c/e43c1e94-bb43-454e-a834-cceebb37671d
2026-03-29T15:30:30.900773,astound,eth0,939.86,52.36,11.55,1.42,Ziply Fiber,"Seattle, WA, United States",https://www.speedtest.net/result/c/f2cbc098-4a67-44bc-aed0-ccdd9f71e654
2026-03-29T15:45:29.450267,astound,eth0,939.43,52.34,10.76,0.19,Astound Broadband,"Seattle, WA, United States",https://www.speedtest.net/result/c/904fdf45-2ef3-4c5e-ab32-34c4c10c650d
2026-03-29T16:00:25.059714,astound,eth0,921.09,43.04,10.02,2.78,Astound Broadband,"Port Orchard, WA, United States",https://www.speedtest.net/result/c/a427ab79-d49a-49d7-b1af-414b382358aa
2026-03-29T16:15:28.705833,astound,eth0,939.49,52.26,10.73,0.33,Astound Broadband,"Port Orchard, WA, United States",https://www.speedtest.net/result/c/4401c404-2ef1-4b26-a1f1-598286e82662
2026-03-29T16:30:30.433940,astound,eth0,938.88,52.54,9.59,3.98,Astound Broadband,"Port Orchard, WA, United States",https://www.speedtest.net/result/c/c9267175-3550-40b0-b7fb-3002708ea925
2026-03-29T16:45:28.577472,astound,eth0,939.21,52.28,12.89,0.2,Comcast,"Seattle, WA, United States",https://www.speedtest.net/result/c/d8a1c0f7-72ba-47eb-8d0d-d8be15d8f24c
2026-03-29T17:00:32.137936,astound,eth0,939.99,52.37,10.86,0.76,Astound Broadband,"Port Orchard, WA, United States",https://www.speedtest.net/result/c/8ab44866-8934-4dda-b22f-2e9cb7fed749
2026-03-29T17:15:27.591113,astound,eth0,939.25,52.51,10.67,0.64,Astound Broadband,"Port Orchard, WA, United States",https://www.speedtest.net/result/c/16fb61fe-c10a-425e-89b7-23c57c238657
2026-03-29T17:30:30.025587,astound,eth0,939.5,52.36,9.29,2.89,EZEE Fiber,"Seattle, WA, United States",https://www.speedtest.net/result/c/39cb52ee-53bf-42e7-aba1-06176faa55b1
2026-03-29T17:45:27.732287,astound,eth0,934.99,52.58,10.86,0.54,Astound Broadband,"Port Orchard, WA, United States",https://www.speedtest.net/result/c/39d51051-e741-44aa-a8b7-3179d1f14920
2026-03-29T18:00:25.377008,astound,eth0,938.02,55.02,10.83,0.58,Astound Broadband,"Port Orchard, WA, United States",https://www.speedtest.net/result/c/927406fc-06b0-4a50-ad31-57cf4af26c93
2026-03-29T18:15:34.881533,astound,eth0,315.42,52.36,10.81,0.77,Astound Broadband,"Seattle, WA, United States",https://www.speedtest.net/result/c/30660a09-5989-454a-a87e-d908e6e9205e
2026-03-29T18:30:28.681837,astound,eth0,938.28,52.27,10.85,0.43,Astound Broadband,"Port Orchard, WA, United States",https://www.speedtest.net/result/c/bf1d6205-2d54-4022-8eec-632754197cb6
2026-03-29T18:45:30.503974,astound,eth0,939.65,52.27,12.06,1.3,Comcast,"Seattle, WA, United States",https://www.speedtest.net/result/c/2e759898-52cc-43c7-bd42-a041a5a16807
2026-03-29T19:00:33.135825,astound,eth0,939.51,52.25,10.72,0.62,Astound Broadband,"Port Orchard, WA, United States",https://www.speedtest.net/result/c/de86d5be-7482-4519-916d-36bc2df53d61
2026-03-29T19:15:30.370258,astound,eth0,940.51,52.32,11.56,2.67,GSL Networks,"Seattle, WA, United States",https://www.speedtest.net/result/c/a535bd39-57c9-4a72-a951-9fcfb5ac6beb
2026-03-29T19:30:29.137463,astound,eth0,938.41,52.34,10.83,0.53,Astound Broadband,"Seattle, WA, United States",https://www.speedtest.net/result/c/20b3ca88-f066-418a-9a67-845b9a689f03
2026-03-29T19:45:25.755684,astound,eth0,48.0,52.26,10.06,4.03,Astound Broadband,"Port Orchard, WA, United States",https://www.speedtest.net/result/c/637a2ce3-85cb-46ed-9ec1-139a2e16130a
2026-03-29T20:00:30.132572,astound,eth0,48.48,52.19,10.82,0.51,EZEE Fiber,"Seattle, WA, United States",https://www.speedtest.net/result/c/b8e4dd2e-fba8-437c-8ef1-0d314a51175c
2026-03-29T20:15:30.740923,astound,eth0,47.96,52.27,10.74,0.48,Astound Broadband,"Port Orchard, WA, United States",https://www.speedtest.net/result/c/de0b6ea6-ce30-419c-a796-4b3d5f494686
2026-03-29T20:30:30.245279,astound,eth0,937.24,52.8,9.83,4.37,Ziply Fiber,"Seattle, WA, United States",https://www.speedtest.net/result/c/5b80769e-05a4-4b7d-9ae6-f41db569b4f9
2026-03-29T20:45:30.019136,astound,eth0,930.38,52.34,10.77,0.41,Ziply Fiber,"Seattle, WA, United States",https://www.speedtest.net/result/c/a18069d0-b60b-4c66-ba28-1f6630ccc6a0
2026-03-29T21:00:39.716451,astound,eth0,930.76,52.27,11.53,1.76,Astound Broadband,"Seattle, WA, United States",https://www.speedtest.net/result/c/51dc4470-c767-4e19-a61d-dd8c5fa83c54
2026-03-29T21:15:34.240155,astound,eth0,935.04,52.85,10.71,0.5,Ziply Fiber,"Seattle, WA, United States",https://www.speedtest.net/result/c/15742ebf-cde3-42a8-8ecb-1f2e1afd7079
2026-03-29T21:30:30.610039,astound,eth0,935.5,52.26,10.77,0.12,Astound Broadband,"Port Orchard, WA, United States",https://www.speedtest.net/result/c/3f9c1234-91a0-4200-b0e0-35d112784eea
2026-03-29T21:45:36.514561,astound,eth0,46.32,52.21,10.81,1.02,Astound Broadband,"Port Orchard, WA, United States",https://www.speedtest.net/result/c/6e22de04-1c25-43ad-a78b-03c24666d20c
2026-03-29T22:00:27.509026,astound,eth0,48.51,52.25,10.75,0.45,Astound Broadband,"Port Orchard, WA, United States",https://www.speedtest.net/result/c/0ac1e76b-37b3-4313-9ae2-22eb4bbc0c43
2026-03-29T22:15:32.925419,astound,eth0,49.83,52.2,11.46,1.5,Astound Broadband,"Seattle, WA, United States",https://www.speedtest.net/result/c/2b100740-3b58-43e3-8ebf-ba5d5c18f9f3
2026-03-29T22:30:28.995976,astound,eth0,49.71,52.37,10.13,8.46,Ziply Fiber,"Seattle, WA, United States",https://www.speedtest.net/result/c/7bf6ea0f-3171-469a-950e-154fdb00740d
2026-03-29T22:45:27.091922,astound,eth0,47.22,52.25,10.84,0.53,Astound Broadband,"Seattle, WA, United States",https://www.speedtest.net/result/c/3eac663d-5c69-4588-8868-f3f4ad808e66
2026-03-29T23:00:29.361824,astound,eth0,48.45,52.21,10.77,0.09,Astound Broadband,"Port Orchard, WA, United States",https://www.speedtest.net/result/c/b7f164ed-978e-42a6-943e-4cf2153e7bef
2026-03-29T23:15:26.890885,astound,eth0,50.19,52.18,10.82,2.35,Ziply Fiber,"Seattle, WA, United States",https://www.speedtest.net/result/c/99f55570-8797-4480-b29e-208d2a16e4cd
2026-03-29T23:30:26.171136,astound,eth0,50.17,53.61,10.87,1.17,Astound Broadband,"Seattle, WA, United States",https://www.speedtest.net/result/c/178a5047-3777-444d-867f-5c250019578e
2026-03-29T23:45:27.109372,astound,eth0,48.9,52.27,10.74,0.23,Astound Broadband,"Seattle, WA, United States",https://www.speedtest.net/result/c/f9a7c597-2bd2-4596-b922-6059943087cc
2026-03-30T00:00:35.456981,astound,eth0,49.19,52.23,12.11,1.52,GSL Networks,"Seattle, WA, United States",https://www.speedtest.net/result/c/74198118-ce0f-47a6-ae90-ac0490677d04
2026-03-30T00:15:25.331737,astound,eth0,49.2,52.23,10.82,0.51,Astound Broadband,"Port Orchard, WA, United States",https://www.speedtest.net/result/c/1c8b3a70-9205-4863-9ebf-772d0b3c01bb
2026-03-30T00:30:26.599441,astound,eth0,48.67,52.21,11.05,1.14,EZEE Fiber,"Seattle, WA, United States",https://www.speedtest.net/result/c/09dbc644-0bd3-4918-a5a3-b0189cdc1915
2026-03-30T00:45:24.356293,astound,eth0,50.34,52.28,10.81,1.31,GSL Networks,"Seattle, WA, United States",https://www.speedtest.net/result/c/5389f83e-89df-405e-98c1-35443d85a748
2026-03-30T01:00:26.689946,astound,eth0,50.6,52.22,10.72,2.53,Astound Broadband,"Port Orchard, WA, United States",https://www.speedtest.net/result/c/513e98b2-75a6-4ea4-a9eb-a169957b51cb
2026-03-30T01:15:24.873127,astound,eth0,47.19,52.18,11.35,3.56,Astound Broadband,"Port Orchard, WA, United States",https://www.speedtest.net/result/c/0b113b1d-1729-41f5-881f-af04d57a98ea
2026-03-30T01:30:25.900784,astound,eth0,48.95,52.27,10.74,0.53,Astound Broadband,"Port Orchard, WA, United States",https://www.speedtest.net/result/c/ae9e2c2a-c3b3-4ee5-b1e0-6dba8e6a7ed1
2026-03-30T01:45:23.877257,astound,eth0,50.31,52.36,10.82,0.63,Astound Broadband,"Port Orchard, WA, United States",https://www.speedtest.net/result/c/b04f7c34-98e8-4f5a-8c44-4a2e28ebf06e
2026-03-30T02:00:27.902076,astound,eth0,50.23,52.04,11.46,1.32,Astound Broadband,"Port Orchard, WA, United States",https://www.speedtest.net/result/c/06f38b95-220d-4a31-912c-e8f7dddbbcdd
2026-03-30T02:15:31.906108,astound,eth0,44.92,52.17,10.81,0.59,Astound Broadband,"Port Orchard, WA, United States",https://www.speedtest.net/result/c/c8683e60-2d39-4e86-9787-3c2bf1837e53
2026-03-30T02:30:34.982295,astound,eth0,42.41,52.22,11.32,1.66,Ziply Fiber,"Seattle, WA, United States",https://www.speedtest.net/result/c/6ad4d524-5ba2-482e-840b-9998bc20cf44
2026-03-30T02:45:31.082268,astound,eth0,43.89,52.27,38.73,9.66,Astound Broadband,"Port Orchard, WA, United States",https://www.speedtest.net/result/c/8772d508-e3cd-47bf-a670-105aaafae80d
2026-03-30T03:00:33.660666,astound,eth0,46.09,52.14,10.81,0.53,Astound Broadband,"Port Orchard, WA, United States",https://www.speedtest.net/result/c/bc5d3cfe-2797-4a63-a716-26dc35862ac2
2026-03-30T03:15:31.609763,astound,eth0,46.74,52.15,10.72,0.57,Astound Broadband,"Port Orchard, WA, United States",https://www.speedtest.net/result/c/3797ac82-671d-44b7-acc8-ba9cd3572185
2026-03-30T03:30:34.643365,astound,eth0,49.86,52.06,6.88,2.02,Astound Broadband,"Port Orchard, WA, United States",https://www.speedtest.net/result/c/2605ac12-a2db-45b0-97dd-22d2f1cf20ab
2026-03-30T03:45:26.156656,astound,eth0,50.21,52.06,10.76,0.23,Astound Broadband,"Port Orchard, WA, United States",https://www.speedtest.net/result/c/b655ff27-6031-4b80-a1bc-2f552d0e0b87
2026-03-30T04:00:24.586274,astound,eth0,50.35,52.12,11.06,0.87,Astound Broadband,"Port Orchard, WA, United States",https://www.speedtest.net/result/c/cd5dd5c7-fe34-4db8-a8cd-6ce94d8eff69
2026-03-30T04:15:31.611700,astound,eth0,48.54,52.19,10.74,0.22,Astound Broadband,"Port Orchard, WA, United States",https://www.speedtest.net/result/c/e1ebd06b-cde7-431c-9cdb-ef33bdd31306
2026-03-30T04:30:23.548471,astound,eth0,50.24,52.21,9.94,1.61,Astound Broadband,"Port Orchard, WA, United States",https://www.speedtest.net/result/c/a372cfa7-c6e3-4357-8fb8-09b783e7b19c
2026-03-30T04:45:26.632870,astound,eth0,50.32,52.2,10.74,0.64,Astound Broadband,"Port Orchard, WA, United States",https://www.speedtest.net/result/c/48347e18-471b-4170-9df2-822ccc5d8f58
2026-03-30T05:00:37.026998,astound,eth0,48.0,52.24,10.74,0.16,Astound Broadband,"Port Orchard, WA, United States",https://www.speedtest.net/result/c/2875e49c-f78a-4bf9-a448-5ed3c5ef3480
2026-03-30T05:15:30.238501,astound,eth0,49.92,52.52,10.16,56.35,Astound Broadband,"Seattle, WA, United States",https://www.speedtest.net/result/c/0e533ef8-e66c-4278-951b-39af0b4a7069
2026-03-30T05:30:32.009715,astound,eth0,46.99,52.26,10.75,0.2,Astound Broadband,"Seattle, WA, United States",https://www.speedtest.net/result/c/cba691dc-1c1f-49e9-80c5-88709777a280
2026-03-30T05:45:34.440935,astound,eth0,47.0,52.24,7.19,1.85,Astound Broadband,"Seattle, WA, United States",https://www.speedtest.net/result/c/202fc140-3141-4579-a900-e33d3bc1667a
2026-03-30T06:00:31.107384,astound,eth0,50.38,52.3,10.81,0.69,Astound Broadband,"Port Orchard, WA, United States",https://www.speedtest.net/result/c/0435e359-0e3d-45b9-a146-23fd29083f34
2026-03-30T06:15:29.189949,astound,eth0,50.38,38.0,11.67,0.71,Astound Broadband,"Port Orchard, WA, United States",https://www.speedtest.net/result/c/3861ba20-96cf-46ae-9567-1169a6236cfe
2026-03-30T06:30:24.919031,astound,eth0,50.21,17.15,11.42,2.06,Ziply Fiber,"Seattle, WA, United States",https://www.speedtest.net/result/c/8be5c5e8-3b76-4d15-9149-9975d31d8201
2026-03-30T06:45:25.915370,astound,eth0,49.6,52.43,11.37,4.78,Astound Broadband,"Seattle, WA, United States",https://www.speedtest.net/result/c/be12acc7-78db-493b-8fd3-7ee20afa0188
2026-03-30T07:00:34.953288,astound,eth0,47.83,52.24,12.27,1.06,GSL Networks,"Seattle, WA, United States",https://www.speedtest.net/result/c/e960bc97-a888-46be-9904-367468ded1b1
2026-03-30T07:15:39.185951,astound,eth0,50.04,49.6,10.8,0.51,Astound Broadband,"Port Orchard, WA, United States",https://www.speedtest.net/result/c/e9bc7465-28dc-4af0-9d54-50c6dc3af76e
2026-03-30T07:30:29.198851,astound,eth0,45.27,52.15,10.79,0.61,Astound Broadband,"Seattle, WA, United States",https://www.speedtest.net/result/c/4236ec86-81c6-4736-a287-96a7e9d2b466
2026-03-30T07:45:26.371527,astound,eth0,47.81,52.22,10.98,3.53,Astound Broadband,"Port Orchard, WA, United States",https://www.speedtest.net/result/c/23399c2d-e3c3-439d-9ef6-7e9bdb0237f2
2026-03-30T08:00:24.025986,astound,eth0,49.87,52.23,10.84,1.31,Astound Broadband,"Port Orchard, WA, United States",https://www.speedtest.net/result/c/1be19b80-9a1d-40d0-8cd9-3ae7a27d5c00
2026-03-30T08:15:23.292316,astound,eth0,50.23,52.33,11.22,0.51,Ziply Fiber,"Seattle, WA, United States",https://www.speedtest.net/result/c/a78bb50a-ddc6-4b1c-926c-4125326ba9f4
2026-03-30T08:30:24.829591,astound,eth0,47.63,52.2,10.7,2.57,EZEE Fiber,"Seattle, WA, United States",https://www.speedtest.net/result/c/b1745cf4-b128-453e-aef3-b906c23c1ae6
2026-03-30T08:45:24.866568,astound,eth0,49.85,52.35,11.93,0.88,Astound Broadband,"Seattle, WA, United States",https://www.speedtest.net/result/c/6c100335-8176-4668-91c7-6332efb7b50d
2026-03-30T09:00:35.337440,astound,eth0,939.07,52.26,11.31,0.68,EZEE Fiber,"Seattle, WA, United States",https://www.speedtest.net/result/c/e8a3dca4-5ef5-4731-bfbb-97ad90f6aa15
2026-03-30T09:15:31.917933,astound,eth0,45.43,52.07,9.66,2.03,Ziply Fiber,"Seattle, WA, United States",https://www.speedtest.net/result/c/48524a07-d7a9-4681-b8dc-f06f288bdc4c
2026-03-30T09:30:31.946900,astound,eth0,50.14,52.07,11.48,1.06,Astound Broadband,"Seattle, WA, United States",https://www.speedtest.net/result/c/8acf1d40-79b3-4ba6-8c5a-f1db742fb698
2026-03-30T09:45:26.905397,astound,eth0,49.65,51.61,8.53,2.73,Astound Broadband,"Port Orchard, WA, United States",https://www.speedtest.net/result/c/7cf189d4-8b64-4bd6-ba9e-2e0c5792adf2
2026-03-30T10:00:24.905038,astound,eth0,50.24,52.49,11.34,56.09,Astound Broadband,"Port Orchard, WA, United States",https://www.speedtest.net/result/c/0f3cadb6-f2f6-4728-945f-cbdf126184f5
2026-03-30T10:15:25.380461,astound,eth0,48.02,50.44,10.74,1.44,Astound Broadband,"Seattle, WA, United States",https://www.speedtest.net/result/c/7f7c5d2e-1c44-4a0a-a932-813c8f347a15
2026-03-30T10:30:24.135926,astound,eth0,50.33,52.33,10.71,0.53,Astound Broadband,"Port Orchard, WA, United States",https://www.speedtest.net/result/c/ef4c42e1-a095-46e9-a381-7f75db6b7539
2026-03-30T10:45:25.509672,astound,eth0,50.09,52.65,10.8,0.45,Astound Broadband,"Port Orchard, WA, United States",https://www.speedtest.net/result/c/209a365b-5c74-4d44-ad4b-e4c5236fcf2d
2026-03-30T11:00:29.325069,astound,eth0,50.15,52.1,12.01,3.11,Ziply Fiber,"Seattle, WA, United States",https://www.speedtest.net/result/c/1da3720f-9a0e-4c59-a7fd-c203a7c24092
2026-03-30T11:15:24.988888,astound,eth0,49.16,51.31,11.46,2.06,Ziply Fiber,"Seattle, WA, United States",https://www.speedtest.net/result/c/7ecb9167-de4f-4f9b-8c4a-8bc469fde5e0
2026-03-30T11:30:26.677040,astound,eth0,49.38,51.99,9.36,2.26,Astound Broadband,"Seattle, WA, United States",https://www.speedtest.net/result/c/b3dffb54-7f33-45a4-a865-9b6a3c8fe306
2026-03-30T11:45:23.962814,astound,eth0,49.26,51.93,8.45,3.03,Astound Broadband,"Port Orchard, WA, United States",https://www.speedtest.net/result/c/83a95eb4-4bb4-43ea-8706-4665e5f13042
2026-03-30T12:00:28.987270,astound,eth0,49.97,52.52,11.77,0.63,Ziply Fiber,"Seattle, WA, United States",https://www.speedtest.net/result/c/ee612482-3008-4332-bacb-937a494d440d
2026-03-30T12:15:34.120641,astound,eth0,45.04,52.33,6.3,1.89,Astound Broadband,"Port Orchard, WA, United States",https://www.speedtest.net/result/c/28f8bb8b-fb63-49af-b4db-288917955073
2026-03-30T12:30:31.895148,astound,eth0,47.68,52.45,11.57,1.36,Astound Broadband,"Port Orchard, WA, United States",https://www.speedtest.net/result/c/7e390447-8b6e-46d1-9c37-7f33b013b421
2026-03-30T12:45:26.973163,astound,eth0,46.53,52.42,10.73,0.05,Astound Broadband,"Seattle, WA, United States",https://www.speedtest.net/result/c/e3dc2ef2-b312-4880-9c33-53cb24255e09
2026-03-30T13:00:30.851063,astound,eth0,50.3,52.14,11.46,1.89,Astound Broadband,"Port Orchard, WA, United States",https://www.speedtest.net/result/c/39b7bfc8-d9c5-4334-8853-a05d463c1e7b
2026-03-30T13:15:31.706084,astound,eth0,49.25,49.05,10.72,0.34,Astound Broadband,"Port Orchard, WA, United States",https://www.speedtest.net/result/c/0114e686-d170-4e82-9f20-a0f458ba3430
2026-03-30T13:30:25.014875,astound,eth0,50.21,52.43,10.89,0.79,Ziply Fiber,"Seattle, WA, United States",https://www.speedtest.net/result/c/14acb20b-4a8f-40ca-a1aa-656acf49172c
2026-03-30T13:45:26.922003,astound,eth0,48.89,52.92,10.85,0.64,Astound Broadband,"Port Orchard, WA, United States",https://www.speedtest.net/result/c/7e6d5433-e755-4841-821b-9c017f311ed0
2026-03-30T14:00:27.408923,astound,eth0,50.28,52.36,8.57,1.51,Astound Broadband,"Port Orchard, WA, United States",https://www.speedtest.net/result/c/c277cf61-fdf7-4249-81ce-476ed94078c5
2026-03-30T14:15:25.673748,astound,eth0,48.94,52.39,10.83,0.38,Astound Broadband,"Port Orchard, WA, United States",https://www.speedtest.net/result/c/90636edc-5557-4c61-94df-4f52748712c5
2026-03-30T14:30:31.090291,astound,eth0,50.28,52.3,11.04,0.74,Ziply Fiber,"Seattle, WA, United States",https://www.speedtest.net/result/c/74f9384f-ed5c-4d27-9ce9-bb05e3c8a0b1
2026-03-30T14:45:25.735556,astound,eth0,50.25,52.19,10.83,0.35,Ziply Fiber,"Seattle, WA, United States",https://www.speedtest.net/result/c/48d1d41b-7308-4329-83ae-a2ba76442e78
2026-03-30T15:00:24.814595,astound,eth0,50.33,52.41,10.9,2.68,GSL Networks,"Seattle, WA, United States",https://www.speedtest.net/result/c/cb2f8aec-54c8-4655-96fa-0118a397726f
2026-03-30T15:15:24.510594,astound,eth0,48.4,52.45,4.57,1.0,Astound Broadband,"Port Orchard, WA, United States",https://www.speedtest.net/result/c/459f4e84-954b-4281-9398-9a237795a397
2026-03-30T15:30:23.309025,astound,eth0,50.24,52.52,10.74,1.15,Astound Broadband,"Port Orchard, WA, United States",https://www.speedtest.net/result/c/6641db3a-6294-47f7-b0d2-02379d93d6b5
2026-03-30T15:45:25.264081,astound,eth0,50.3,53.17,10.74,0.2,Astound Broadband,"Port Orchard, WA, United States",https://www.speedtest.net/result/c/7e2f1ea2-42ee-46f9-8240-0318676be938
2026-03-30T16:00:26.656009,astound,eth0,50.23,52.44,10.8,0.42,Astound Broadband,"Port Orchard, WA, United States",https://www.speedtest.net/result/c/4fc5caa8-4237-4cb8-a0f3-25d1d5d2b3ba
2026-03-30T16:15:24.716955,astound,eth0,50.38,52.3,4.32,0.22,Astound Broadband,"Port Orchard, WA, United States",https://www.speedtest.net/result/c/b2cb820c-44cc-471a-a442-ecdbb5038609
2026-03-30T16:30:24.991864,astound,eth0,50.27,52.28,12.28,2.18,Comcast,"Seattle, WA, United States",https://www.speedtest.net/result/c/07208a7e-d9d9-4550-b390-1e0f927906f1
2026-03-30T16:45:24.293566,astound,eth0,50.5,52.14,10.76,0.14,Astound Broadband,"Seattle, WA, United States",https://www.speedtest.net/result/c/82f80dea-f3a8-4d9e-b540-59abcf177e28
2026-03-30T17:00:25.414729,astound,eth0,50.32,52.23,11.19,0.7,Astound Broadband,"Port Orchard, WA, United States",https://www.speedtest.net/result/c/af5c3471-0521-4506-9e23-cb8b702a6515
2026-03-30T17:15:34.741515,astound,eth0,38.55,46.31,13.84,0.18,Ziply Fiber,"Seattle, WA, United States",https://www.speedtest.net/result/c/9c839e08-536b-4e94-92ab-7f787c10c494
2026-03-30T17:30:23.588994,astound,eth0,50.27,52.07,10.79,0.89,Astound Broadband,"Port Orchard, WA, United States",https://www.speedtest.net/result/c/e7dd552d-60d5-4e98-824e-ced23af8d3d3
2026-03-30T17:45:24.988021,astound,eth0,49.56,52.26,9.29,2.86,Astound Broadband,"Seattle, WA, United States",https://www.speedtest.net/result/c/2a54dc06-f8ce-40e5-a450-db28e5d9e355
2026-03-30T18:00:31.497712,astound,eth0,48.26,52.2,11.5,0.74,Astound Broadband,"Port Orchard, WA, United States",https://www.speedtest.net/result/c/19a676bf-003b-42b8-8314-d6ad9e2f804f
2026-03-30T18:15:42.007148,astound,eth0,41.97,52.22,66.72,8.56,Ziply Fiber,"Seattle, WA, United States",https://www.speedtest.net/result/c/48e47c59-bcc6-4d32-b757-aca923c0e283
2026-03-30T18:30:30.838751,astound,eth0,44.42,51.99,10.76,1.86,Ziply Fiber,"Seattle, WA, United States",https://www.speedtest.net/result/c/019ca9fb-5cef-49ba-8ed0-eb2241a21004
2026-03-30T18:45:31.553258,astound,eth0,46.5,52.3,10.74,0.05,Astound Broadband,"Port Orchard, WA, United States",https://www.speedtest.net/result/c/7c513092-1e9e-4ab5-8530-5a203db5558a
2026-03-30T19:00:27.551794,astound,eth0,50.24,52.24,10.75,0.2,Astound Broadband,"Port Orchard, WA, United States",https://www.speedtest.net/result/c/324ad6bc-dbbb-4b86-9f4a-138be97b4896
2026-03-30T19:15:31.547958,astound,eth0,50.29,50.63,10.74,0.08,Astound Broadband,"Port Orchard, WA, United States",https://www.speedtest.net/result/c/37eb5f89-2379-425b-a784-bf717566635f
2026-03-30T19:30:28.977144,astound,eth0,50.31,52.36,10.77,0.36,Astound Broadband,"Seattle, WA, United States",https://www.speedtest.net/result/c/bb9faebc-023d-40ed-ab91-bd559d80e81e
2026-03-30T19:45:26.664737,astound,eth0,50.3,52.29,9.97,4.21,EZEE Fiber,"Seattle, WA, United States",https://www.speedtest.net/result/c/5bdc8c7f-467b-493f-8d6f-6d76e5b270f4
2026-03-30T20:00:34.173540,astound,eth0,49.71,52.24,10.79,156.73,Astound Broadband,"Port Orchard, WA, United States",https://www.speedtest.net/result/c/07919bda-7c4d-4362-a44d-5ff9b9b3ff9d
2026-03-30T20:15:25.536512,astound,eth0,50.22,52.25,10.87,0.93,Astound Broadband,"Port Orchard, WA, United States",https://www.speedtest.net/result/c/9d71ff67-84bb-4dfe-a2e5-fa751926a623
2026-03-30T20:30:23.478746,astound,eth0,47.53,52.27,10.84,0.65,Astound Broadband,"Port Orchard, WA, United States",https://www.speedtest.net/result/c/8876dc32-5f27-43b8-a692-df0dd153bea4
2026-03-30T20:45:25.036328,astound,eth0,50.37,52.03,10.93,1.14,Astound Broadband,"Port Orchard, WA, United States",https://www.speedtest.net/result/c/25bb3e8f-ce66-4296-beae-7c0e7e44097c
2026-03-30T21:00:30.654756,astound,eth0,49.79,52.25,10.83,0.64,Astound Broadband,"Port Orchard, WA, United States",https://www.speedtest.net/result/c/8421ed24-29c4-4230-bef0-df67dd9964c9
2026-03-30T21:15:29.119641,astound,eth0,50.39,52.3,11.2,0.98,Astound Broadband,"Port Orchard, WA, United States",https://www.speedtest.net/result/c/19ee1334-c291-4d59-b027-7724189c9ec8
2026-03-30T21:30:24.086933,astound,eth0,50.28,52.33,11.34,1.41,Ziply Fiber,"Seattle, WA, United States",https://www.speedtest.net/result/c/44c05cda-6844-4ebc-91cc-cbe835a7a2cd
2026-03-30T21:45:25.694701,astound,eth0,50.3,52.23,10.01,3.16,Astound Broadband,"Port Orchard, WA, United States",https://www.speedtest.net/result/c/cecd8136-caf4-4c87-bf42-b6e79151980a
2026-03-30T22:00:24.950888,astound,eth0,49.05,29.54,10.92,5.87,"KamaTera, Inc.","Seattle, WA, United States",https://www.speedtest.net/result/c/45264024-4562-46ad-822a-3f7f7f1ec27c
2026-03-30T22:15:23.320775,astound,eth0,46.68,48.46,10.84,4.05,Ziply Fiber,"Seattle, WA, United States",https://www.speedtest.net/result/c/23b10f13-5a44-4f00-b3ca-b09ef67fe945
2026-03-30T22:30:27.843389,astound,eth0,47.62,49.61,7.7,4.33,Astound Broadband,"Port Orchard, WA, United States",https://www.speedtest.net/result/c/8bd593f4-6b62-4186-b49b-3d9d599f72d6
2026-03-30T22:45:23.952844,astound,eth0,46.83,48.36,6.83,3.31,Astound Broadband,"Port Orchard, WA, United States",https://www.speedtest.net/result/c/35a30664-72a9-4911-889e-4a67d67450b5
2026-03-30T23:00:27.799801,astound,eth0,46.4,48.36,9.47,2.21,Astound Broadband,"Seattle, WA, United States",https://www.speedtest.net/result/c/c3059f0d-f878-49a0-acf4-5d5f6d30e8c4
2026-03-30T23:15:27.439229,astound,eth0,50.68,52.2,10.8,1.21,Astound Broadband,"Seattle, WA, United States",https://www.speedtest.net/result/c/a7075d25-154b-46a9-9f2e-7e33be8a8784
2026-03-30T23:30:26.949705,astound,eth0,50.41,52.16,10.81,0.56,Astound Broadband,"Port Orchard, WA, United States",https://www.speedtest.net/result/c/f4ecbcdf-0130-46f4-bf73-5aabc9821898
2026-03-30T23:45:25.800776,astound,eth0,47.93,52.17,10.91,0.82,Astound Broadband,"Seattle, WA, United States",https://www.speedtest.net/result/c/a7d5586a-5ed9-452a-894e-70839e5603a8
2026-03-31T00:00:26.628329,astound,eth0,50.22,52.22,10.74,0.2,Astound Broadband,"Port Orchard, WA, United States",https://www.speedtest.net/result/c/038a5ba1-287c-45db-88db-6b990b39a047
2026-03-31T00:15:24.781146,astound,eth0,50.38,52.23,10.81,0.58,Ziply Fiber,"Seattle, WA, United States",https://www.speedtest.net/result/c/3939d06e-73f8-4014-a2b3-ea90a6a49eed
2026-03-31T00:30:24.225145,astound,eth0,50.21,52.31,10.65,2.78,Astound Broadband,"Port Orchard, WA, United States",https://www.speedtest.net/result/c/6f2c04b5-ad17-471d-9b1a-8445305879ab
2026-03-31T00:45:28.289385,astound,eth0,48.48,49.56,10.71,0.23,Ziply Fiber,"Seattle, WA, United States",https://www.speedtest.net/result/c/05fc8fb8-9faf-489d-954d-a492f554a6e0
2026-03-31T01:00:27.779573,astound,eth0,50.29,30.63,10.81,1.58,"KamaTera, Inc.","Seattle, WA, United States",https://www.speedtest.net/result/c/6ab5079b-c9dd-4b39-a264-76b068f683a1
2026-03-31T01:15:24.061632,astound,eth0,50.47,52.22,11.35,3.58,Ziply Fiber,"Seattle, WA, United States",https://www.speedtest.net/result/c/17dc601d-2438-49b1-95f8-7d01c0045aa2
2026-03-31T01:30:24.248552,astound,eth0,49.05,52.36,10.75,0.18,Astound Broadband,"Seattle, WA, United States",https://www.speedtest.net/result/c/05ae2538-3a6f-4987-8d7e-fcaeb8f1abbc
2026-03-31T01:45:27.139170,astound,eth0,50.77,52.24,8.34,3.84,Astound Broadband,"Seattle, WA, United States",https://www.speedtest.net/result/c/1c295a1c-f666-489b-baa0-e3f41920d082
2026-03-31T02:00:28.567053,astound,eth0,48.47,52.08,10.8,0.74,Astound Broadband,"Port Orchard, WA, United States",https://www.speedtest.net/result/c/63b1f6dc-fd43-4c6c-b855-5a0e5a7e4e84
2026-03-31T02:15:31.151649,astound,eth0,48.45,21.88,12.15,1.27,Astound Broadband,"Port Orchard, WA, United States",https://www.speedtest.net/result/c/00b25625-9b88-4671-a87e-51dc3b257fe1
2026-03-31T02:30:24.946956,astound,eth0,50.39,52.42,10.72,0.28,Astound Broadband,"Port Orchard, WA, United States",https://www.speedtest.net/result/c/bdeb5df7-4199-440b-ace6-3d38a6e9358d
2026-03-31T02:45:25.628138,astound,eth0,50.38,52.29,10.89,2.33,Astound Broadband,"Seattle, WA, United States",https://www.speedtest.net/result/c/05e0a241-8d4d-483c-9818-ba73431a3300
2026-03-31T03:00:33.987267,astound,eth0,48.45,26.51,11.22,2.05,"KamaTera, Inc.","Seattle, WA, United States",https://www.speedtest.net/result/c/7caa1756-0d0b-400d-8929-e35505cfda0a
2026-03-31T03:15:26.083486,astound,eth0,47.51,52.25,10.81,0.58,Astound Broadband,"Port Orchard, WA, United States",https://www.speedtest.net/result/c/bb3415d1-ab8b-49a4-8b4f-10be274fff29
2026-03-31T03:30:41.280876,astound,eth0,50.69,21.32,11.06,1.53,Astound Broadband,"Port Orchard, WA, United States",https://www.speedtest.net/result/c/eece1981-256f-4d33-8192-2c3abb43201f
2026-03-31T03:45:33.869547,astound,eth0,48.88,51.04,10.67,2.18,Astound Broadband,"Port Orchard, WA, United States",https://www.speedtest.net/result/c/881fe8f6-5e45-41a8-a52a-d8842e982256
2026-03-31T04:00:35.419024,astound,eth0,49.27,52.29,9.08,2.99,Astound Broadband,"Port Orchard, WA, United States",https://www.speedtest.net/result/c/9eaae746-fd32-4fc3-9a9f-24513878393f
2026-03-31T04:15:29.330618,astound,eth0,47.7,52.31,10.04,4.5,EZEE Fiber,"Seattle, WA, United States",https://www.speedtest.net/result/c/ed35d0d3-9e91-47cb-94b4-168efe9f5bbd
2026-03-31T04:30:26.895422,astound,eth0,50.41,52.22,10.78,0.3,Astound Broadband,"Seattle, WA, United States",https://www.speedtest.net/result/c/1b3a0bbc-ed20-43f2-96d7-b15f135a7faf
2026-03-31T04:45:26.908701,astound,eth0,50.21,52.23,10.9,0.58,Ziply Fiber,"Seattle, WA, United States",https://www.speedtest.net/result/c/4f9b8022-494d-4290-9459-e1fc81b429b5
2026-03-31T05:00:27.534266,astound,eth0,50.28,52.22,11.53,1.33,Astound Broadband,"Seattle, WA, United States",https://www.speedtest.net/result/c/b123915e-f694-496e-a159-b1b3a2cd45a1
2026-03-31T05:15:25.562992,astound,eth0,47.05,52.22,10.82,0.36,Astound Broadband,"Port Orchard, WA, United States",https://www.speedtest.net/result/c/84bee3be-23a5-4eec-9d9f-6228b7466be8
2026-03-31T05:30:29.830667,astound,eth0,50.25,52.27,9.52,3.78,Astound Broadband,"Port Orchard, WA, United States",https://www.speedtest.net/result/c/0a1b2030-85a0-4952-850e-38ba18f3b601
2026-03-31T05:45:24.922711,astound,eth0,50.41,52.29,10.76,0.14,Astound Broadband,"Seattle, WA, United States",https://www.speedtest.net/result/c/aa96b18f-c7da-4920-9710-667ec0703df1
2026-03-31T06:00:28.225335,astound,eth0,50.33,52.22,9.49,3.31,Astound Broadband,"Port Orchard, WA, United States",https://www.speedtest.net/result/c/6befbfcc-822d-4341-8ac4-852c41ce9652
2026-03-31T06:15:25.283655,astound,eth0,50.41,52.19,10.8,1.16,Ziply Fiber,"Seattle, WA, United States",https://www.speedtest.net/result/c/95c0ea1a-01bb-462f-bd5b-0bf0a6ae7c4d
2026-03-31T06:30:23.874522,astound,eth0,46.23,52.41,11.5,1.76,Astound Broadband,"Port Orchard, WA, United States",https://www.speedtest.net/result/c/972ed0b9-0519-4235-9cf1-1309375aae09
2026-03-31T06:45:26.017651,astound,eth0,50.37,52.45,10.81,0.78,Astound Broadband,"Seattle, WA, United States",https://www.speedtest.net/result/c/81c6368b-be8c-46c4-bfd4-5ee375a2abb7
2026-03-31T07:00:24.980397,astound,eth0,50.24,52.56,10.8,0.91,GSL Networks,"Seattle, WA, United States",https://www.speedtest.net/result/c/ad4a2297-7770-4e94-bedf-7a0ba5503f34
2026-03-31T07:15:22.529415,astound,eth0,50.22,51.34,10.83,0.46,Astound Broadband,"Port Orchard, WA, United States",https://www.speedtest.net/result/c/01cccb1b-0ba2-46b5-91d4-cd039e2b60ed
2026-03-31T07:30:24.908531,astound,eth0,50.01,52.59,10.75,1.76,Astound Broadband,"Port Orchard, WA, United States",https://www.speedtest.net/result/c/66d31c18-d326-4400-b64d-c36fed89fc7d
2026-03-31T07:45:26.573266,astound,eth0,50.32,52.14,11.18,0.55,Astound Broadband,"Seattle, WA, United States",https://www.speedtest.net/result/c/f3dff2a7-78dc-4342-99c1-e484086a8a5a
2026-03-31T08:00:35.520642,astound,eth0,51.32,52.2,12.9,0.24,Ziply Fiber,"Seattle, WA, United States",https://www.speedtest.net/result/c/a1c3c693-a6db-47f1-8ab1-4d3f91bc45c1
2026-03-31T08:15:23.169928,astound,eth0,50.16,52.43,11.0,0.58,Astound Broadband,"Port Orchard, WA, United States",https://www.speedtest.net/result/c/146b25c2-8265-405e-ba0c-e82374c8acae
2026-03-31T08:30:22.547037,astound,eth0,50.39,52.28,10.91,0.69,Ziply Fiber,"Seattle, WA, United States",https://www.speedtest.net/result/c/5f66ede5-a14b-4c22-8041-4b86478d52fe
2026-03-31T08:45:26.320547,astound,eth0,50.26,52.27,10.87,1.41,GSL Networks,"Seattle, WA, United States",https://www.speedtest.net/result/c/88974c0a-3feb-424d-bce5-a62b25bb9d02
2026-03-31T09:00:27.081209,astound,eth0,50.45,52.27,10.75,0.92,Astound Broadband,"Port Orchard, WA, United States",https://www.speedtest.net/result/c/b73d67ff-24c4-4d10-a990-70d11283c5f2
2026-03-31T09:15:26.183031,astound,eth0,49.98,52.23,10.73,0.1,Astound Broadband,"Port Orchard, WA, United States",https://www.speedtest.net/result/c/d0642d4e-7f2a-45d2-9c48-87f6879f3f32
2026-03-31T09:30:24.601354,astound,eth0,50.33,52.25,11.43,1.73,Astound Broadband,"Port Orchard, WA, United States",https://www.speedtest.net/result/c/952e114f-c5a7-4a56-936e-eaa51be756bb
2026-03-31T09:45:26.989640,astound,eth0,50.41,52.28,9.5,4.65,Astound Broadband,"Port Orchard, WA, United States",https://www.speedtest.net/result/c/7c6fef02-b280-4e90-82f0-cc32d384fbbe
2026-03-31T10:00:29.508500,astound,eth0,50.21,52.31,10.79,0.34,Astound Broadband,"Seattle, WA, United States",https://www.speedtest.net/result/c/88781d48-1712-4826-8c48-fb06b4571c58
2026-03-31T10:15:30.373648,astound,eth0,50.35,52.78,10.81,1.36,Astound Broadband,"Port Orchard, WA, United States",https://www.speedtest.net/result/c/83026bcb-327d-4af0-9e38-d19fc81fe111
2026-03-31T10:30:30.952683,astound,eth0,48.24,44.46,11.55,1.83,Astound Broadband,"Port Orchard, WA, United States",https://www.speedtest.net/result/c/f3ccaa6c-641a-4c29-8481-a65375c087a4
2026-03-31T10:45:29.776590,astound,eth0,50.2,48.58,10.81,0.41,Astound Broadband,"Seattle, WA, United States",https://www.speedtest.net/result/c/629f3370-aa00-49c8-aa11-a34c26c1fcc1
2026-03-31T11:00:30.430401,astound,eth0,50.21,53.93,10.36,1.85,Astound Broadband,"Port Orchard, WA, United States",https://www.speedtest.net/result/c/01ea12f7-a6cd-4d62-b8fa-ddd2f63593fb
2026-03-31T11:15:26.000583,astound,eth0,50.71,52.27,11.05,0.65,Astound Broadband,"Seattle, WA, United States",https://www.speedtest.net/result/c/24c371ba-b951-4bd9-a724-5d7f9a45151c
2026-03-31T11:30:32.576822,astound,eth0,50.28,47.82,10.79,0.71,Astound Broadband,"Seattle, WA, United States",https://www.speedtest.net/result/c/c26065ce-7e17-4f97-8624-2ad672bc69e1
2026-03-31T11:45:30.567327,astound,eth0,50.25,32.73,10.81,1.34,Ziply Fiber,"Seattle, WA, United States",https://www.speedtest.net/result/c/e36de75d-8c53-403a-8bd2-e0fb37bf297c
2026-03-31T12:00:26.119098,astound,eth0,50.42,51.96,10.7,2.71,Astound Broadband,"Port Orchard, WA, United States",https://www.speedtest.net/result/c/37fa5250-8d68-4c03-82c6-25b0e864990f
2026-03-31T12:15:24.113649,astound,eth0,50.22,52.36,10.86,0.68,Astound Broadband,"Seattle, WA, United States",https://www.speedtest.net/result/c/617fb26b-fca7-4b40-913b-c574142e1ccc
2026-03-31T12:30:23.684577,astound,eth0,50.28,44.6,10.7,0.31,Ziply Fiber,"Seattle, WA, United States",https://www.speedtest.net/result/c/fb5d4c3d-de38-4dd7-9af8-b52190520b3a
2026-03-31T12:45:26.192037,astound,eth0,49.98,52.83,5.78,2.53,Astound Broadband,"Seattle, WA, United States",https://www.speedtest.net/result/c/698eaac7-ef34-42eb-a577-8f37c8e0422f
2026-03-31T13:00:37.114488,astound,eth0,936.04,53.22,10.81,1.13,Astound Broadband,"Port Orchard, WA, United States",https://www.speedtest.net/result/c/1c767b42-fbc0-4e52-9c96-c00a17bbe9f9
2026-03-31T13:15:41.356379,astound,eth0,404.32,49.66,11.11,1.38,Astound Broadband,"Seattle, WA, United States",https://www.speedtest.net/result/c/776355c6-3401-4187-9190-2cad6bed66b4
2026-03-31T13:30:29.593100,astound,eth0,939.79,52.42,10.78,0.32,Astound Broadband,"Port Orchard, WA, United States",https://www.speedtest.net/result/c/28cdc8d2-1a07-458c-9180-c297f710164f
2026-03-31T13:45:35.734310,astound,eth0,377.71,52.06,10.74,0.14,Astound Broadband,"Seattle, WA, United States",https://www.speedtest.net/result/c/0cc34f85-b69e-431a-aafe-cbe618865cc7
2026-03-31T14:00:30.013964,astound,eth0,934.41,52.24,10.82,0.24,Astound Broadband,"Port Orchard, WA, United States",https://www.speedtest.net/result/c/ca742c54-dd7d-465e-8af1-20a8c495ce5a
2026-03-31T14:15:30.470143,astound,eth0,222.92,52.32,10.74,0.01,Astound Broadband,"Seattle, WA, United States",https://www.speedtest.net/result/c/c0d49059-bf06-4c1a-88d6-aec8cb55c0c3
2026-03-31T14:30:28.902558,astound,eth0,938.86,37.76,11.32,1.58,"KamaTera, Inc.","Seattle, WA, United States",https://www.speedtest.net/result/c/2072e6c9-f5e0-4cb5-8932-c62a1c748ed1
2026-03-31T14:45:35.218192,astound,eth0,934.65,50.77,11.33,1.65,Ziply Fiber,"Seattle, WA, United States",https://www.speedtest.net/result/c/1f76638c-ad3d-49f5-baa7-bb7bedbd64ed
2026-03-31T15:00:32.065237,astound,eth0,934.24,51.98,10.81,0.93,Astound Broadband,"Port Orchard, WA, United States",https://www.speedtest.net/result/c/f1ab3bfa-b422-4420-9cbf-8f645a14c265
2026-03-31T15:15:30.577484,astound,eth0,938.4,34.0,11.07,0.96,"KamaTera, Inc.","Seattle, WA, United States",https://www.speedtest.net/result/c/a11c1554-f689-494d-8f34-20d109fcf383
2026-03-31T15:30:27.842891,astound,eth0,936.06,52.35,10.96,1.49,Astound Broadband,"Port Orchard, WA, United States",https://www.speedtest.net/result/c/42f7f5ce-76a7-46a3-8e63-b724ef927fd4
2026-03-31T15:45:36.905165,astound,eth0,389.12,52.38,10.94,1.43,Astound Broadband,"Seattle, WA, United States",https://www.speedtest.net/result/c/abbd55f7-1aec-4469-91e9-afef461c4fd4
2026-03-31T16:00:29.504256,astound,eth0,106.39,53.05,13.29,4.97,Astound Broadband,"Seattle, WA, United States",https://www.speedtest.net/result/c/1109ff06-ae68-4418-81a2-25af4034cbd3
2026-03-31T16:15:32.384488,astound,eth0,929.76,52.07,10.94,1.05,Astound Broadband,"Port Orchard, WA, United States",https://www.speedtest.net/result/c/d8f620be-e787-401d-a2e7-f9d75e147b57
2026-03-31T16:30:33.331085,astound,eth0,171.79,52.3,11.06,0.87,Astound Broadband,"Seattle, WA, United States",https://www.speedtest.net/result/c/d2c403e8-0026-45e3-96a9-28241d29259b
2026-03-31T16:45:28.086238,astound,eth0,939.51,52.72,11.13,3.31,Ziply Fiber,"Seattle, WA, United States",https://www.speedtest.net/result/c/78d8b9ce-2f34-4a8c-9bc5-e70b4d6df1ee
2026-03-31T17:00:34.859628,astound,eth0,878.39,32.62,11.19,0.74,Astound Broadband,"Port Orchard, WA, United States",https://www.speedtest.net/result/c/51b323f3-b891-4924-a9a1-a325c4430ce0
2026-03-31T17:15:35.055098,astound,eth0,922.28,51.94,11.08,1.11,Ziply Fiber,"Seattle, WA, United States",https://www.speedtest.net/result/c/e9ec7adb-ed8b-42fd-902a-cb7c4cb4fc66
2026-03-31T17:30:29.881237,astound,eth0,939.34,52.43,11.64,1.03,Astound Broadband,"Port Orchard, WA, United States",https://www.speedtest.net/result/c/7a4e1588-1134-4ea5-9f39-90c0ff0e5523
2026-03-31T17:45:27.697303,astound,eth0,938.53,52.26,10.75,0.17,Astound Broadband,"Port Orchard, WA, United States",https://www.speedtest.net/result/c/d3a81741-4212-4540-978a-d94ac7f444ec
2026-03-31T18:00:32.593832,astound,eth0,936.45,52.83,10.7,0.16,Astound Broadband,"Port Orchard, WA, United States",https://www.speedtest.net/result/c/4c507102-c3b5-46d0-a3d7-e75f5739e899
2026-03-31T18:15:30.064663,astound,eth0,937.38,52.33,10.74,1.21,Ziply Fiber,"Seattle, WA, United States",https://www.speedtest.net/result/c/e5a156dd-b15b-480c-b964-fde92cabc285
2026-03-31T18:30:31.566445,astound,eth0,934.99,52.5,11.34,2.71,Ziply Fiber,"Seattle, WA, United States",https://www.speedtest.net/result/c/74a57462-03ac-452c-9701-5fe2660b9f08
2026-03-31T18:45:31.921865,astound,eth0,260.62,52.24,10.72,2.46,Astound Broadband,"Seattle, WA, United States",https://www.speedtest.net/result/c/17612e40-d9a6-43ed-ad78-707f87665560
2026-03-31T19:00:32.566774,astound,eth0,938.86,52.26,10.13,1.63,GSL Networks,"Seattle, WA, United States",https://www.speedtest.net/result/c/6151ef4b-6f27-40a4-a047-40b02c0b317f
2026-03-31T19:15:27.575843,astound,eth0,935.53,52.19,10.79,0.58,EZEE Fiber,"Seattle, WA, United States",https://www.speedtest.net/result/c/d1baaecd-eae2-466d-b7aa-371c129e8cc1
2026-03-31T19:30:29.088894,astound,eth0,932.49,52.3,11.41,3.32,Astound Broadband,"Port Orchard, WA, United States",https://www.speedtest.net/result/c/709d447d-a6e4-4db6-a30f-a39f9f0a16b5
2026-03-31T19:45:29.357559,astound,eth0,935.19,52.3,10.71,4.33,Astound Broadband,"Port Orchard, WA, United States",https://www.speedtest.net/result/c/66fd30a9-270f-4dae-a02b-e512c4b6eebe
2026-03-31T20:00:43.328728,astound,eth0,934.52,52.04,12.55,2.03,Ziply Fiber,"Seattle, WA, United States",https://www.speedtest.net/result/c/7620070e-f581-45bc-9374-ea5ffe686d7f
2026-03-31T20:15:28.506247,astound,eth0,939.46,52.3,11.42,1.16,Ziply Fiber,"Seattle, WA, United States",https://www.speedtest.net/result/c/70586d67-2b14-47b4-bc2b-8398204a3b53
2026-03-31T20:30:35.927340,astound,eth0,241.06,51.36,5.77,1.89,Astound Broadband,"Seattle, WA, United States",https://www.speedtest.net/result/c/50f2baaa-29e2-4cbc-b37d-32a141709fc5
2026-03-31T20:45:30.708448,astound,eth0,930.42,49.73,10.77,0.23,EZEE Fiber,"Seattle, WA, United States",https://www.speedtest.net/result/c/ce513a06-463c-4e06-b613-53daa77d96c9
2026-03-31T21:00:28.529786,astound,eth0,925.25,49.4,11.04,0.86,EZEE Fiber,"Seattle, WA, United States",https://www.speedtest.net/result/c/007955b0-21a2-49c9-ab9e-abf772c95c34
2026-03-31T21:15:31.441182,astound,eth0,924.57,41.3,11.4,0.97,Astound Broadband,"Port Orchard, WA, United States",https://www.speedtest.net/result/c/e31782f0-b1d4-4db2-b4b3-d80018cf5e92
2026-03-31T21:30:31.366867,astound,eth0,932.31,52.32,11.34,2.08,Astound Broadband,"Port Orchard, WA, United States",https://www.speedtest.net/result/c/dbd183c0-93b7-452c-aae2-611a5b006f61
2026-03-31T21:45:30.238779,astound,eth0,937.62,52.3,10.73,0.19,Astound Broadband,"Seattle, WA, United States",https://www.speedtest.net/result/c/ddda191c-f48f-4315-9a6f-e479a0c3d30f
2026-03-31T22:00:31.293479,astound,eth0,939.03,52.32,10.77,0.54,Astound Broadband,"Port Orchard, WA, United States",https://www.speedtest.net/result/c/1e7a874e-1990-4abd-8f93-0401e5487989
2026-03-31T22:15:32.293874,astound,eth0,932.55,52.36,10.95,0.85,Ziply Fiber,"Seattle, WA, United States",https://www.speedtest.net/result/c/3e6e8fa3-f7d3-4de7-a61b-6a2ec52f9fbd
2026-03-31T22:30:28.869110,astound,eth0,938.86,52.27,10.74,0.1,GSL Networks,"Seattle, WA, United States",https://www.speedtest.net/result/c/d526772d-4d7c-4d54-aa8b-f07166c98e6f
2026-03-31T22:45:29.938294,astound,eth0,939.89,52.09,10.99,0.76,Astound Broadband,"Port Orchard, WA, United States",https://www.speedtest.net/result/c/0558fffa-68e2-4eeb-8886-bda5c6c37859
2026-03-31T23:00:32.227256,astound,eth0,937.93,52.29,11.44,1.69,EZEE Fiber,"Seattle, WA, United States",https://www.speedtest.net/result/c/5e1df372-35a8-48b7-b176-8c3e5743ed2e
2026-03-31T23:15:29.579928,astound,eth0,940.14,52.19,10.75,0.17,Ziply Fiber,"Seattle, WA, United States",https://www.speedtest.net/result/c/12dfc915-6889-48e0-a711-70f83dbd928a
2026-03-31T23:30:33.783957,astound,eth0,149.78,52.21,10.74,0.57,Astound Broadband,"Seattle, WA, United States",https://www.speedtest.net/result/c/370e87f1-afff-48f4-b1b7-56ea8a5f70bc
2026-03-31T23:45:33.769141,astound,eth0,158.25,52.25,10.97,1.05,Astound Broadband,"Seattle, WA, United States",https://www.speedtest.net/result/c/83c594b9-1d03-4478-94d3-5ad352a45e83
2026-04-01T00:00:33.241098,astound,eth0,938.51,52.16,10.81,0.37,Astound Broadband,"Port Orchard, WA, United States",https://www.speedtest.net/result/c/2a137051-f16c-4fe6-b8af-5b9a21de768d
2026-04-01T00:15:29.145985,astound,eth0,938.5,52.3,10.71,0.15,Astound Broadband,"Port Orchard, WA, United States",https://www.speedtest.net/result/c/613faf4e-a03d-4c81-9043-b81fe3438f3c
2026-04-01T00:30:36.703568,astound,eth0,217.2,40.41,10.49,1.74,Astound Broadband,"Seattle, WA, United States",https://www.speedtest.net/result/c/dd84b77d-a09f-4874-bf3a-22f75ff6eb5e
2026-04-01T00:45:32.255942,astound,eth0,155.9,52.23,10.82,0.8,Astound Broadband,"Seattle, WA, United States",https://www.speedtest.net/result/c/c723efc6-0570-464d-897b-cbb71f525cdb
2026-04-01T01:00:31.056402,astound,eth0,937.82,52.17,8.55,3.09,Astound Broadband,"Port Orchard, WA, United States",https://www.speedtest.net/result/c/a65fc6e6-c8a2-4f6a-b8ee-164c7d97958f
2026-04-01T01:15:27.239066,astound,eth0,939.45,52.32,10.77,0.24,Astound Broadband,"Port Orchard, WA, United States",https://www.speedtest.net/result/c/db2b2df1-7897-4048-b636-1c2b96b75635
2026-04-01T01:30:29.028436,astound,eth0,884.92,53.68,10.74,0.07,Astound Broadband,"Port Orchard, WA, United States",https://www.speedtest.net/result/c/a1bff0eb-75bb-4c20-81e5-bb2483b67c59
2026-04-01T01:45:32.236363,astound,eth0,940.25,52.31,10.73,1.15,Ziply Fiber,"Seattle, WA, United States",https://www.speedtest.net/result/c/d4a7b5d0-71cd-4e11-a3d9-21e7c6c9a07d
2026-04-01T02:00:37.125456,astound,eth0,198.16,52.32,10.74,0.07,Astound Broadband,"Seattle, WA, United States",https://www.speedtest.net/result/c/c4acc7fe-6f9a-4345-a8eb-2542f21a340f
2026-04-01T02:15:29.623166,astound,eth0,939.76,52.23,10.81,0.47,Astound Broadband,"Port Orchard, WA, United States",https://www.speedtest.net/result/c/1f4b19d5-0d46-40e1-9f24-5c96a0e7de27
2026-04-01T02:30:30.159258,astound,eth0,938.72,52.31,10.73,0.32,Astound Broadband,"Port Orchard, WA, United States",https://www.speedtest.net/result/c/495efe7f-1fdc-4198-a5ee-816611f272fc
2026-04-01T02:45:30.694364,astound,eth0,217.43,52.27,10.82,1.21,Astound Broadband,"Seattle, WA, United States",https://www.speedtest.net/result/c/da508730-4c68-4643-88c8-31856f6cb7f2
2026-04-01T03:00:35.401582,astound,eth0,620.51,52.36,11.59,0.39,Astound Broadband,"Seattle, WA, United States",https://www.speedtest.net/result/c/f2505d58-d2dd-406a-b105-fbfccbb11243
2026-04-01T03:15:34.646774,astound,eth0,369.07,52.35,11.04,0.82,Astound Broadband,"Seattle, WA, United States",https://www.speedtest.net/result/c/0524c6ad-6364-469d-8aca-a37538666221
2026-04-01T03:30:31.006345,astound,eth0,689.86,52.3,9.99,4.44,Astound Broadband,"Seattle, WA, United States",https://www.speedtest.net/result/c/82a4fd90-b212-4429-88ae-3f0e14d8510f
2026-04-01T03:45:27.541746,astound,eth0,938.98,52.26,10.77,0.83,Astound Broadband,"Port Orchard, WA, United States",https://www.speedtest.net/result/c/51dd4062-f13b-4657-9602-f0e32d119ed5
2026-04-01T04:00:29.877141,astound,eth0,936.11,52.48,10.74,0.05,Astound Broadband,"Port Orchard, WA, United States",https://www.speedtest.net/result/c/43e10516-114a-4b3f-8f23-3eb3c0d20fe7
2026-04-01T04:15:29.226748,astound,eth0,938.0,52.3,10.84,5.62,Ziply Fiber,"Seattle, WA, United States",https://www.speedtest.net/result/c/46131787-667b-4f85-a502-32cc475d038f
2026-04-01T04:30:33.394460,astound,eth0,937.82,45.99,10.82,1.15,Ziply Fiber,"Seattle, WA, United States",https://www.speedtest.net/result/c/883b4c04-4b16-4a96-8bee-34d67e151e83
2026-04-01T04:45:32.736653,astound,eth0,271.61,52.28,10.82,0.62,Astound Broadband,"Seattle, WA, United States",https://www.speedtest.net/result/c/c6318657-c572-47fd-8007-f213c301cc30
2026-04-01T05:00:34.469871,astound,eth0,284.24,52.25,11.36,1.58,Astound Broadband,"Seattle, WA, United States",https://www.speedtest.net/result/c/b45a1447-914d-4342-a56b-4226a0416477
2026-04-01T05:15:33.909234,astound,eth0,263.24,52.25,10.74,0.13,Astound Broadband,"Seattle, WA, United States",https://www.speedtest.net/result/c/b396eec4-9f2e-4035-ae62-a82f60deca81
2026-04-01T05:30:28.987463,astound,eth0,302.55,52.27,11.17,1.58,Astound Broadband,"Seattle, WA, United States",https://www.speedtest.net/result/c/ca8bf2b8-432a-496f-9437-cccc03592863
2026-04-01T05:45:26.949624,astound,eth0,938.86,52.29,10.76,0.64,Astound Broadband,"Port Orchard, WA, United States",https://www.speedtest.net/result/c/21d7fd1b-5a6b-4b50-8fb9-5c09c465673a
2026-04-01T06:00:31.365336,astound,eth0,170.27,52.32,11.3,3.7,Astound Broadband,"Seattle, WA, United States",https://www.speedtest.net/result/c/2d7ad8a7-0a77-4878-9b43-f1a5e449a867
2026-04-01T06:15:29.025495,astound,eth0,939.54,52.19,10.74,0.19,Astound Broadband,"Port Orchard, WA, United States",https://www.speedtest.net/result/c/36fcfafd-1bdf-4822-ad42-d8224021f8f6
2026-04-01T06:30:23.660931,astound,eth0,939.39,47.76,10.81,0.37,"KamaTera, Inc.","Seattle, WA, United States",https://www.speedtest.net/result/c/332c377b-85b9-4aa1-843d-0cf177ea26c9
2026-04-01T06:45:30.033083,astound,eth0,941.32,52.27,10.82,0.9,Ziply Fiber,"Seattle, WA, United States",https://www.speedtest.net/result/c/cd93e8ce-8fe3-4637-981f-bbce9bbe49bb
2026-04-01T07:00:36.129288,astound,eth0,939.43,52.24,10.83,0.58,Ziply Fiber,"Seattle, WA, United States",https://www.speedtest.net/result/c/0d88f638-c47e-480d-b725-ffe65a778052
2026-04-01T07:15:34.282051,astound,eth0,916.25,30.95,10.77,0.29,Astound Broadband,"Port Orchard, WA, United States",https://www.speedtest.net/result/c/7de8cc1f-c29d-4c85-a1b2-9996e3b4df13
2026-04-01T07:30:31.275510,astound,eth0,939.05,52.54,10.72,0.35,Astound Broadband,"Port Orchard, WA, United States",https://www.speedtest.net/result/c/43e4cc1a-ec82-481e-b9ad-fb7bc58ab1e1
2026-04-01T07:45:29.899782,astound,eth0,913.64,52.62,11.38,4.85,Astound Broadband,"Port Orchard, WA, United States",https://www.speedtest.net/result/c/7c5a931f-5c8f-4095-9c87-1000397c01d0
2026-04-01T08:00:28.939935,astound,eth0,931.46,52.26,11.11,3.81,EZEE Fiber,"Seattle, WA, United States",https://www.speedtest.net/result/c/b990cf7a-e668-45cb-85f4-a43ab74b3dcd
2026-04-01T08:15:28.146689,astound,eth0,939.17,52.28,10.85,1.19,Astound Broadband,"Port Orchard, WA, United States",https://www.speedtest.net/result/c/692d2975-ae98-4744-8589-c4c9d4b8251a
2026-04-01T08:30:41.698507,astound,eth0,427.1,52.21,10.95,1.15,Astound Broadband,"Seattle, WA, United States",https://www.speedtest.net/result/c/8c195453-77a9-4cfd-b884-7eed25bdc7d7
2026-04-01T08:45:32.651989,astound,eth0,922.66,47.73,10.7,5.08,Astound Broadband,"Port Orchard, WA, United States",https://www.speedtest.net/result/c/f56803d6-9bce-4f76-ba60-162ab7445674
2026-04-01T09:00:28.728652,astound,eth0,934.9,51.74,10.6,3.12,EZEE Fiber,"Seattle, WA, United States",https://www.speedtest.net/result/c/dd13d027-e8f8-41cc-b557-fe90a7f393e1
2026-04-01T09:15:21.898479,astound,eth0,50.29,50.91,9.05,1.9,CenturyLink,"Seattle, WA, United States",https://www.speedtest.net/result/c/90dfd2e3-1402-41ea-a09f-c5c408a86799
2026-04-01T09:30:27.323865,astound,eth0,45.46,52.21,10.75,0.37,Astound Broadband,"Port Orchard, WA, United States",https://www.speedtest.net/result/c/14707d1b-82c8-48aa-9c03-0d002a610c75
2026-04-01T09:45:35.649072,astound,eth0,45.75,51.63,11.32,4.87,Ziply Fiber,"Seattle, WA, United States",https://www.speedtest.net/result/c/0e21fd86-c722-463f-89c8-65522345c734
2026-04-01T10:00:30.092398,astound,eth0,42.18,52.4,17.97,18.18,CenturyLink,"Seattle, WA, United States",https://www.speedtest.net/result/c/b20303ee-1b5d-4dab-b759-32d0567d1007
2026-04-01T10:15:35.415302,astound,eth0,46.58,44.33,11.46,1.46,Astound Broadband,"Port Orchard, WA, United States",https://www.speedtest.net/result/c/62694ba7-e112-4c3d-ab3d-908d90eb236f
2026-04-01T10:30:32.691576,astound,eth0,45.81,20.03,10.74,0.64,Astound Broadband,"Port Orchard, WA, United States",https://www.speedtest.net/result/c/1f7218d0-d1a9-457b-9582-fa9f9b51475b
2026-04-01T10:45:35.033147,astound,eth0,44.93,33.88,10.81,0.45,Astound Broadband,"Seattle, WA, United States",https://www.speedtest.net/result/c/97864b7a-dbd9-457f-9e5e-c6826adb5935
2026-04-01T11:00:33.074158,astound,eth0,45.43,52.24,10.82,0.56,Astound Broadband,"Port Orchard, WA, United States",https://www.speedtest.net/result/c/644f8d94-0be8-41cb-b6b9-25502289dc8b
2026-04-01T11:15:26.537105,astound,eth0,43.76,52.24,10.73,1.05,EZEE Fiber,"Seattle, WA, United States",https://www.speedtest.net/result/c/c21c5d7e-aa7b-4df4-9d61-36d5fa58d6b7
2026-04-01T11:30:26.675618,astound,eth0,46.3,51.35,5.9,1.96,Astound Broadband,"Port Orchard, WA, United States",https://www.speedtest.net/result/c/ffb6147b-4418-4d64-8811-32593d146bbe
2026-04-01T11:45:24.974301,astound,eth0,45.11,50.88,7.06,3.76,Astound Broadband,"Seattle, WA, United States",https://www.speedtest.net/result/c/63244749-bf97-479a-943e-48028e5b99ef
2026-04-01T12:00:34.366038,astound,eth0,47.62,33.98,10.32,0.99,Astound Broadband,"Port Orchard, WA, United States",https://www.speedtest.net/result/c/c336d2f2-77f6-49ec-bc4d-e0fa36b703ff
2026-04-01T12:15:30.325696,astound,eth0,46.15,18.3,9.37,3.23,Astound Broadband,"Port Orchard, WA, United States",https://www.speedtest.net/result/c/91152ba1-aa1e-4eab-a672-a3136c3ba540
2026-04-01T12:30:31.548365,astound,eth0,49.69,51.87,10.25,2.17,Astound Broadband,"Seattle, WA, United States",https://www.speedtest.net/result/c/a5ba0382-742c-4ebf-bb7f-914aeb6776b4
2026-04-01T12:45:26.537773,astound,eth0,50.28,52.14,5.71,1.84,Ziply Fiber,"Seattle, WA, United States",https://www.speedtest.net/result/c/f77575f7-0239-427c-9e7f-dc9b970053ab
2026-04-01T13:00:22.888434,astound,eth0,48.78,52.15,12.18,1.96,CenturyLink,"Seattle, WA, United States",https://www.speedtest.net/result/c/82046abf-7d80-44cc-a105-db37963ac511
2026-04-01T13:15:31.426228,astound,eth0,50.34,52.07,7.59,12.18,Astound Broadband,"Port Orchard, WA, United States",https://www.speedtest.net/result/c/137763e2-871e-4a9a-b795-2e23a5fd05e2
2026-04-01T13:30:26.660410,astound,eth0,49.75,51.55,7.4,3.82,Astound Broadband,"Port Orchard, WA, United States",https://www.speedtest.net/result/c/d7440eea-30d8-4998-bf94-feffe8216188
2026-04-01T13:45:27.949359,astound,eth0,46.81,51.57,10.04,2.5,Astound Broadband,"Seattle, WA, United States",https://www.speedtest.net/result/c/1840f28d-85fd-490e-869c-406089222497
2026-04-01T14:00:40.673024,astound,eth0,46.78,41.78,10.72,2.72,EZEE Fiber,"Seattle, WA, United States",https://www.speedtest.net/result/c/f21db82e-6e20-49d0-8de8-6ab3fdd7b07a
2026-04-01T14:15:31.539136,astound,eth0,47.01,45.69,5.8,1.52,Ziply Fiber,"Seattle, WA, United States",https://www.speedtest.net/result/c/d1098989-8697-44c8-8217-ac77504ba366
2026-04-01T14:30:35.484061,astound,eth0,44.88,52.21,7.58,2.41,Astound Broadband,"Port Orchard, WA, United States",https://www.speedtest.net/result/c/9c23ec9a-fd29-4ae7-a7d1-e4067a3b1a1a
2026-04-01T14:45:29.164440,astound,eth0,49.04,52.14,10.75,0.77,Ziply Fiber,"Seattle, WA, United States",https://www.speedtest.net/result/c/f2ef5ac8-246d-403c-b705-501ec11153f4
2026-04-01T15:00:26.792309,astound,eth0,50.4,52.24,10.21,2.85,Astound Broadband,"Port Orchard, WA, United States",https://www.speedtest.net/result/c/bb6ede04-05ed-48d2-a930-c6b2adbacb2c
2026-04-01T15:15:26.383991,astound,eth0,50.39,52.12,10.76,0.29,Astound Broadband,"Port Orchard, WA, United States",https://www.speedtest.net/result/c/162bd65c-806a-42ca-8955-d29de3cf9578
2026-04-01T15:30:25.044227,astound,eth0,48.88,52.31,10.87,0.23,EZEE Fiber,"Seattle, WA, United States",https://www.speedtest.net/result/c/db7d4d9f-8510-4fa0-b554-1c228ff9dcca
2026-04-01T15:45:26.909388,astound,eth0,50.31,52.18,10.6,4.23,Ziply Fiber,"Seattle, WA, United States",https://www.speedtest.net/result/c/2405b2a4-8021-4e04-b452-767047fcc941
2026-04-01T16:00:28.594251,astound,eth0,49.83,52.15,10.7,0.1,Astound Broadband,"Port Orchard, WA, United States",https://www.speedtest.net/result/c/14a46fb6-0636-4711-85a1-381a5e80c2bd
2026-04-01T16:15:29.113981,astound,eth0,48.32,52.05,11.06,1.07,Astound Broadband,"Port Orchard, WA, United States",https://www.speedtest.net/result/c/11f2338e-1537-4263-8565-4b92a01f1d8e
2026-04-01T16:30:25.906942,astound,eth0,50.21,52.2,10.73,0.27,Astound Broadband,"Seattle, WA, United States",https://www.speedtest.net/result/c/f48ed209-95a3-4a86-a101-fa8aa074bff7
2026-04-01T16:45:30.116037,astound,eth0,48.17,52.05,10.79,1.24,Ziply Fiber,"Seattle, WA, United States",https://www.speedtest.net/result/c/1ef9004f-273c-47b1-a4e3-3876f6f64db4
2026-04-01T17:00:33.294347,astound,eth0,49.87,52.31,10.82,0.8,Astound Broadband,"Seattle, WA, United States",https://www.speedtest.net/result/c/9425d053-afbc-442d-9253-2800debff694
2026-04-01T17:15:26.773441,astound,eth0,49.65,52.24,9.38,4.22,Astound Broadband,"Seattle, WA, United States",https://www.speedtest.net/result/c/c3a8c8b0-831a-404b-ac9d-f1aa7da0eaaa
2026-04-01T17:30:31.735672,astound,eth0,49.28,50.89,10.75,1.26,Astound Broadband,"Port Orchard, WA, United States",https://www.speedtest.net/result/c/20e2d5ce-c98b-45af-b018-0bac0f04e3eb
2026-04-01T17:45:28.615548,astound,eth0,49.51,52.32,9.21,3.26,Astound Broadband,"Seattle, WA, United States",https://www.speedtest.net/result/c/9d8d342b-c5ae-47de-84fe-0c3431e051b7
2026-04-01T18:00:36.204562,astound,eth0,41.26,52.41,9.41,2.69,Astound Broadband,"Port Orchard, WA, United States",https://www.speedtest.net/result/c/d36e66ce-a308-4a86-a015-303d7e6b67ef
2026-04-01T18:15:23.777373,astound,eth0,50.25,52.04,9.56,3.75,Astound Broadband,"Port Orchard, WA, United States",https://www.speedtest.net/result/c/5cd7e6a3-351e-4511-b764-20f8b9717ffa
2026-04-01T18:30:34.385132,astound,eth0,44.24,52.25,9.54,3.82,Astound Broadband,"Port Orchard, WA, United States",https://www.speedtest.net/result/c/70fcb990-9d99-49d8-857a-d1df03400c0a
2026-04-01T18:45:29.999482,astound,eth0,50.2,50.78,10.99,0.48,Astound Broadband,"Port Orchard, WA, United States",https://www.speedtest.net/result/c/8f17c784-a594-4743-997e-956cb00a75b2
2026-04-01T19:00:24.423492,astound,eth0,50.0,52.28,10.7,0.87,Astound Broadband,"Port Orchard, WA, United States",https://www.speedtest.net/result/c/e639668b-3b52-44af-b1f7-e977c69b0774
2026-04-01T19:15:26.268979,astound,eth0,50.17,50.07,11.52,0.63,Astound Broadband,"Seattle, WA, United States",https://www.speedtest.net/result/c/356a5ab2-cb0b-4204-92d7-ad5139a3f3b4
2026-04-01T19:30:25.766988,astound,eth0,48.98,50.68,11.08,1.03,Astound Broadband,"Port Orchard, WA, United States",https://www.speedtest.net/result/c/44eecd5f-0b18-41d4-bcb0-7fb39c3469e8
2026-04-01T19:45:24.064812,astound,eth0,50.06,52.32,5.77,2.35,EZEE Fiber,"Seattle, WA, United States",https://www.speedtest.net/result/c/5ffea0f5-8ddb-4ee5-9500-8492cd5b320c
2026-04-01T20:00:33.806361,astound,eth0,49.92,52.28,10.7,3.3,Astound Broadband,"Seattle, WA, United States",https://www.speedtest.net/result/c/c0682092-85f5-4f51-a33f-00c083ac359c
2026-04-01T20:15:21.741690,astound,eth0,49.5,49.23,7.32,7.03,Astound Broadband,"Seattle, WA, United States",https://www.speedtest.net/result/c/29b30273-8f81-4519-acbc-6efc9e1a208f
2026-04-01T20:30:24.150752,astound,eth0,50.12,52.5,10.95,0.66,Astound Broadband,"Port Orchard, WA, United States",https://www.speedtest.net/result/c/420b5a3a-46b1-4406-ae11-226931d13c5c
2026-04-01T20:45:27.441292,astound,eth0,46.46,52.52,10.82,0.94,Astound Broadband,"Port Orchard, WA, United States",https://www.speedtest.net/result/c/e0d94204-88be-401a-ac15-038684bc3976
2026-04-01T21:00:28.400530,astound,eth0,50.12,53.49,11.45,1.7,Astound Broadband,"Seattle, WA, United States",https://www.speedtest.net/result/c/e47a3d80-86c9-42e7-aed0-5b0c3d3af28a
2026-04-01T21:15:22.968718,astound,eth0,50.21,52.52,9.37,4.44,Astound Broadband,"Seattle, WA, United States",https://www.speedtest.net/result/c/6b063b42-36bf-4c6f-b3b3-dd8bfecd86f9
2026-04-01T21:30:27.995610,astound,eth0,50.0,52.2,10.72,1.15,Astound Broadband,"Port Orchard, WA, United States",https://www.speedtest.net/result/c/2e5c9187-5507-44f8-9fb6-61f64f3264dc
2026-04-01T21:45:23.989264,astound,eth0,50.33,52.24,7.85,5.08,Ziply Fiber,"Seattle, WA, United States",https://www.speedtest.net/result/c/df768255-920c-4ff7-8d20-bd8ad6223777
2026-04-01T22:00:26.114737,astound,eth0,49.83,52.78,10.82,0.58,Astound Broadband,"Port Orchard, WA, United States",https://www.speedtest.net/result/c/a0ddb566-cd5a-4c75-afeb-b6344e000c86
2026-04-01T22:15:32.200391,astound,eth0,45.69,52.01,6.46,1.62,CenturyLink,"Seattle, WA, United States",https://www.speedtest.net/result/c/b4dc8752-0fc0-4946-a386-47c2cba5448c
2026-04-01T22:30:34.311348,astound,eth0,38.33,51.88,10.75,0.17,GSL Networks,"Seattle, WA, United States",https://www.speedtest.net/result/c/49afd47b-af94-4030-9821-5602e79caf7d
2026-04-01T22:45:36.632978,astound,eth0,45.0,52.13,10.76,0.42,Ziply Fiber,"Seattle, WA, United States",https://www.speedtest.net/result/c/ef888e8d-1bc5-46d4-94a5-2bcf60dfd9c1
2026-04-01T23:00:35.280918,astound,eth0,40.59,52.93,10.74,0.18,Astound Broadband,"Port Orchard, WA, United States",https://www.speedtest.net/result/c/bd23dd8a-a032-48d2-a3fb-af2ce6c71cb7
2026-04-01T23:15:34.669756,astound,eth0,45.11,52.09,10.72,1.03,Ziply Fiber,"Seattle, WA, United States",https://www.speedtest.net/result/c/68d83201-eb68-4bcb-aa21-154ebb1b6df4
2026-04-01T23:30:31.981932,astound,eth0,40.0,51.31,13.83,0.27,CenturyLink,"Seattle, WA, United States",https://www.speedtest.net/result/c/4e9090fb-a8af-4f18-8d07-19b0bb0beae8
2026-04-01T23:45:32.724124,astound,eth0,43.04,52.05,10.9,0.79,Astound Broadband,"Port Orchard, WA, United States",https://www.speedtest.net/result/c/3299b998-6e9a-4cfb-b277-e5471b3cfad6
2026-04-02T00:00:37.829854,astound,eth0,47.25,52.0,10.91,1.01,Astound Broadband,"Port Orchard, WA, United States",https://www.speedtest.net/result/c/c94a4f86-d42f-415f-acc0-f07436f51c09
2026-04-02T00:15:33.589444,astound,eth0,40.3,52.12,13.85,0.07,CenturyLink,"Seattle, WA, United States",https://www.speedtest.net/result/c/0825464e-2959-4c0c-b41c-d31beddac701
2026-04-02T00:30:29.253015,astound,eth0,938.37,52.24,10.74,1.2,Astound Broadband,"Port Orchard, WA, United States",https://www.speedtest.net/result/c/a32cf86c-b36b-42ea-beac-7a72235a5099
2026-04-02T00:45:27.304512,astound,eth0,939.91,40.42,11.96,3.42,"KamaTera, Inc.","Seattle, WA, United States",https://www.speedtest.net/result/c/ec37de9b-ec93-45bb-bdfa-acd145594772
2026-04-02T01:00:33.101634,astound,eth0,195.54,52.24,10.75,0.22,Astound Broadband,"Seattle, WA, United States",https://www.speedtest.net/result/c/2102cc4f-0392-4d85-a19a-6413c3d63355
2026-04-02T01:15:29.811524,astound,eth0,168.63,52.23,10.75,0.52,Astound Broadband,"Seattle, WA, United States",https://www.speedtest.net/result/c/5a3d96e6-c74f-4867-bd19-774f0ea4db17
2026-04-02T01:30:37.303424,astound,eth0,446.41,52.28,10.75,0.26,Astound Broadband,"Seattle, WA, United States",https://www.speedtest.net/result/c/d0d199fb-ab53-42b8-bcff-2ef37d625e37
2026-04-02T01:45:32.128735,astound,eth0,939.51,52.28,10.75,0.16,Ziply Fiber,"Seattle, WA, United States",https://www.speedtest.net/result/c/2fb9172c-00cb-4e4b-a718-86cf288e9836
2026-04-02T02:00:33.157899,astound,eth0,939.54,52.27,10.81,0.63,Astound Broadband,"Port Orchard, WA, United States",https://www.speedtest.net/result/c/c90faf11-6c5f-4bee-8a3d-1b37a8917719
2026-04-02T02:15:31.189658,astound,eth0,430.44,52.22,10.85,0.53,Astound Broadband,"Seattle, WA, United States",https://www.speedtest.net/result/c/6e712698-beb1-4b0c-8ed8-7f6dab1b2500
2026-04-02T02:30:33.224706,astound,eth0,183.08,52.4,5.02,2.25,Astound Broadband,"Seattle, WA, United States",https://www.speedtest.net/result/c/e889b31a-c642-462c-8d3b-37944677937a
2026-04-02T02:45:27.306651,astound,eth0,939.71,52.27,10.82,0.61,EZEE Fiber,"Seattle, WA, United States",https://www.speedtest.net/result/c/13c9bf12-0155-44f8-ba8d-a7fc3f4444d7
2026-04-02T03:00:30.592292,astound,eth0,939.85,52.34,10.75,0.46,Astound Broadband,"Port Orchard, WA, United States",https://www.speedtest.net/result/c/f5bca73e-fb91-4fc9-99ad-c05227e3b84a
2026-04-02T03:15:29.966224,astound,eth0,939.32,52.3,11.44,0.68,Ziply Fiber,"Seattle, WA, United States",https://www.speedtest.net/result/c/fc38b537-2ae8-4d21-8369-c4181fb00423
2026-04-02T03:30:30.067135,astound,eth0,133.01,52.33,10.74,0.19,Astound Broadband,"Seattle, WA, United States",https://www.speedtest.net/result/c/58c664bf-4996-45cd-b0c5-9f728f7de2bb
2026-04-02T03:45:28.314599,astound,eth0,939.89,52.2,10.81,0.69,Astound Broadband,"Port Orchard, WA, United States",https://www.speedtest.net/result/c/1b1710a7-27cc-46d8-bc8b-be3b4357f82a
2026-04-02T04:00:34.586410,astound,eth0,119.92,52.32,12.13,2.57,Astound Broadband,"Seattle, WA, United States",https://www.speedtest.net/result/c/634b7d9f-98db-4077-8fe0-d7c6be03dfbe
2026-04-02T04:15:32.420402,astound,eth0,396.22,52.6,10.82,1.1,Astound Broadband,"Seattle, WA, United States",https://www.speedtest.net/result/c/875566ea-90ab-4190-a012-9edb35129d3c
2026-04-02T04:30:31.708912,astound,eth0,281.71,52.26,10.61,2.09,Astound Broadband,"Seattle, WA, United States",https://www.speedtest.net/result/c/5b26835a-dddb-41c8-9c4c-97f2721476e9
2026-04-02T04:45:33.672931,astound,eth0,937.58,51.43,10.79,0.21,Astound Broadband,"Port Orchard, WA, United States",https://www.speedtest.net/result/c/483041f0-3842-43d0-a77f-b22056a85c59
2026-04-02T05:15:29.609079,astound,eth0,939.39,52.27,10.72,0.24,Astound Broadband,"Port Orchard, WA, United States",https://www.speedtest.net/result/c/2b0f6a3e-352a-4020-9de6-9c3941432114
2026-04-02T05:30:28.484024,astound,eth0,939.5,52.24,10.74,0.2,Astound Broadband,"Port Orchard, WA, United States",https://www.speedtest.net/result/c/fbeb6016-9679-456d-bbc6-fb91cd137603
2026-04-02T05:45:27.001606,astound,eth0,938.96,52.62,10.72,0.06,Astound Broadband,"Port Orchard, WA, United States",https://www.speedtest.net/result/c/09ac3a8f-2060-44ef-bb7e-6ffb2e3ef96b
2026-04-02T06:00:33.197837,astound,eth0,939.31,52.28,9.54,3.81,Astound Broadband,"Port Orchard, WA, United States",https://www.speedtest.net/result/c/7b7700a6-aadf-4453-9aaa-7e3905c04d8a
2026-04-02T06:15:27.474247,astound,eth0,939.16,52.35,10.73,0.41,Astound Broadband,"Port Orchard, WA, United States",https://www.speedtest.net/result/c/854b6a82-162a-4ada-927e-eadf9148a8b1
2026-04-02T06:30:26.857344,astound,eth0,939.38,52.31,10.73,0.14,Astound Broadband,"Port Orchard, WA, United States",https://www.speedtest.net/result/c/7e2c49c4-4a0f-49ce-9a4c-a697af1b9fc1
2026-04-02T06:45:34.778792,astound,eth0,163.16,52.2,10.79,0.72,Astound Broadband,"Seattle, WA, United States",https://www.speedtest.net/result/c/f42e9974-67f0-4642-962d-6ad268a33784
2026-04-02T07:00:32.003374,astound,eth0,228.6,52.37,10.75,0.18,Astound Broadband,"Seattle, WA, United States",https://www.speedtest.net/result/c/eab0b9e2-db90-4e53-b4d1-1fd8e9ab8920
2026-04-02T07:15:33.089539,astound,eth0,177.25,52.25,10.81,0.67,Astound Broadband,"Seattle, WA, United States",https://www.speedtest.net/result/c/f08d92bc-cf21-417f-8247-2a2b546af3f2
2026-04-02T07:30:30.750168,astound,eth0,134.02,52.28,10.74,0.58,Astound Broadband,"Seattle, WA, United States",https://www.speedtest.net/result/c/a8a09578-0342-43fd-a70a-2f9f61156a9a
2026-04-02T07:45:28.442217,astound,eth0,939.43,52.2,10.72,0.14,Astound Broadband,"Port Orchard, WA, United States",https://www.speedtest.net/result/c/c6fac44f-a560-446e-8ee4-ab798ad72653
2026-04-02T08:00:37.545089,astound,eth0,139.99,52.28,11.16,1.3,Astound Broadband,"Seattle, WA, United States",https://www.speedtest.net/result/c/592bc5ec-3df4-4e7e-8ee5-4d65b8a3f630
2026-04-02T08:15:29.233282,astound,eth0,940.18,52.21,10.76,0.18,Ziply Fiber,"Seattle, WA, United States",https://www.speedtest.net/result/c/77c032c4-c60e-4840-9e5f-2ab2eea5ea26
2026-04-02T08:30:25.758911,astound,eth0,50.35,52.3,10.71,0.51,Astound Broadband,"Port Orchard, WA, United States",https://www.speedtest.net/result/c/85dba575-2f95-4426-a58f-b817379e1242
2026-04-02T08:45:24.496850,astound,eth0,50.21,52.33,10.76,0.18,Ziply Fiber,"Seattle, WA, United States",https://www.speedtest.net/result/c/8d93b5f0-8664-4ce7-bf60-d08aeefdd663
2026-04-02T09:00:35.876754,astound,eth0,49.92,52.32,10.72,0.11,Astound Broadband,"Seattle, WA, United States",https://www.speedtest.net/result/c/b40026b0-0b7d-4bce-9371-2deb9657cc8d
2026-04-02T09:15:25.917537,astound,eth0,49.87,52.24,10.96,1.79,Ziply Fiber,"Seattle, WA, United States",https://www.speedtest.net/result/c/62443bdc-33b7-4b0b-bbe0-2ee439c05d36
2026-04-02T09:30:26.446997,astound,eth0,49.82,52.28,11.77,2.26,Ziply Fiber,"Seattle, WA, United States",https://www.speedtest.net/result/c/6962c8a5-d17f-4eb3-a18e-cf69dfed39f1
2026-04-02T09:45:23.791568,astound,eth0,50.02,53.38,10.73,0.1,Ziply Fiber,"Seattle, WA, United States",https://www.speedtest.net/result/c/ebd3fb40-94ed-4cc4-b896-ebc0d374f28c
2026-04-02T10:00:30.504823,astound,eth0,47.55,51.04,9.95,1.75,Astound Broadband,"Port Orchard, WA, United States",https://www.speedtest.net/result/c/8c175852-51e1-4768-9d54-98d8abfc86e2
2026-04-02T10:15:28.955472,astound,eth0,43.05,53.81,11.64,1.93,CenturyLink,"Seattle, WA, United States",https://www.speedtest.net/result/c/92c1f0af-2583-4672-a3b5-5d35ec90fc12
2026-04-02T10:30:27.686590,astound,eth0,48.24,51.07,10.73,0.69,Astound Broadband,"Seattle, WA, United States",https://www.speedtest.net/result/c/0e07714c-a0dc-4dbf-9e5e-6667607ec364
2026-04-02T10:45:28.101400,astound,eth0,49.43,51.51,9.76,2.94,Astound Broadband,"Seattle, WA, United States",https://www.speedtest.net/result/c/9e43d345-67c4-4717-bd25-f04b9473a06b
2026-04-02T11:00:28.714140,astound,eth0,47.61,50.98,8.99,3.15,Astound Broadband,"Port Orchard, WA, United States",https://www.speedtest.net/result/c/622fa0f3-f209-43c9-b438-f8e3753689f7
2026-04-02T11:15:28.399519,astound,eth0,47.71,50.93,10.81,2.24,Ziply Fiber,"Seattle, WA, United States",https://www.speedtest.net/result/c/9de402ba-5c36-40b1-90b3-8d08652bc0f2
2026-04-02T11:30:28.112728,astound,eth0,49.23,18.27,5.92,3.33,Astound Broadband,"Seattle, WA, United States",https://www.speedtest.net/result/c/1eeeb939-5838-461e-9d37-5094e3641ab6
2026-04-02T11:45:26.396496,astound,eth0,50.28,52.44,10.73,0.17,Astound Broadband,"Seattle, WA, United States",https://www.speedtest.net/result/c/6576a47c-1970-4fe3-bc21-34096fc8babd
2026-04-02T12:00:28.449551,astound,eth0,47.63,50.79,8.49,2.49,Astound Broadband,"Port Orchard, WA, United States",https://www.speedtest.net/result/c/d186411a-6061-420f-ab14-63eaf6bb1f77
2026-04-02T12:15:22.290661,astound,eth0,47.54,50.84,10.74,5.56,Astound Broadband,"Seattle, WA, United States",https://www.speedtest.net/result/c/20e58a6a-bd6f-4408-825c-f5a30d1fbab6
2026-04-02T12:30:34.284574,astound,eth0,45.77,50.65,11.26,2.53,Ziply Fiber,"Seattle, WA, United States",https://www.speedtest.net/result/c/1d862735-8e9f-41b0-b5ce-f78a02d7c57d
2026-04-02T12:45:28.429509,astound,eth0,47.14,49.82,6.54,2.71,Astound Broadband,"Port Orchard, WA, United States",https://www.speedtest.net/result/c/5f5149f2-0109-4005-82d2-23bfdd24fcc4
2026-04-02T13:00:27.872181,astound,eth0,48.73,52.81,10.9,1.1,Astound Broadband,"Port Orchard, WA, United States",https://www.speedtest.net/result/c/88b341fa-497a-4674-b6b1-9dca50585da5
2026-04-02T13:15:26.652849,astound,eth0,49.96,30.76,7.26,2.55,Ziply Fiber,"Seattle, WA, United States",https://www.speedtest.net/result/c/19bc1dda-9d0b-4f3e-a254-9d949f78075f
2026-04-02T13:30:24.949335,astound,eth0,49.87,47.43,10.75,0.25,Astound Broadband,"Port Orchard, WA, United States",https://www.speedtest.net/result/c/5eade0e4-ec7d-4dce-8a1e-7f8d2e25940d
2026-04-02T13:45:28.823386,astound,eth0,49.08,52.48,9.15,2.4,Astound Broadband,"Seattle, WA, United States",https://www.speedtest.net/result/c/c75719a6-8e9b-48ad-b1c1-267b7d86e6fa
2026-04-02T14:00:35.994526,astound,eth0,47.94,51.75,13.79,0.07,GSL Networks,"Seattle, WA, United States",https://www.speedtest.net/result/c/0baee104-5c24-45e5-b108-fbfdb6a8b8e7
2026-04-02T14:15:24.598694,astound,eth0,47.72,51.26,11.26,2.11,Ziply Fiber,"Seattle, WA, United States",https://www.speedtest.net/result/c/009d9784-0a7a-410f-b89f-4b635aef455a
2026-04-02T14:30:40.805708,astound,eth0,48.81,49.17,5.03,1.33,Astound Broadband,"Port Orchard, WA, United States",https://www.speedtest.net/result/c/cf07059b-e74a-4835-9965-4128ea557034
2026-04-02T14:45:28.007898,astound,eth0,48.7,25.48,9.44,2.07,Astound Broadband,"Port Orchard, WA, United States",https://www.speedtest.net/result/c/ec165b1c-f339-43ff-b0c8-c9baeae64735
2026-04-02T15:00:24.820100,astound,eth0,45.6,52.27,10.78,0.3,Astound Broadband,"Port Orchard, WA, United States",https://www.speedtest.net/result/c/012415cc-e7fc-4188-bbbe-8bf819241c4a
2026-04-02T15:15:31.970733,astound,eth0,49.41,52.27,10.79,1.28,Astound Broadband,"Port Orchard, WA, United States",https://www.speedtest.net/result/c/3d485f04-231a-4c3d-bfe6-4228981ff2b4
2026-04-02T15:30:25.825134,astound,eth0,47.42,52.08,10.74,0.49,Ziply Fiber,"Seattle, WA, United States",https://www.speedtest.net/result/c/e202fb3e-e5a0-4755-8b4e-e3c29812c994
2026-04-02T15:45:23.886697,astound,eth0,48.31,10.47,10.73,3.36,Astound Broadband,"Port Orchard, WA, United States",https://www.speedtest.net/result/c/226cda26-d6ee-4de9-8f68-5eae7cde6976
2026-04-02T16:00:35.305960,astound,eth0,48.89,52.17,12.82,1.72,Astound Broadband,"Seattle, WA, United States",https://www.speedtest.net/result/c/d6143bf9-56b8-4432-811a-1fac23019d26
2026-04-02T16:15:38.682115,astound,eth0,46.96,48.91,10.69,0.9,Astound Broadband,"Port Orchard, WA, United States",https://www.speedtest.net/result/c/aab551bd-2eae-457f-b89a-06a1ad308c00
2026-04-02T16:30:38.205506,astound,eth0,47.18,19.55,7.21,4.13,EZEE Fiber,"Seattle, WA, United States",https://www.speedtest.net/result/c/ccd3f9a5-8301-448d-afd6-b1874e23c174
2026-04-02T16:45:35.142432,astound,eth0,50.85,52.01,11.49,4.17,Astound Broadband,"Port Orchard, WA, United States",https://www.speedtest.net/result/c/a56f618d-51ec-4326-a017-1290f79e2867
2026-04-02T17:00:33.940122,astound,eth0,50.15,49.06,10.73,1.67,Astound Broadband,"Port Orchard, WA, United States",https://www.speedtest.net/result/c/568a4c7b-c4bb-463c-ab66-c46e089040b0
2026-04-02T17:15:31.898142,astound,eth0,48.58,52.2,6.65,1.41,Ziply Fiber,"Seattle, WA, United States",https://www.speedtest.net/result/c/bd7b32e8-4cfa-484d-8117-ba71d75d0d7d
2026-04-02T17:30:23.803138,astound,eth0,43.88,51.89,48.33,5.74,CenturyLink,"Seattle, WA, United States",https://www.speedtest.net/result/c/f253ceef-6cfe-4ac4-b63a-50bed01e27a1
2026-04-02T17:45:25.703547,astound,eth0,49.27,52.26,10.86,0.2,Astound Broadband,"Port Orchard, WA, United States",https://www.speedtest.net/result/c/e2fae399-6cdf-42a9-9d2a-18938a35b556
2026-04-02T18:00:30.865201,astound,eth0,45.76,25.32,25.51,3.4,CenturyLink,"Seattle, WA, United States",https://www.speedtest.net/result/c/8aaaa86f-27ec-4acf-b993-deb27e6126c0
2026-04-02T18:15:35.168240,astound,eth0,49.56,52.34,10.78,0.2,Ziply Fiber,"Seattle, WA, United States",https://www.speedtest.net/result/c/e570c1fd-e460-40d1-97dc-71e302091ace
2026-04-02T18:30:22.987130,astound,eth0,50.16,51.93,10.74,1.39,Ziply Fiber,"Seattle, WA, United States",https://www.speedtest.net/result/c/92f183ee-756a-4928-a10c-2eb640b5f9c8
2026-04-02T18:45:30.610383,astound,eth0,50.31,51.83,10.74,0.66,Astound Broadband,"Seattle, WA, United States",https://www.speedtest.net/result/c/fdef5e91-e4a1-44e9-8858-388af1cf5226
2026-04-02T19:00:33.410603,astound,eth0,45.64,51.22,9.91,5.25,Astound Broadband,"Seattle, WA, United States",https://www.speedtest.net/result/c/e10cae6a-78fd-49fa-a09f-17aaed64125b
2026-04-02T19:15:24.747627,astound,eth0,48.66,51.23,10.7,3.25,Astound Broadband,"Port Orchard, WA, United States",https://www.speedtest.net/result/c/e8b63f75-1e59-4766-956f-4a16b3185cbb
2026-04-02T19:30:35.489642,astound,eth0,45.44,51.2,8.45,2.79,Astound Broadband,"Port Orchard, WA, United States",https://www.speedtest.net/result/c/1e792d36-be82-4553-b6df-c81e340689c0
2026-04-02T19:45:29.706874,astound,eth0,47.21,51.02,8.6,2.4,Astound Broadband,"Port Orchard, WA, United States",https://www.speedtest.net/result/c/cfbd5e02-1708-4c4f-818e-d5d8093ea480
2026-04-02T20:00:28.179963,astound,eth0,48.53,51.2,11.33,3.01,Astound Broadband,"Port Orchard, WA, United States",https://www.speedtest.net/result/c/f57509af-e1a5-4eea-9290-28c274a3376d
2026-04-02T20:15:24.289778,astound,eth0,49.92,52.16,8.59,3.97,Ziply Fiber,"Seattle, WA, United States",https://www.speedtest.net/result/c/b1b64e90-1a28-4bbc-b2d9-aec615195625
2026-04-02T20:30:32.258581,astound,eth0,44.81,51.76,9.57,2.89,Astound Broadband,"Port Orchard, WA, United States",https://www.speedtest.net/result/c/6f696b9d-ba7d-435d-9527-535ae35f458e
2026-04-02T20:45:34.959385,astound,eth0,41.13,52.02,11.14,0.64,Astound Broadband,"Port Orchard, WA, United States",https://www.speedtest.net/result/c/6b4e889e-356b-4f61-8686-410f6e60f309
2026-04-02T21:00:27.930844,astound,eth0,50.19,52.38,11.1,1.88,Astound Broadband,"Port Orchard, WA, United States",https://www.speedtest.net/result/c/7dc05705-64b7-4768-ae0b-9c8b89a05d16
2026-04-02T21:15:38.471257,astound,eth0,37.46,48.19,11.69,0.69,Astound Broadband,"Port Orchard, WA, United States",https://www.speedtest.net/result/c/8505bdbf-5f83-4f04-87e0-8d6a4e5e963c
2026-04-02T21:30:37.949343,astound,eth0,34.95,51.7,8.9,3.42,Astound Broadband,"Seattle, WA, United States",https://www.speedtest.net/result/c/c22df21b-dce6-4721-90ed-d65ba15a9790
2026-04-02T21:45:32.600943,astound,eth0,35.57,51.92,7.29,3.86,Astound Broadband,"Seattle, WA, United States",https://www.speedtest.net/result/c/ce8bdea1-039a-4776-921e-00d5d5d4b0bd
2026-04-02T22:00:35.792189,astound,eth0,41.47,51.67,5.31,1.57,Astound Broadband,"Port Orchard, WA, United States",https://www.speedtest.net/result/c/7c48e30c-74b8-4789-8b08-e61a97f6c0b7
2026-04-02T22:15:36.589795,astound,eth0,44.7,51.84,11.37,2.79,EZEE Fiber,"Seattle, WA, United States",https://www.speedtest.net/result/c/7ddd96df-e18d-414a-b0ba-ebbcf93d8d36
2026-04-02T22:30:34.329696,astound,eth0,45.45,41.85,11.49,1.1,"KamaTera, Inc.","Seattle, WA, United States",https://www.speedtest.net/result/c/a0f02673-c797-4af5-a3b7-c8c4eb3fd739
2026-04-02T22:45:34.031481,astound,eth0,37.93,52.49,16.38,2.82,Ziply Fiber,"Seattle, WA, United States",https://www.speedtest.net/result/c/b37084af-53e6-455a-b85c-7e0152fc15f9
2026-04-02T23:00:36.718948,astound,eth0,38.69,33.57,11.47,1.1,"KamaTera, Inc.","Seattle, WA, United States",https://www.speedtest.net/result/c/f9559a39-790b-4c54-a1a5-4c5ddb3f97bb
2026-04-02T23:15:25.081148,astound,eth0,50.27,50.4,10.91,1.77,Astound Broadband,"Seattle, WA, United States",https://www.speedtest.net/result/c/7a68311b-a4dc-4858-ae5a-3e8092fc3745
2026-04-02T23:30:25.475293,astound,eth0,50.24,52.91,8.0,1.9,CenturyLink,"Seattle, WA, United States",https://www.speedtest.net/result/c/da4f12f1-46ec-4ef6-af0a-446d16f79d05
2026-04-02T23:45:31.221409,astound,eth0,50.36,52.44,5.79,3.02,Astound Broadband,"Port Orchard, WA, United States",https://www.speedtest.net/result/c/19587095-22fd-4f59-8f24-2a2032ca9913
2026-04-03T00:00:28.735135,astound,eth0,49.91,52.39,10.88,0.53,Astound Broadband,"Port Orchard, WA, United States",https://www.speedtest.net/result/c/39f4774e-85fc-4a72-a5b3-8a63b732ddb4
2026-04-03T00:15:24.803527,astound,eth0,50.35,52.22,10.73,0.41,Astound Broadband,"Port Orchard, WA, United States",https://www.speedtest.net/result/c/55ada012-a1f5-4558-9d94-0ee113cab9dd
2026-04-03T00:30:23.858155,astound,eth0,50.34,51.47,10.75,0.29,EZEE Fiber,"Seattle, WA, United States",https://www.speedtest.net/result/c/db97aba0-3601-421e-9020-5fe2c017a0ea
2026-04-03T00:45:25.289116,astound,eth0,50.36,52.2,10.75,0.2,Ziply Fiber,"Seattle, WA, United States",https://www.speedtest.net/result/c/c9c79f2c-c7ec-4684-909c-578a963820cd
2026-04-03T01:00:28.548325,astound,eth0,50.34,52.25,10.71,0.9,Astound Broadband,"Port Orchard, WA, United States",https://www.speedtest.net/result/c/b530df45-660c-44cf-8dff-5a04ccd62d93
2026-04-03T01:15:23.976951,astound,eth0,50.33,52.26,10.74,0.26,Astound Broadband,"Port Orchard, WA, United States",https://www.speedtest.net/result/c/c7c478b7-8a91-4a27-bfed-feb2f524f2f4
2026-04-03T01:30:26.426241,astound,eth0,50.0,52.25,10.74,2.46,Astound Broadband,"Seattle, WA, United States",https://www.speedtest.net/result/c/5b852f6b-6a14-4ee0-891c-cb9192dae208
2026-04-03T01:45:25.996104,astound,eth0,47.32,22.79,11.36,1.05,Astound Broadband,"Seattle, WA, United States",https://www.speedtest.net/result/c/1f3614cc-e091-4514-975e-b410b1fc2473
2026-04-03T02:00:25.844517,astound,eth0,50.1,52.08,10.88,0.72,Astound Broadband,"Port Orchard, WA, United States",https://www.speedtest.net/result/c/c79f8dab-d381-4ffc-8214-3cbfa6282400
2026-04-03T02:15:25.089580,astound,eth0,50.51,52.33,10.91,1.01,Astound Broadband,"Seattle, WA, United States",https://www.speedtest.net/result/c/d34ff521-52b2-4469-b271-cd3a4cbab05d
2026-04-03T02:30:25.288835,astound,eth0,50.39,52.31,10.81,0.24,Astound Broadband,"Port Orchard, WA, United States",https://www.speedtest.net/result/c/2402a380-1b57-4ef7-b0b5-014ec06b05bc
2026-04-03T02:45:27.885563,astound,eth0,50.55,52.19,10.73,1.21,Astound Broadband,"Seattle, WA, United States",https://www.speedtest.net/result/c/376f3ce1-3153-44bc-ae85-87a8deffad98
2026-04-03T03:00:26.018760,astound,eth0,50.26,52.25,9.26,3.35,Astound Broadband,"Seattle, WA, United States",https://www.speedtest.net/result/c/c654f885-65ac-41f6-837f-d130443cd8a5
2026-04-03T03:15:26.069366,astound,eth0,50.22,52.26,11.38,1.03,Astound Broadband,"Port Orchard, WA, United States",https://www.speedtest.net/result/c/db1ea849-9f95-4b40-86ab-b6f39fc7da81
2026-04-03T03:30:24.506688,astound,eth0,50.11,52.25,10.8,0.8,Astound Broadband,"Port Orchard, WA, United States",https://www.speedtest.net/result/c/1a72858f-839e-40d6-b7a8-e4066948f14b
2026-04-03T03:45:26.097097,astound,eth0,50.29,52.25,9.64,3.08,Astound Broadband,"Port Orchard, WA, United States",https://www.speedtest.net/result/c/7fc4b045-0223-469a-b4d8-a1ee8c91adab
2026-04-03T04:00:28.672980,astound,eth0,50.18,51.95,10.74,0.62,Astound Broadband,"Port Orchard, WA, United States",https://www.speedtest.net/result/c/804f448f-89ec-4e69-bb6d-87c64668361c
2026-04-03T04:15:23.663152,astound,eth0,50.17,52.27,10.75,0.2,Astound Broadband,"Port Orchard, WA, United States",https://www.speedtest.net/result/c/711c24a7-5122-4853-8564-f9e5c1b0dd19
2026-04-03T04:30:25.391377,astound,eth0,50.0,52.29,10.75,0.39,Astound Broadband,"Port Orchard, WA, United States",https://www.speedtest.net/result/c/45a26e03-b98d-4a6f-9a45-df3b6fb01375
2026-04-03T04:45:25.460547,astound,eth0,50.27,52.28,10.71,0.14,Astound Broadband,"Port Orchard, WA, United States",https://www.speedtest.net/result/c/47d26288-047c-41f4-a3d9-c913810bbd96
2026-04-03T05:00:24.400299,astound,eth0,50.31,34.87,12.91,0.74,"KamaTera, Inc.","Seattle, WA, United States",https://www.speedtest.net/result/c/67fedd18-fe0a-463e-be77-ac9865a005b5
2026-04-03T05:15:24.106327,astound,eth0,50.22,52.21,10.82,1.32,Astound Broadband,"Seattle, WA, United States",https://www.speedtest.net/result/c/cba3cf94-5424-402e-88b0-fc6405119ba6
2026-04-03T05:30:25.395105,astound,eth0,50.19,54.23,10.86,1.04,Astound Broadband,"Port Orchard, WA, United States",https://www.speedtest.net/result/c/b2ad96c8-1a31-4a57-81e2-80ff003c769b
2026-04-03T05:45:26.548640,astound,eth0,50.39,53.38,10.82,0.49,Astound Broadband,"Port Orchard, WA, United States",https://www.speedtest.net/result/c/2e650fc8-33a0-48d1-b1b3-db9dd393d37c
2026-04-03T06:00:28.714419,astound,eth0,50.42,52.25,10.74,0.82,Astound Broadband,"Port Orchard, WA, United States",https://www.speedtest.net/result/c/00fe8d4e-f8ef-4e37-a105-06a125efa3e6
2026-04-03T06:15:25.278368,astound,eth0,50.38,53.35,10.03,1.12,Astound Broadband,"Port Orchard, WA, United States",https://www.speedtest.net/result/c/767ccaa5-ca0e-46d7-8517-235fd2ede6ca
2026-04-03T06:30:31.334770,astound,eth0,50.13,54.33,10.82,0.45,Astound Broadband,"Port Orchard, WA, United States",https://www.speedtest.net/result/c/88433385-b3fb-48cc-97ee-5d593e149703
2026-04-03T06:45:21.740175,astound,eth0,50.34,51.34,10.74,0.18,Astound Broadband,"Port Orchard, WA, United States",https://www.speedtest.net/result/c/76af4218-71d0-49c6-bbf3-0a8262aa623a
2026-04-03T07:00:26.196637,astound,eth0,50.16,52.29,10.82,4.86,Astound Broadband,"Port Orchard, WA, United States",https://www.speedtest.net/result/c/2f2f717f-b0ad-477e-a8fd-d5aa234f2b66
2026-04-03T07:15:23.537489,astound,eth0,50.59,52.39,11.55,1.9,EZEE Fiber,"Seattle, WA, United States",https://www.speedtest.net/result/c/1f213d73-30d6-4e8a-a62e-b7eec9c25b4e
2026-04-03T07:30:30.283262,astound,eth0,48.4,52.26,15.51,3.44,Astound Broadband,"Port Orchard, WA, United States",https://www.speedtest.net/result/c/905b3c1a-89db-4bd5-a0e9-be7fb1c31018
2026-04-03T07:45:22.599834,astound,eth0,49.83,51.81,10.72,0.25,Astound Broadband,"Port Orchard, WA, United States",https://www.speedtest.net/result/c/07ab4bea-a406-4c5b-945e-81e78cf47a12
2026-04-03T08:00:33.056972,astound,eth0,48.76,52.11,10.08,1.28,Astound Broadband,"Port Orchard, WA, United States",https://www.speedtest.net/result/c/37f181b0-8e10-47e9-ad37-21e81b9ace55
2026-04-03T08:15:25.123540,astound,eth0,50.01,52.19,10.73,0.48,Astound Broadband,"Port Orchard, WA, United States",https://www.speedtest.net/result/c/1be29415-0cb8-47c3-ac19-b0de8b265489
2026-04-03T08:30:26.281370,astound,eth0,49.47,52.19,10.76,0.11,Astound Broadband,"Port Orchard, WA, United States",https://www.speedtest.net/result/c/d1fad482-272f-4b32-8c4d-fa5f558c2a15
2026-04-03T08:45:26.310551,astound,eth0,48.44,52.21,10.81,0.59,Astound Broadband,"Port Orchard, WA, United States",https://www.speedtest.net/result/c/7437b03a-1458-44f0-aad3-c3eb57b3e593
2026-04-03T09:00:29.865044,astound,eth0,50.38,52.15,10.95,0.65,Astound Broadband,"Seattle, WA, United States",https://www.speedtest.net/result/c/5df383fd-e952-49af-ba50-083793391acc
2026-04-03T09:15:25.158445,astound,eth0,46.88,52.55,10.82,0.62,Astound Broadband,"Seattle, WA, United States",https://www.speedtest.net/result/c/05bcbb27-c9cd-48d0-a6fe-68c7975c0a82
2026-04-03T09:30:26.665299,astound,eth0,50.24,52.07,11.55,1.23,Astound Broadband,"Port Orchard, WA, United States",https://www.speedtest.net/result/c/4f47bae6-33a8-45c4-ae50-c59a9c424df2
2026-04-03T09:45:35.170074,astound,eth0,49.57,53.49,8.33,2.15,Ziply Fiber,"Seattle, WA, United States",https://www.speedtest.net/result/c/aeea5627-f231-4a3d-94ef-5f42de4b760f
2026-04-03T10:00:25.224872,astound,eth0,49.64,52.4,10.68,1.17,Astound Broadband,"Port Orchard, WA, United States",https://www.speedtest.net/result/c/a35cc566-1b1f-43f1-a0e3-b66a2a17c2c5
2026-04-03T10:15:35.860877,astound,eth0,50.0,52.23,10.77,0.15,Astound Broadband,"Port Orchard, WA, United States",https://www.speedtest.net/result/c/723a3e45-c03b-4bba-bed1-b627c051ac5e
2026-04-03T10:30:26.082108,astound,eth0,50.1,52.31,9.37,4.34,Astound Broadband,"Port Orchard, WA, United States",https://www.speedtest.net/result/c/c90d0cf6-ed6c-4ce3-81b6-9587f86ff7bd
2026-04-03T10:45:24.792284,astound,eth0,50.0,52.33,10.73,0.23,Astound Broadband,"Seattle, WA, United States",https://www.speedtest.net/result/c/0cfa076f-902d-46df-a88a-a0703a718175
2026-04-03T11:00:34.387626,astound,eth0,934.72,52.26,12.56,1.09,Ziply Fiber,"Seattle, WA, United States",https://www.speedtest.net/result/c/af009e8b-3475-4707-8b6a-c592737636d4
2026-04-03T11:15:30.629752,astound,eth0,939.18,52.39,10.73,0.09,Astound Broadband,"Seattle, WA, United States",https://www.speedtest.net/result/c/806ee291-7c99-4b3d-aac3-b943fe0d6558
2026-04-03T11:30:30.811007,astound,eth0,938.15,52.32,11.41,1.37,Ziply Fiber,"Seattle, WA, United States",https://www.speedtest.net/result/c/9cb4207c-e3aa-46d1-ab7d-3602a62410de
2026-04-03T11:45:28.738470,astound,eth0,887.69,51.66,7.09,1.78,EZEE Fiber,"Seattle, WA, United States",https://www.speedtest.net/result/c/a0b3e5bb-af3b-4cf1-ae18-98ac112c5e19
2026-04-03T12:00:29.603476,astound,eth0,940.07,52.26,10.91,0.89,Astound Broadband,"Port Orchard, WA, United States",https://www.speedtest.net/result/c/a4ec2122-21fa-4c5b-b247-a5bce39f4c1b
2026-04-03T12:15:28.066269,astound,eth0,938.28,52.51,10.65,0.63,Astound Broadband,"Port Orchard, WA, United States",https://www.speedtest.net/result/c/accdd078-e177-4e09-bfa6-d4471bcd56a5
2026-04-03T12:30:27.405302,astound,eth0,939.79,52.43,10.76,0.21,Astound Broadband,"Port Orchard, WA, United States",https://www.speedtest.net/result/c/3b0beaa8-acc8-41e8-a6cb-b1111a4cf825
2026-04-03T12:45:29.193701,astound,eth0,939.55,52.25,10.64,5.21,Astound Broadband,"Port Orchard, WA, United States",https://www.speedtest.net/result/c/a77359f3-fd70-41c5-acb5-1eeb6d5a8ff4
2026-04-03T13:00:33.626068,astound,eth0,938.68,52.28,10.95,0.43,Astound Broadband,"Port Orchard, WA, United States",https://www.speedtest.net/result/c/22d83b94-7980-49f2-b442-e83d155a187d
2026-04-03T13:15:29.830062,astound,eth0,939.12,52.38,11.06,0.38,Ziply Fiber,"Seattle, WA, United States",https://www.speedtest.net/result/c/caa73050-6f86-480d-aa54-26f0488883a1
2026-04-03T13:30:35.481955,astound,eth0,941.16,52.34,10.8,0.07,Ziply Fiber,"Seattle, WA, United States",https://www.speedtest.net/result/c/9cddd0b3-8bfe-4ff8-9a98-96fe1af1d569
2026-04-03T13:45:29.191270,astound,eth0,940.1,52.24,10.82,0.56,Astound Broadband,"Port Orchard, WA, United States",https://www.speedtest.net/result/c/6e20d01d-d68b-4346-8f61-8430a40df854
2026-04-03T14:00:31.523224,astound,eth0,939.8,52.5,11.37,1.24,Astound Broadband,"Port Orchard, WA, United States",https://www.speedtest.net/result/c/d3640d12-3995-4ce1-b2db-65e754a6a529
2026-04-03T14:15:31.864839,astound,eth0,338.52,52.3,10.73,0.22,Astound Broadband,"Seattle, WA, United States",https://www.speedtest.net/result/c/4f204a5d-de75-45a7-9916-881421c6e940
2026-04-03T14:30:28.533010,astound,eth0,938.25,52.39,10.74,0.07,Astound Broadband,"Port Orchard, WA, United States",https://www.speedtest.net/result/c/3aefd383-6600-4ddd-a605-b85748c06b50
2026-04-03T14:45:28.038747,astound,eth0,938.55,52.21,10.76,0.1,Astound Broadband,"Port Orchard, WA, United States",https://www.speedtest.net/result/c/6dd7aad6-9936-4080-a1cb-bae38c452e1a
2026-04-03T15:00:39.774842,astound,eth0,939.77,52.25,10.86,0.7,Astound Broadband,"Port Orchard, WA, United States",https://www.speedtest.net/result/c/d9f55fe8-a669-495b-a953-d3fce1b5f6b2
2026-04-03T15:15:31.129324,astound,eth0,939.15,52.28,10.82,0.58,Astound Broadband,"Port Orchard, WA, United States",https://www.speedtest.net/result/c/19f685d9-a59a-41c3-8ce8-945164ecbe0c
2026-04-03T15:30:27.926008,astound,eth0,939.0,52.31,11.54,0.92,Astound Broadband,"Port Orchard, WA, United States",https://www.speedtest.net/result/c/332df247-88a6-4191-b9ce-75818f8fdafa
2026-04-03T15:45:33.482079,astound,eth0,939.91,52.33,10.82,0.56,Ziply Fiber,"Seattle, WA, United States",https://www.speedtest.net/result/c/074eea20-66bf-40f7-96a5-83d6cabf1b3a
2026-04-03T16:00:26.899477,astound,eth0,936.31,52.33,10.66,1.17,Astound Broadband,"Port Orchard, WA, United States",https://www.speedtest.net/result/c/d2024f59-d0d9-435d-a017-7e3dcbe6a1aa
2026-04-03T16:15:28.962553,astound,eth0,939.18,52.43,10.74,0.25,Astound Broadband,"Port Orchard, WA, United States",https://www.speedtest.net/result/c/a57f5216-c6b0-48db-bda1-0dfff4569e6c
2026-04-03T16:30:25.898432,astound,eth0,50.26,51.77,10.57,2.27,Astound Broadband,"Port Orchard, WA, United States",https://www.speedtest.net/result/c/0d29a6b1-4f08-4097-a1bb-a96119876c4c
2026-04-03T16:45:31.394251,astound,eth0,938.77,52.52,9.98,2.8,EZEE Fiber,"Seattle, WA, United States",https://www.speedtest.net/result/c/897b63de-50e5-4c6f-8128-df3709238c56
2026-04-03T17:00:29.998315,astound,eth0,937.64,52.42,10.82,0.72,EZEE Fiber,"Seattle, WA, United States",https://www.speedtest.net/result/c/d5d8888d-990e-4de4-9fbf-97de37e79172
2026-04-03T17:15:30.757694,astound,eth0,898.98,52.91,11.06,0.87,Astound Broadband,"Port Orchard, WA, United States",https://www.speedtest.net/result/c/71811483-5e4b-4fd0-8788-5544848dd585
2026-04-03T17:30:27.537604,astound,eth0,940.1,52.4,10.74,0.34,Astound Broadband,"Port Orchard, WA, United States",https://www.speedtest.net/result/c/43aafecd-9117-4c3a-9882-0db84e9a59a8
2026-04-03T17:45:30.227813,astound,eth0,886.85,53.0,10.82,0.56,Ziply Fiber,"Seattle, WA, United States",https://www.speedtest.net/result/c/b5a1ed6a-37f9-488e-94e6-ee7810632ce9
2026-04-03T18:00:38.680373,astound,eth0,921.22,52.6,11.34,0.66,Astound Broadband,"Seattle, WA, United States",https://www.speedtest.net/result/c/01a72b78-36b1-4f6f-88e4-89579716684a
2026-04-03T18:15:30.848285,astound,eth0,939.5,52.41,11.6,0.8,Astound Broadband,"Seattle, WA, United States",https://www.speedtest.net/result/c/22b7187e-fd31-4641-99d6-6502443dc9f7
2026-04-03T18:30:29.547199,astound,eth0,939.37,52.27,11.97,5.2,Astound Broadband,"Seattle, WA, United States",https://www.speedtest.net/result/c/d02f4f0c-41c0-4baf-9751-94ebbde8067f
2026-04-03T18:45:27.259670,astound,eth0,939.49,52.27,11.02,0.65,Astound Broadband,"Port Orchard, WA, United States",https://www.speedtest.net/result/c/22c48e38-d4bb-4946-875c-84ca852006a4
2026-04-03T19:00:32.320564,astound,eth0,939.83,52.24,10.77,0.49,Astound Broadband,"Port Orchard, WA, United States",https://www.speedtest.net/result/c/9f36e52f-3a5f-4fd4-8c6e-7ee0bae033d2
2026-04-03T19:15:29.008449,astound,eth0,939.17,52.18,10.73,1.23,Astound Broadband,"Port Orchard, WA, United States",https://www.speedtest.net/result/c/4494e078-80d7-44be-8bf5-02fa6c7e21de
2026-04-03T19:30:31.566838,astound,eth0,940.07,52.87,10.75,0.13,Ziply Fiber,"Seattle, WA, United States",https://www.speedtest.net/result/c/c6105035-108c-49b4-9512-fc70564b63b3
2026-04-03T19:45:30.635637,astound,eth0,939.37,52.33,10.06,3.62,Ziply Fiber,"Seattle, WA, United States",https://www.speedtest.net/result/c/ddc3c2c8-b824-4440-b546-84f40095fed8
2026-04-03T20:00:31.265710,astound,eth0,939.67,52.27,10.87,0.53,Astound Broadband,"Port Orchard, WA, United States",https://www.speedtest.net/result/c/7d006f36-58d1-4a1d-8ff9-4e5ef027399e
2026-04-03T20:15:29.269546,astound,eth0,913.43,44.7,9.22,2.36,Astound Broadband,"Seattle, WA, United States",https://www.speedtest.net/result/c/15afe1f8-2fd5-4bbf-8a5e-b878e391b780
2026-04-03T20:30:28.846856,astound,eth0,938.96,52.34,10.77,0.12,Astound Broadband,"Port Orchard, WA, United States",https://www.speedtest.net/result/c/b498e61b-3b7e-44ed-b998-135f5b08b13f
2026-04-03T20:45:29.093694,astound,eth0,938.83,52.27,10.76,0.29,Astound Broadband,"Port Orchard, WA, United States",https://www.speedtest.net/result/c/7f9e943b-0720-418a-9477-312f54b53cb0
2026-04-03T21:00:27.919130,astound,eth0,928.29,52.27,9.94,4.39,Astound Broadband,"Port Orchard, WA, United States",https://www.speedtest.net/result/c/e3250505-ce3f-40d8-8877-a879c32ce405
2026-04-03T21:15:30.789616,astound,eth0,938.83,52.74,10.38,1.97,Astound Broadband,"Seattle, WA, United States",https://www.speedtest.net/result/c/1fbe448f-cb07-4aa9-aede-58849e2ed109
2026-04-03T21:30:28.436130,astound,eth0,924.35,52.88,10.7,2.78,Astound Broadband,"Seattle, WA, United States",https://www.speedtest.net/result/c/4b7ff41f-bd61-461a-aa73-b0c57c9b8d13
2026-04-03T21:45:37.215555,astound,eth0,933.57,37.99,10.81,0.57,Ziply Fiber,"Seattle, WA, United States",https://www.speedtest.net/result/c/5da63bcc-5db5-424d-9fd7-8537288029e4
2026-04-03T22:00:29.432331,astound,eth0,939.21,52.33,10.75,0.46,Astound Broadband,"Port Orchard, WA, United States",https://www.speedtest.net/result/c/0f9f6741-e5df-4def-aef7-e27d98bfad34
2026-04-03T22:15:37.698581,astound,eth0,933.86,52.78,10.74,0.16,Astound Broadband,"Port Orchard, WA, United States",https://www.speedtest.net/result/c/84668a77-7ed1-4545-b0b2-505b1ebd582e
2026-04-03T22:30:26.887927,astound,eth0,933.49,52.26,10.74,0.46,Astound Broadband,"Port Orchard, WA, United States",https://www.speedtest.net/result/c/6e5c88a0-e2b2-45c1-9068-c40d6b40c552
2026-04-03T22:45:27.841459,astound,eth0,938.88,52.71,12.01,2.52,EZEE Fiber,"Seattle, WA, United States",https://www.speedtest.net/result/c/a5ab4de8-fa22-430f-b585-e33de52e6b10
2026-04-03T23:00:30.338854,astound,eth0,939.46,52.4,11.04,0.46,Astound Broadband,"Port Orchard, WA, United States",https://www.speedtest.net/result/c/2c457d69-40c3-47c7-aff8-db130ee3966e
2026-04-03T23:15:30.054103,astound,eth0,940.05,52.29,10.74,0.75,Astound Broadband,"Port Orchard, WA, United States",https://www.speedtest.net/result/c/421e8484-0438-4923-abaf-1af788ac639c
2026-04-03T23:30:30.313489,astound,eth0,939.81,45.05,11.27,1.33,Ziply Fiber,"Seattle, WA, United States",https://www.speedtest.net/result/c/34fb7cdc-4da3-4a24-a4a3-a48db249fc7a
2026-04-03T23:45:25.755275,astound,eth0,923.0,54.16,10.82,0.57,Astound Broadband,"Port Orchard, WA, United States",https://www.speedtest.net/result/c/a7830977-0225-447f-932d-84b26926e2b9
2026-04-04T00:00:31.673002,astound,eth0,927.85,52.29,10.91,0.61,Astound Broadband,"Port Orchard, WA, United States",https://www.speedtest.net/result/c/d49dd4c7-20ee-4dd8-9cbe-8e86314077bf
2026-04-04T00:15:33.987147,astound,eth0,932.07,54.36,11.05,1.2,Astound Broadband,"Seattle, WA, United States",https://www.speedtest.net/result/c/cd0b6aa2-7144-490a-b3f8-53a06da295e7
2026-04-04T00:30:29.979635,astound,eth0,938.53,52.29,10.67,0.95,Astound Broadband,"Port Orchard, WA, United States",https://www.speedtest.net/result/c/b9d9ab5a-0e06-44db-bb99-7e1c973aec7f
2026-04-04T00:45:27.397430,astound,eth0,939.07,52.32,10.74,0.68,EZEE Fiber,"Seattle, WA, United States",https://www.speedtest.net/result/c/d298bf15-651e-42cb-b727-d9f4839b2cac
2026-04-04T01:00:28.027184,astound,eth0,941.32,52.03,12.98,0.94,Astound Broadband,"Seattle, WA, United States",https://www.speedtest.net/result/c/7275b8c2-ca59-48f4-a49f-c0fac4229997
2026-04-04T01:15:35.806770,astound,eth0,932.22,43.13,10.72,0.09,Ziply Fiber,"Seattle, WA, United States",https://www.speedtest.net/result/c/da90f0ce-c7f7-4739-a3d9-04e9fab9d3fd
2026-04-04T01:30:35.324661,astound,eth0,940.15,52.78,10.74,0.51,Ziply Fiber,"Seattle, WA, United States",https://www.speedtest.net/result/c/b260302a-daae-4e3b-98ad-698b3f149deb
2026-04-04T01:45:29.400649,astound,eth0,940.11,52.73,10.67,0.25,Ziply Fiber,"Seattle, WA, United States",https://www.speedtest.net/result/c/aa004dde-0928-48b5-8af5-934cd1b73b34
2026-04-04T02:00:41.676691,astound,eth0,938.77,32.31,12.17,1.4,Astound Broadband,"Seattle, WA, United States",https://www.speedtest.net/result/c/edb1a31b-eea3-4ed5-b1a9-b514b180e165
2026-04-04T02:15:31.279326,astound,eth0,933.25,29.91,11.43,0.51,Astound Broadband,"Port Orchard, WA, United States",https://www.speedtest.net/result/c/741ba9b6-4ba9-4c1b-af61-d266c39f2799
2026-04-04T02:30:33.690043,astound,eth0,923.18,52.6,10.75,0.24,Astound Broadband,"Port Orchard, WA, United States",https://www.speedtest.net/result/c/57896f50-402a-4412-bb61-8c01ff388951
2026-04-04T02:45:33.646567,astound,eth0,900.1,30.6,6.86,2.0,Astound Broadband,"Port Orchard, WA, United States",https://www.speedtest.net/result/c/d3502dfe-c3b3-4919-b230-f423d205c8f4
2026-04-04T03:00:24.102144,astound,eth0,916.07,46.06,7.8,8.28,Astound Broadband,"Port Orchard, WA, United States",https://www.speedtest.net/result/c/bda975d8-7259-4341-870b-42c737a6ddfb
2026-04-04T03:15:34.227011,astound,eth0,322.03,42.96,5.72,1.75,Astound Broadband,"Seattle, WA, United States",https://www.speedtest.net/result/c/237b5533-4716-4741-8a4b-db3aa4609811
2026-04-04T03:30:33.452689,astound,eth0,923.82,19.34,10.75,0.18,Astound Broadband,"Port Orchard, WA, United States",https://www.speedtest.net/result/c/2144f53a-ae61-40e1-acb5-6952caebebed
2026-04-04T03:45:33.047094,astound,eth0,936.98,31.58,10.82,0.45,Astound Broadband,"Port Orchard, WA, United States",https://www.speedtest.net/result/c/c94f5608-6f8a-479d-a931-e96092005677
2026-04-04T04:00:35.941773,astound,eth0,929.37,26.84,12.0,0.85,"KamaTera, Inc.","Seattle, WA, United States",https://www.speedtest.net/result/c/6b8ef757-fb68-4c9e-b5aa-2cedc9de85e6
2026-04-04T04:15:32.473444,astound,eth0,932.3,39.21,10.74,0.22,Astound Broadband,"Port Orchard, WA, United States",https://www.speedtest.net/result/c/669eb18b-dad6-44ad-b03c-eab08e0d34e5
2026-04-04T04:30:30.726164,astound,eth0,937.43,52.05,10.91,5.49,Astound Broadband,"Port Orchard, WA, United States",https://www.speedtest.net/result/c/7a333c74-7754-44bd-99fc-06b9ca40f99d
2026-04-04T04:45:29.697073,astound,eth0,939.51,52.46,10.73,0.24,Astound Broadband,"Port Orchard, WA, United States",https://www.speedtest.net/result/c/b92b1b44-a006-41de-b350-c60313e81829
2026-04-04T05:00:32.299113,astound,eth0,939.85,52.32,10.8,1.31,Astound Broadband,"Port Orchard, WA, United States",https://www.speedtest.net/result/c/01c5f995-d7ce-484d-86f2-6d70945285aa
2026-04-04T05:15:32.172065,astound,eth0,938.96,50.51,11.44,1.72,EZEE Fiber,"Seattle, WA, United States",https://www.speedtest.net/result/c/70af6ea2-7b74-4f71-bbd8-67cad04c45fc
2026-04-04T05:30:29.672141,astound,eth0,928.11,18.08,10.73,0.03,Astound Broadband,"Port Orchard, WA, United States",https://www.speedtest.net/result/c/75ca92d9-f525-45ed-9ce2-3fa87479fe93
2026-04-04T05:45:28.932307,astound,eth0,933.25,15.47,10.72,0.21,Astound Broadband,"Port Orchard, WA, United States",https://www.speedtest.net/result/c/37df5347-a14b-4e85-9bb4-2a8f35629a4c
2026-04-04T06:00:32.103490,astound,eth0,929.07,52.34,10.71,0.48,Astound Broadband,"Port Orchard, WA, United States",https://www.speedtest.net/result/c/982622d5-ace8-4054-9321-3343cb09a049
2026-04-04T06:15:25.257870,astound,eth0,884.31,52.3,10.74,0.17,Astound Broadband,"Seattle, WA, United States",https://www.speedtest.net/result/c/cd53a83a-0d8b-4f0e-8bf7-10a95a2ccf0e
2026-04-04T06:30:35.047291,astound,eth0,316.28,22.87,10.86,0.75,Astound Broadband,"Seattle, WA, United States",https://www.speedtest.net/result/c/e75c3c75-385a-40ed-a508-501ee9f9ee0b
2026-04-04T06:45:27.125619,astound,eth0,932.77,52.76,10.75,0.15,Astound Broadband,"Port Orchard, WA, United States",https://www.speedtest.net/result/c/a2338127-b6d0-4aa9-8b36-109f594d0f26
2026-04-04T07:00:31.363210,astound,eth0,927.28,53.45,11.82,1.53,Astound Broadband,"Port Orchard, WA, United States",https://www.speedtest.net/result/c/6e99fcd9-1953-4be7-a19a-7b530172921e
2026-04-04T07:15:27.253653,astound,eth0,939.14,52.28,10.83,0.78,Astound Broadband,"Port Orchard, WA, United States",https://www.speedtest.net/result/c/6b6b26d7-ed94-461a-a1ab-6bd87ada0bab
2026-04-04T07:30:34.220321,astound,eth0,877.24,52.77,10.8,1.1,Astound Broadband,"Seattle, WA, United States",https://www.speedtest.net/result/c/e0828550-f25a-42ad-8909-57ff647c6f2e
2026-04-04T07:45:35.571457,astound,eth0,939.55,39.63,10.81,0.59,"KamaTera, Inc.","Seattle, WA, United States",https://www.speedtest.net/result/c/95213084-15a7-4ba4-9172-0a91b9ee9bf4
2026-04-04T08:00:31.037077,astound,eth0,937.19,52.03,10.35,1.48,Astound Broadband,"Port Orchard, WA, United States",https://www.speedtest.net/result/c/221ef36e-5d56-4cfc-aef4-3217f0b928a6
2026-04-04T08:15:28.503020,astound,eth0,931.63,51.69,10.65,1.4,Astound Broadband,"Port Orchard, WA, United States",https://www.speedtest.net/result/c/773fa31b-600f-47d7-8b60-be9fbd6ce0c9
2026-04-04T08:30:31.118773,astound,eth0,938.99,51.78,11.49,0.89,Astound Broadband,"Port Orchard, WA, United States",https://www.speedtest.net/result/c/4adb2f3f-1b7b-4a39-a54d-a4a3bae941dd
2026-04-04T08:45:31.382057,astound,eth0,923.01,37.45,10.82,1.58,Astound Broadband,"Seattle, WA, United States",https://www.speedtest.net/result/c/e6590faa-eb79-4df0-bc15-582b5995b86b
2026-04-04T09:00:34.544501,astound,eth0,938.43,52.26,10.79,0.12,Astound Broadband,"Port Orchard, WA, United States",https://www.speedtest.net/result/c/34f6efaa-0d7a-461f-aee8-6320a830ec60
2026-04-04T09:15:31.818424,astound,eth0,939.39,52.31,10.66,1.6,Astound Broadband,"Port Orchard, WA, United States",https://www.speedtest.net/result/c/dcdf3d99-433d-4097-8a10-cdf23289c915
2026-04-04T09:30:28.268071,astound,eth0,939.57,52.25,10.82,0.25,Astound Broadband,"Port Orchard, WA, United States",https://www.speedtest.net/result/c/38f4735d-8bf4-4770-8939-c4fd470baace
2026-04-04T09:45:30.439734,astound,eth0,939.92,52.26,11.28,1.44,Ziply Fiber,"Seattle, WA, United States",https://www.speedtest.net/result/c/4e853cc1-a044-4205-8239-1dbf9189e763
2026-04-04T10:00:28.891820,astound,eth0,938.77,52.14,10.77,0.71,Astound Broadband,"Port Orchard, WA, United States",https://www.speedtest.net/result/c/fa055512-4277-4ef1-9387-39c0982dd3dd
2026-04-04T10:15:30.187725,astound,eth0,936.19,52.25,10.71,0.24,Astound Broadband,"Port Orchard, WA, United States",https://www.speedtest.net/result/c/359367cc-ca03-45ce-99c0-7e2bd5b32dd3
2026-04-04T10:30:25.550241,astound,eth0,50.1,51.57,10.71,0.13,Astound Broadband,"Port Orchard, WA, United States",https://www.speedtest.net/result/c/51c49089-f02c-4f04-a1df-f1b377586493
2026-04-04T10:45:31.827233,astound,eth0,939.11,52.26,10.96,1.04,Ziply Fiber,"Seattle, WA, United States",https://www.speedtest.net/result/c/864edc4f-60f6-4abc-bbe1-635cfd1e720b
2026-04-04T11:00:28.476512,astound,eth0,938.9,52.27,9.53,2.87,Astound Broadband,"Port Orchard, WA, United States",https://www.speedtest.net/result/c/9c403cec-2903-4e45-ab9a-29b6e5221f52
2026-04-04T11:15:29.818079,astound,eth0,938.9,52.27,10.74,0.2,Astound Broadband,"Port Orchard, WA, United States",https://www.speedtest.net/result/c/ec378b81-3b66-46fb-8495-f8a4ff1f0cb5
2026-04-04T11:30:32.219738,astound,eth0,939.71,51.33,11.82,4.52,Comcast,"Seattle, WA, United States",https://www.speedtest.net/result/c/c1dbe8e9-dd56-44e5-b4e2-50b66f5bf77b
2026-04-04T11:45:28.120551,astound,eth0,939.14,52.26,6.39,3.55,Astound Broadband,"Port Orchard, WA, United States",https://www.speedtest.net/result/c/6f5bb4e5-fd52-4c42-8b39-8f809c7e8fd6
2026-04-04T12:00:34.202829,astound,eth0,939.53,37.04,11.56,1.36,"KamaTera, Inc.","Seattle, WA, United States",https://www.speedtest.net/result/c/321efd1a-5bfb-4c29-8f82-f8cdd69b8502
2026-04-04T12:15:23.777920,astound,eth0,822.77,52.07,10.74,0.21,Astound Broadband,"Seattle, WA, United States",https://www.speedtest.net/result/c/57d2780d-0f76-4ca8-b158-5243bcbbe798
2026-04-04T12:30:26.530455,astound,eth0,49.48,52.23,10.82,0.42,Ziply Fiber,"Seattle, WA, United States",https://www.speedtest.net/result/c/c857c70c-45b5-4c4e-9f94-03e375b12aa3
2026-04-04T12:45:30.574599,astound,eth0,939.21,52.19,11.36,1.37,EZEE Fiber,"Seattle, WA, United States",https://www.speedtest.net/result/c/46a6c2e2-29cb-4fe2-9ce2-ffd1f76eeecb
2026-04-04T13:00:32.040434,astound,eth0,939.2,52.21,10.8,0.57,Astound Broadband,"Port Orchard, WA, United States",https://www.speedtest.net/result/c/29ea8998-12c4-46c4-b931-bcbc042c87cb
2026-04-04T13:15:33.384734,astound,eth0,228.93,51.93,10.72,0.21,Astound Broadband,"Seattle, WA, United States",https://www.speedtest.net/result/c/886dfa73-5ce9-47fa-8f24-499aeeb0ed66
2026-04-04T13:30:33.087247,astound,eth0,210.92,51.68,10.62,2.35,Astound Broadband,"Seattle, WA, United States",https://www.speedtest.net/result/c/a0128f25-49f5-4b61-bd2d-ef43f34b617c
2026-04-04T13:45:27.160292,astound,eth0,917.97,52.17,10.76,0.27,Astound Broadband,"Port Orchard, WA, United States",https://www.speedtest.net/result/c/7f5dd41e-54c9-49f3-b22f-3c50f15844bc
2026-04-04T14:00:31.190266,astound,eth0,932.75,52.28,10.78,0.9,Astound Broadband,"Port Orchard, WA, United States",https://www.speedtest.net/result/c/5745c98f-b490-465b-8e6a-bb5e1948b271
2026-04-04T14:15:34.385648,astound,eth0,701.6,52.24,4.68,0.92,Astound Broadband,"Seattle, WA, United States",https://www.speedtest.net/result/c/c40cca30-a78e-48d2-85c0-dc9312cb6419
2026-04-04T14:30:27.848732,astound,eth0,927.46,52.14,5.76,1.7,Astound Broadband,"Port Orchard, WA, United States",https://www.speedtest.net/result/c/8c6a56cc-e8c1-4947-87ef-8ae212e56ee4
2026-04-04T14:45:27.616971,astound,eth0,926.22,52.15,10.73,0.51,Astound Broadband,"Port Orchard, WA, United States",https://www.speedtest.net/result/c/aaee60c1-698d-400f-bbd1-7349e7da8d73
2026-04-04T15:00:28.606709,astound,eth0,927.15,52.2,11.8,1.12,EZEE Fiber,"Seattle, WA, United States",https://www.speedtest.net/result/c/af14b490-e717-4b6e-994b-ac384f96ce00
2026-04-04T15:15:28.881260,astound,eth0,926.45,52.21,8.01,2.34,Astound Broadband,"Port Orchard, WA, United States",https://www.speedtest.net/result/c/be0b2756-99c9-477b-b688-81bce75dce69
2026-04-04T15:30:30.591604,astound,eth0,939.42,52.38,10.74,0.3,Astound Broadband,"Port Orchard, WA, United States",https://www.speedtest.net/result/c/d2a119e2-34ce-433a-adba-0287e5520d9a
2026-04-04T15:45:29.821384,astound,eth0,934.06,52.21,11.26,2.64,Astound Broadband,"Port Orchard, WA, United States",https://www.speedtest.net/result/c/65a1262d-a664-4956-b7e7-f6dd83c842b7
2026-04-04T16:00:27.660427,astound,eth0,938.56,52.36,11.04,0.95,Astound Broadband,"Port Orchard, WA, United States",https://www.speedtest.net/result/c/4930c5d5-5b3d-42d8-b6c0-823a050bfc8c
2026-04-04T16:15:28.253894,astound,eth0,940.85,52.27,11.42,1.74,CenturyLink,"Seattle, WA, United States",https://www.speedtest.net/result/c/a766be34-ab24-4f69-8597-b4030fe65ed9
2026-04-04T16:30:29.101918,astound,eth0,938.66,52.24,10.7,2.47,Astound Broadband,"Port Orchard, WA, United States",https://www.speedtest.net/result/c/48359f89-79fb-4970-8d5f-6adec4613ef8
2026-04-04T16:45:27.686113,astound,eth0,938.06,52.03,11.03,5.24,Astound Broadband,"Port Orchard, WA, United States",https://www.speedtest.net/result/c/d52140d9-2a67-48c5-8b27-7533c4cf0d81
2026-04-04T17:00:38.822244,astound,eth0,930.95,52.17,6.98,1.13,Ziply Fiber,"Seattle, WA, United States",https://www.speedtest.net/result/c/ae1e4108-1572-4e3b-bce4-290eb341f82e
2026-04-04T17:15:24.072276,astound,eth0,938.07,52.1,10.42,0.99,Astound Broadband,"Port Orchard, WA, United States",https://www.speedtest.net/result/c/ed7043ee-8cac-4984-bd73-75e8fdd10280
2026-04-04T17:30:28.529742,astound,eth0,915.21,52.17,9.94,2.71,Astound Broadband,"Seattle, WA, United States",https://www.speedtest.net/result/c/e233ac30-f090-47a2-9b26-ebf5c5bbac1f
2026-04-04T17:45:25.236653,astound,eth0,914.02,51.84,9.41,3.64,Astound Broadband,"Port Orchard, WA, United States",https://www.speedtest.net/result/c/71a20571-3251-412f-97a6-712c14386681
2026-04-04T18:00:30.789585,astound,eth0,928.59,52.16,10.71,0.12,Astound Broadband,"Port Orchard, WA, United States",https://www.speedtest.net/result/c/0ef4d97e-b5c0-44f9-824c-ab2e77de3d32
2026-04-04T18:15:27.429980,astound,eth0,915.1,52.13,9.53,3.73,Astound Broadband,"Port Orchard, WA, United States",https://www.speedtest.net/result/c/461eb7eb-3073-4bdd-a98e-984110bcd8ac
2026-04-04T18:30:29.762685,astound,eth0,938.14,52.24,11.13,0.36,Astound Broadband,"Port Orchard, WA, United States",https://www.speedtest.net/result/c/bf805523-c37f-44f0-9375-8b0f3c5effba
2026-04-04T18:45:29.541267,astound,eth0,938.87,51.99,7.06,6.33,Ziply Fiber,"Seattle, WA, United States",https://www.speedtest.net/result/c/9751aa5d-26e7-4e33-a6c2-f6d8b9244370
2026-04-04T19:00:29.933746,astound,eth0,933.45,52.29,10.82,0.59,Astound Broadband,"Port Orchard, WA, United States",https://www.speedtest.net/result/c/43dc206c-4db1-4868-aa5a-f3484d7ef403
2026-04-04T19:15:28.917995,astound,eth0,931.46,52.26,5.46,2.28,Astound Broadband,"Port Orchard, WA, United States",https://www.speedtest.net/result/c/30d07729-3324-436e-8ccf-910dbe8c3ab1
2026-04-04T19:30:26.515018,astound,eth0,933.09,51.59,10.11,7.79,Astound Broadband,"Port Orchard, WA, United States",https://www.speedtest.net/result/c/0688c7be-2e4b-4e34-a610-44399ea3c8f6
2026-04-04T19:45:26.605428,astound,eth0,932.05,52.16,10.75,0.18,Astound Broadband,"Port Orchard, WA, United States",https://www.speedtest.net/result/c/ed734e56-05a9-497d-97c5-1797e6cc1d33
2026-04-04T20:00:32.035574,astound,eth0,890.43,44.77,11.41,4.74,Astound Broadband,"Port Orchard, WA, United States",https://www.speedtest.net/result/c/62d9f26d-8c2b-44e4-9e88-62afd56f8690
2026-04-04T20:15:28.648953,astound,eth0,934.68,52.24,10.81,0.3,Astound Broadband,"Port Orchard, WA, United States",https://www.speedtest.net/result/c/4a3e2148-99b4-4a7f-8798-375692616f66
2026-04-04T20:30:28.209517,astound,eth0,932.65,51.46,5.88,2.1,Astound Broadband,"Port Orchard, WA, United States",https://www.speedtest.net/result/c/8dbd1163-3f96-4c38-9da7-ca012c94b4d3
2026-04-04T20:45:27.952071,astound,eth0,920.72,51.93,4.33,1.74,Astound Broadband,"Port Orchard, WA, United States",https://www.speedtest.net/result/c/7290728f-1919-4253-9851-dde0b78cb275
2026-04-04T21:00:30.933317,astound,eth0,930.88,52.18,10.89,1.03,Astound Broadband,"Port Orchard, WA, United States",https://www.speedtest.net/result/c/529eeaec-3aa7-44bf-a096-93017293411e
2026-04-04T21:15:30.479318,astound,eth0,928.82,52.39,9.55,2.64,Astound Broadband,"Port Orchard, WA, United States",https://www.speedtest.net/result/c/8e2faa8e-b1f6-4d75-9ae3-c9ea503186ea
2026-04-04T21:30:28.782863,astound,eth0,929.44,52.29,10.75,0.27,Ziply Fiber,"Seattle, WA, United States",https://www.speedtest.net/result/c/fc3dad96-d419-481b-b49a-c0ebaff9ad99
2026-04-04T21:45:28.433677,astound,eth0,932.49,52.1,12.29,0.56,Comcast,"Seattle, WA, United States",https://www.speedtest.net/result/c/87efb370-3d8f-406e-8573-7f2c1bcfc46e
2026-04-04T22:00:31.129523,astound,eth0,923.98,52.31,10.78,0.17,Astound Broadband,"Port Orchard, WA, United States",https://www.speedtest.net/result/c/85da6de8-5563-4b86-83f1-c2e3b3890f56
2026-04-04T22:15:29.347652,astound,eth0,937.59,52.23,11.36,0.76,EZEE Fiber,"Seattle, WA, United States",https://www.speedtest.net/result/c/54c8b772-04af-4602-89ca-a635a6fb635c
2026-04-04T22:30:29.784490,astound,eth0,931.79,51.11,7.0,3.27,Astound Broadband,"Seattle, WA, United States",https://www.speedtest.net/result/c/f02d8f67-baa9-42b2-9670-977820b800ff
2026-04-04T22:45:27.260443,astound,eth0,934.62,52.31,10.84,1.41,Astound Broadband,"Seattle, WA, United States",https://www.speedtest.net/result/c/e4945efa-b952-4fd2-ada2-f66cb97a3788
2026-04-04T23:00:31.090071,astound,eth0,934.73,52.24,11.4,2.32,EZEE Fiber,"Seattle, WA, United States",https://www.speedtest.net/result/c/3ef83051-e30c-4bb4-95d3-0a51ffd83ee6
2026-04-04T23:15:29.923946,astound,eth0,938.28,52.29,10.76,0.7,Astound Broadband,"Port Orchard, WA, United States",https://www.speedtest.net/result/c/81a61dc3-a67b-470f-8928-eba25a2b82bf
2026-04-04T23:30:25.976650,astound,eth0,907.91,51.94,9.36,2.75,Astound Broadband,"Port Orchard, WA, United States",https://www.speedtest.net/result/c/9513b798-795c-429c-be02-e04b61d7ff6f
2026-04-04T23:45:27.269020,astound,eth0,939.66,52.34,10.74,0.06,Astound Broadband,"Port Orchard, WA, United States",https://www.speedtest.net/result/c/45da6447-ac79-492b-a897-d82b218f07bb
2026-04-05T00:00:24.932479,astound,eth0,938.56,52.12,10.83,1.04,EZEE Fiber,"Seattle, WA, United States",https://www.speedtest.net/result/c/875e9005-7d39-4be4-8565-b2ac68a24684
2026-04-05T00:15:29.999822,astound,eth0,941.27,52.39,10.74,0.24,Ziply Fiber,"Seattle, WA, United States",https://www.speedtest.net/result/c/9ce25d10-b9c8-4d5c-857d-ac8ab94c4886
2026-04-05T00:30:35.917188,astound,eth0,940.01,52.67,10.76,0.21,Ziply Fiber,"Seattle, WA, United States",https://www.speedtest.net/result/c/e5c4c23b-6ce4-4039-abee-50585e6099ee
2026-04-05T00:45:27.633488,astound,eth0,939.36,52.27,11.95,1.84,Astound Broadband,"Port Orchard, WA, United States",https://www.speedtest.net/result/c/6b0e5a03-0f75-4ae0-b275-db2129536253
2026-04-05T01:00:29.130135,astound,eth0,938.55,52.32,11.55,4.49,Astound Broadband,"Port Orchard, WA, United States",https://www.speedtest.net/result/c/62aaf1eb-a58f-4d37-9a6d-1503c255125c
2026-04-05T01:15:32.602001,astound,eth0,707.88,52.28,10.74,0.18,Astound Broadband,"Seattle, WA, United States",https://www.speedtest.net/result/c/35bdaff6-a257-4e5d-b95e-921d3a9dde72
2026-04-05T01:30:29.587075,astound,eth0,939.82,52.35,10.73,0.38,Astound Broadband,"Port Orchard, WA, United States",https://www.speedtest.net/result/c/3b7ad723-7277-4024-8c87-d194d8403674
2026-04-05T01:45:28.035369,astound,eth0,939.3,52.3,10.76,0.14,EZEE Fiber,"Seattle, WA, United States",https://www.speedtest.net/result/c/7db5035f-2203-42cd-84c6-92f3a928c565
2026-04-05T02:00:31.476083,astound,eth0,938.57,52.31,10.77,0.13,Astound Broadband,"Port Orchard, WA, United States",https://www.speedtest.net/result/c/f73b56f9-4e7d-4d2f-b967-53a222110b95
2026-04-05T02:15:30.430917,astound,eth0,938.94,52.27,10.74,0.19,Astound Broadband,"Port Orchard, WA, United States",https://www.speedtest.net/result/c/f706ca11-2a02-4c96-871d-c9e9ac293563
2026-04-05T02:30:28.053496,astound,eth0,939.67,52.24,10.73,0.1,Astound Broadband,"Port Orchard, WA, United States",https://www.speedtest.net/result/c/86a86c46-796f-46d4-9974-62e8057d5543
2026-04-05T02:45:28.990116,astound,eth0,939.59,52.28,10.61,3.22,Astound Broadband,"Port Orchard, WA, United States",https://www.speedtest.net/result/c/827e2fea-717b-4a7e-9265-c55c576962b4
2026-04-05T03:00:36.496196,astound,eth0,825.6,52.36,12.4,2.24,Ziply Fiber,"Seattle, WA, United States",https://www.speedtest.net/result/c/6ead5041-53f5-4956-b60b-c72bec35f089
2026-04-05T03:15:35.008227,astound,eth0,384.34,52.28,9.36,2.7,Astound Broadband,"Seattle, WA, United States",https://www.speedtest.net/result/c/ff6337f0-6fa3-4f97-ab08-1a31f20f25af
2026-04-05T03:30:28.243130,astound,eth0,938.85,52.23,10.91,0.8,EZEE Fiber,"Seattle, WA, United States",https://www.speedtest.net/result/c/322ffc0e-353c-4f0d-95db-77908013112d
2026-04-05T03:45:26.952158,astound,eth0,939.2,52.26,10.82,1.26,Astound Broadband,"Seattle, WA, United States",https://www.speedtest.net/result/c/622a6bce-3843-4d14-8c1b-d33ad947a7cc
2026-04-05T04:00:30.687137,astound,eth0,939.87,52.29,10.59,0.57,Astound Broadband,"Port Orchard, WA, United States",https://www.speedtest.net/result/c/defbfd93-9606-4c40-aaad-a48e19461007
2026-04-05T04:15:27.688132,astound,eth0,939.4,52.3,10.75,0.1,EZEE Fiber,"Seattle, WA, United States",https://www.speedtest.net/result/c/7854885e-95d9-4597-b7b5-63e03ed150aa
2026-04-05T04:30:33.759537,astound,eth0,939.25,41.84,10.71,0.21,"KamaTera, Inc.","Seattle, WA, United States",https://www.speedtest.net/result/c/46099ab8-9091-4e4d-bcc4-b6b967150d43
2026-04-05T04:45:28.549304,astound,eth0,939.66,52.27,10.76,0.12,Ziply Fiber,"Seattle, WA, United States",https://www.speedtest.net/result/c/2bc29862-14b6-41f6-9338-ed4c8528a85b
2026-04-05T05:00:31.501999,astound,eth0,937.92,52.29,10.89,0.68,Astound Broadband,"Port Orchard, WA, United States",https://www.speedtest.net/result/c/c43c3a9a-6861-4620-bde2-f0115f348226
2026-04-05T05:15:28.626945,astound,eth0,935.84,53.0,10.74,0.34,EZEE Fiber,"Seattle, WA, United States",https://www.speedtest.net/result/c/17f93265-a0b2-49a1-9fa9-97acc9a1b159
2026-04-05T05:30:31.733128,astound,eth0,940.88,52.25,11.25,0.9,Ziply Fiber,"Seattle, WA, United States",https://www.speedtest.net/result/c/5fe7b4b1-872f-4e61-8353-254bb83a1308
2026-04-05T05:45:27.636744,astound,eth0,938.18,52.29,10.76,1.16,Astound Broadband,"Seattle, WA, United States",https://www.speedtest.net/result/c/ec0ec6e9-4922-4940-afb6-29646bc30cbd
2026-04-05T06:00:37.103729,astound,eth0,936.76,52.31,12.18,1.06,Astound Broadband,"Seattle, WA, United States",https://www.speedtest.net/result/c/06a77852-c68f-4875-a9b3-8332ec9df396
2026-04-05T06:15:28.698235,astound,eth0,939.93,52.4,10.74,0.19,EZEE Fiber,"Seattle, WA, United States",https://www.speedtest.net/result/c/0b78d99d-7be5-495d-9f72-99b83a87dc71
2026-04-05T06:30:34.902951,astound,eth0,937.19,22.2,10.75,4.29,EZEE Fiber,"Seattle, WA, United States",https://www.speedtest.net/result/c/55ee0a9b-256b-4557-ad75-4c81afc222ff
2026-04-05T06:45:28.472174,astound,eth0,930.76,54.01,10.75,0.15,EZEE Fiber,"Seattle, WA, United States",https://www.speedtest.net/result/c/6b3b821f-1e4a-4ab1-8539-c29286739689
2026-04-05T07:00:27.813171,astound,eth0,939.36,52.33,10.73,0.15,Astound Broadband,"Port Orchard, WA, United States",https://www.speedtest.net/result/c/5285c737-de33-42ee-8606-c6c35d82c863
2026-04-05T07:15:32.916534,astound,eth0,938.33,52.87,10.72,0.23,Astound Broadband,"Port Orchard, WA, United States",https://www.speedtest.net/result/c/f05c5f52-53f0-44e4-8229-621af7c1c8f5
2026-04-05T07:30:33.358724,astound,eth0,940.13,52.08,11.4,2.18,Astound Broadband,"Port Orchard, WA, United States",https://www.speedtest.net/result/c/d47e580f-4a8f-435d-848c-752f0ab3f4d5
2026-04-05T07:45:26.290892,astound,eth0,935.84,52.37,10.6,1.8,Astound Broadband,"Seattle, WA, United States",https://www.speedtest.net/result/c/f7bad9bb-9c39-421e-84b2-36c56edaddd3
2026-04-05T08:00:30.565867,astound,eth0,936.94,52.54,10.83,0.44,Astound Broadband,"Port Orchard, WA, United States",https://www.speedtest.net/result/c/05d237c9-413c-48f7-b7e1-78e66bb6e64d
2026-04-05T08:15:31.425976,astound,eth0,270.88,52.29,10.73,1.67,Astound Broadband,"Seattle, WA, United States",https://www.speedtest.net/result/c/beaf5413-1924-4535-8eb5-fa23860ee93d
2026-04-05T08:30:28.702668,astound,eth0,930.24,52.14,14.37,6.77,Astound Broadband,"Port Orchard, WA, United States",https://www.speedtest.net/result/c/8a709975-b690-4d4c-a096-8bfdd10962fa
2026-04-05T08:45:28.027351,astound,eth0,932.01,52.27,10.94,0.34,Astound Broadband,"Port Orchard, WA, United States",https://www.speedtest.net/result/c/82d4de44-19a9-49f7-a146-49803e2415ab
2026-04-05T09:00:30.356202,astound,eth0,894.38,31.47,10.63,2.16,"KamaTera, Inc.","Seattle, WA, United States",https://www.speedtest.net/result/c/498443bc-7a91-4b2d-9a07-f31421f1e137
2026-04-05T09:15:30.473630,astound,eth0,937.24,52.18,10.67,1.2,Astound Broadband,"Seattle, WA, United States",https://www.speedtest.net/result/c/1ba569ef-3cdf-435d-9849-146fab237285
2026-04-05T09:30:29.952559,astound,eth0,773.84,52.1,5.71,0.64,Astound Broadband,"Seattle, WA, United States",https://www.speedtest.net/result/c/a57928f7-1577-4d95-a413-7d201fb3a439
2026-04-05T09:45:31.318287,astound,eth0,920.12,52.34,11.06,0.91,Ziply Fiber,"Seattle, WA, United States",https://www.speedtest.net/result/c/21b2b950-391b-4698-be24-ad1d05e002f0
2026-04-05T10:00:32.040633,astound,eth0,939.62,52.33,10.74,0.48,Astound Broadband,"Port Orchard, WA, United States",https://www.speedtest.net/result/c/909a7d7f-12e7-453c-b1d4-1b3ca62c9be9
2026-04-05T10:15:28.813982,astound,eth0,933.33,52.13,4.31,0.31,Astound Broadband,"Port Orchard, WA, United States",https://www.speedtest.net/result/c/e8fabdf3-230e-4e09-941d-13edf86fbf3e
2026-04-05T10:30:30.924152,astound,eth0,938.96,52.26,11.06,0.61,Astound Broadband,"Port Orchard, WA, United States",https://www.speedtest.net/result/c/f5508a4c-c645-497c-a9d0-edf650d30cdd
2026-04-05T10:45:28.282825,astound,eth0,935.91,51.97,5.81,2.02,Astound Broadband,"Port Orchard, WA, United States",https://www.speedtest.net/result/c/3aa31fa5-eddf-4c84-b6ad-e0999c930c36
2026-04-05T11:00:37.929106,astound,eth0,924.16,48.26,11.39,3.55,Ziply Fiber,"Seattle, WA, United States",https://www.speedtest.net/result/c/12bb596c-c068-4456-85aa-4033c87c72d6
2026-04-05T11:15:25.825131,astound,eth0,904.83,52.28,10.73,0.34,Astound Broadband,"Seattle, WA, United States",https://www.speedtest.net/result/c/7334455f-5785-4375-a5ec-a45933fdf2f5
2026-04-05T11:30:25.269397,astound,eth0,931.94,51.16,7.88,1.89,EZEE Fiber,"Seattle, WA, United States",https://www.speedtest.net/result/c/d3efdf2f-7a1c-404f-baab-86bed34e3ca4
2026-04-05T11:45:27.551148,astound,eth0,899.04,52.48,7.71,2.74,Astound Broadband,"Port Orchard, WA, United States",https://www.speedtest.net/result/c/33030db6-ef85-4dae-b208-3f4accdd9946
2026-04-05T12:00:29.362986,astound,eth0,931.59,52.25,10.83,0.62,EZEE Fiber,"Seattle, WA, United States",https://www.speedtest.net/result/c/b37171f9-42ad-4fbe-909e-bdafd50fe404
2026-04-05T12:15:36.917953,astound,eth0,886.69,52.24,10.81,0.35,Ziply Fiber,"Seattle, WA, United States",https://www.speedtest.net/result/c/ce26f537-cdbd-4274-907e-88a170d8a080
2026-04-05T12:30:29.260372,astound,eth0,932.37,52.09,10.74,0.1,Astound Broadband,"Seattle, WA, United States",https://www.speedtest.net/result/c/54ea3da1-4d5f-44fa-b37c-ff14ae64d3f8
2026-04-05T12:45:30.980961,astound,eth0,930.96,52.12,10.82,0.39,Astound Broadband,"Port Orchard, WA, United States",https://www.speedtest.net/result/c/e28c36e6-dd78-429e-8061-3bf74610c644
2026-04-05T13:00:33.585666,astound,eth0,919.78,51.71,11.39,0.55,Astound Broadband,"Port Orchard, WA, United States",https://www.speedtest.net/result/c/cd803ccc-1ce8-4c80-984b-937f10e1fd74
2026-04-05T13:15:25.655036,astound,eth0,48.76,50.93,7.43,2.93,Astound Broadband,"Port Orchard, WA, United States",https://www.speedtest.net/result/c/0b2de208-ad5a-48f9-bc64-fabbcf3d5abc
2026-04-05T13:30:29.488226,astound,eth0,43.75,51.75,10.51,5.7,Ziply Fiber,"Seattle, WA, United States",https://www.speedtest.net/result/c/9264ed51-6364-4d93-b9b0-6b4457f893b2
2026-04-05T13:45:25.459745,astound,eth0,47.54,50.61,7.65,3.81,Astound Broadband,"Port Orchard, WA, United States",https://www.speedtest.net/result/c/8bbac473-2fb0-455d-9edd-2b13ff0a7b23
2026-04-05T14:00:35.386934,astound,eth0,44.89,51.11,7.76,4.22,Astound Broadband,"Port Orchard, WA, United States",https://www.speedtest.net/result/c/0c147258-3379-4548-b3af-f3878dc3fa71
2026-04-05T14:15:27.049023,astound,eth0,42.84,49.17,11.37,1.37,Astound Broadband,"Seattle, WA, United States",https://www.speedtest.net/result/c/5b43e076-010c-471e-9af3-cc942223cbb4
2026-04-05T14:30:31.009273,astound,eth0,41.92,52.14,15.24,4.54,Astound Broadband,"Port Orchard, WA, United States",https://www.speedtest.net/result/c/6ef1240d-d7df-4acb-8d21-422029e7b136
2026-04-05T14:45:37.469855,astound,eth0,46.12,52.25,10.8,1.1,Astound Broadband,"Port Orchard, WA, United States",https://www.speedtest.net/result/c/70b47a7b-704a-4c06-b093-0edbf6850bfa
2026-04-05T15:00:32.376463,astound,eth0,49.8,52.21,8.38,2.02,Astound Broadband,"Port Orchard, WA, United States",https://www.speedtest.net/result/c/8cde27bf-bde6-4b18-b5e4-0c0abc068fed
2026-04-05T15:15:23.558458,astound,eth0,50.28,52.7,11.61,0.59,Astound Broadband,"Seattle, WA, United States",https://www.speedtest.net/result/c/81cfa6ff-a817-4a7f-a388-07ebcde3b9b9
2026-04-05T15:30:30.100792,astound,eth0,49.58,52.21,10.83,1.19,Astound Broadband,"Port Orchard, WA, United States",https://www.speedtest.net/result/c/458a1238-d29b-4c53-8454-e7ecf6c143b1
2026-04-05T15:45:37.752309,astound,eth0,49.1,52.18,11.4,1.25,Ziply Fiber,"Seattle, WA, United States",https://www.speedtest.net/result/c/16ebc251-5847-4b76-8a97-5a06479a6c79
2026-04-05T16:00:35.899936,astound,eth0,49.8,52.2,11.48,1.76,Astound Broadband,"Port Orchard, WA, United States",https://www.speedtest.net/result/c/9db8e7ae-f511-42c4-b34e-a9c6b63a7d20
2026-04-05T16:15:29.204676,astound,eth0,46.44,52.14,10.86,0.51,EZEE Fiber,"Seattle, WA, United States",https://www.speedtest.net/result/c/9bcd83b0-4009-4be6-a116-2b5fe1f25da6
2026-04-05T16:30:26.063894,astound,eth0,48.25,53.18,10.98,0.5,Astound Broadband,"Seattle, WA, United States",https://www.speedtest.net/result/c/45fc5ae6-8579-4f87-acd1-ef1ed001ddc3
2026-04-05T16:45:38.336543,astound,eth0,49.75,52.28,11.96,6.5,Astound Broadband,"Port Orchard, WA, United States",https://www.speedtest.net/result/c/7b9ec7d0-ae30-49d1-b670-23881a9714ed
2026-04-05T17:00:35.061227,astound,eth0,46.61,52.22,10.74,0.22,Astound Broadband,"Port Orchard, WA, United States",https://www.speedtest.net/result/c/36d96a97-124d-405a-90bc-d7069882f38d
2026-04-05T17:15:30.073694,astound,eth0,44.67,52.1,10.66,0.92,Ziply Fiber,"Seattle, WA, United States",https://www.speedtest.net/result/c/2e30d144-ff4a-412d-87b8-254e6a80f7fa
2026-04-05T17:30:26.966297,astound,eth0,48.73,52.28,11.47,1.41,EZEE Fiber,"Seattle, WA, United States",https://www.speedtest.net/result/c/2149c5c1-94c3-4adc-b77b-c392155de594
2026-04-05T17:45:25.898230,astound,eth0,47.2,52.32,7.8,4.29,Astound Broadband,"Port Orchard, WA, United States",https://www.speedtest.net/result/c/4e674a8f-fcb8-48aa-8157-39e7208afa23
2026-04-05T18:00:38.050346,astound,eth0,40.33,51.88,11.85,2.09,Astound Broadband,"Seattle, WA, United States",https://www.speedtest.net/result/c/6a4fa878-d6a4-4a47-8b6d-7aa424dd2c5b
2026-04-05T18:15:31.320558,astound,eth0,37.91,51.64,10.75,3.84,Astound Broadband,"Seattle, WA, United States",https://www.speedtest.net/result/c/6cd02b69-1d6d-440f-8ec6-64513df01772
2026-04-05T18:30:30.540285,astound,eth0,45.71,27.59,11.45,1.78,"KamaTera, Inc.","Seattle, WA, United States",https://www.speedtest.net/result/c/6fe9d432-8659-4d75-b205-580395287044
2026-04-05T18:45:35.993554,astound,eth0,44.61,53.58,11.55,116.02,Ziply Fiber,"Seattle, WA, United States",https://www.speedtest.net/result/c/b513af31-ff5d-413b-90e1-21fba1d5ce62
2026-04-05T19:00:32.198877,astound,eth0,41.27,51.99,10.69,2.4,Astound Broadband,"Port Orchard, WA, United States",https://www.speedtest.net/result/c/577d73de-a832-42cc-8290-d67b6eb7bbc0
2026-04-05T19:15:22.696099,astound,eth0,46.38,52.02,8.77,5.1,Astound Broadband,"Port Orchard, WA, United States",https://www.speedtest.net/result/c/8b2f1062-39d7-4e8e-84fc-c0e75796849e
2026-04-05T19:30:25.658212,astound,eth0,50.3,52.28,10.62,0.99,Astound Broadband,"Seattle, WA, United States",https://www.speedtest.net/result/c/f9d1a5f5-8c6a-42ec-ac53-f13536c9e97f
2026-04-05T19:45:23.291983,astound,eth0,50.23,52.21,10.81,0.3,Ziply Fiber,"Seattle, WA, United States",https://www.speedtest.net/result/c/c90ad427-3e7e-4e0e-a343-b3362e5c7add
2026-04-05T20:00:34.218112,astound,eth0,47.67,52.04,12.99,0.87,Comcast,"Seattle, WA, United States",https://www.speedtest.net/result/c/1c372fbc-c6cb-4e33-bbe1-61ca883ca093
2026-04-05T20:15:26.998492,astound,eth0,50.17,52.25,10.81,0.23,Astound Broadband,"Seattle, WA, United States",https://www.speedtest.net/result/c/d844b927-c681-4b8f-9e58-9a2954708cde
2026-04-05T20:30:30.253071,astound,eth0,939.0,52.25,10.76,0.13,Astound Broadband,"Port Orchard, WA, United States",https://www.speedtest.net/result/c/9341d435-dff6-49cb-a1f4-46a84da8741e
2026-04-05T20:45:34.962389,astound,eth0,126.7,52.23,10.83,0.64,Astound Broadband,"Seattle, WA, United States",https://www.speedtest.net/result/c/2acb1069-cbdc-4777-b265-032e54e27a17
2026-04-05T21:00:30.319735,astound,eth0,912.77,53.5,6.07,2.39,Astound Broadband,"Port Orchard, WA, United States",https://www.speedtest.net/result/c/45b64c22-9aca-4f5e-8681-72a9425ccc31
2026-04-05T21:15:26.348086,astound,eth0,939.73,52.28,10.74,0.27,Astound Broadband,"Port Orchard, WA, United States",https://www.speedtest.net/result/c/b958dce6-6236-4508-914f-120abab60f4d
2026-04-05T21:30:34.323431,astound,eth0,126.61,52.63,10.74,0.23,Astound Broadband,"Seattle, WA, United States",https://www.speedtest.net/result/c/fca59673-9582-4d42-b473-19bb8bcaa3ea
2026-04-05T21:45:32.732012,astound,eth0,939.16,52.51,6.52,2.68,Astound Broadband,"Port Orchard, WA, United States",https://www.speedtest.net/result/c/eb623ce4-24c8-4d34-a535-f1e052bf0170
2026-04-05T22:00:28.820587,astound,eth0,938.11,52.21,11.03,0.68,Astound Broadband,"Port Orchard, WA, United States",https://www.speedtest.net/result/c/34eb2c58-29c2-487d-99f7-1fc18d5e480c
2026-04-05T22:15:28.906192,astound,eth0,939.6,52.23,10.74,0.3,EZEE Fiber,"Seattle, WA, United States",https://www.speedtest.net/result/c/6e85eddb-5bd0-455b-9d15-1c41e1361edd
2026-04-05T22:30:28.030008,astound,eth0,939.35,54.63,10.74,0.18,Astound Broadband,"Port Orchard, WA, United States",https://www.speedtest.net/result/c/dd5db86b-dadf-440e-8f61-de2b027ce5e3
2026-04-05T22:45:26.997513,astound,eth0,937.42,37.64,12.46,2.48,"KamaTera, Inc.","Seattle, WA, United States",https://www.speedtest.net/result/c/38d7ba04-7b1a-4437-a2f1-991a6a39adc8
2026-04-05T23:00:32.066917,astound,eth0,936.62,52.22,11.43,1.44,Astound Broadband,"Port Orchard, WA, United States",https://www.speedtest.net/result/c/1a20fafb-f0e1-47f5-ae5b-edca07bbf361
2026-04-05T23:15:30.353095,astound,eth0,937.4,52.25,6.7,1.73,Astound Broadband,"Port Orchard, WA, United States",https://www.speedtest.net/result/c/1bfcb64c-cc93-4e66-aa3f-c641717dc2b6
2026-04-05T23:30:26.880584,astound,eth0,937.91,52.11,10.74,0.16,Astound Broadband,"Port Orchard, WA, United States",https://www.speedtest.net/result/c/9d5a3163-a4d9-4a55-a85e-216068c9591b
2026-04-05T23:45:29.361100,astound,eth0,219.7,52.16,10.66,0.21,Astound Broadband,"Seattle, WA, United States",https://www.speedtest.net/result/c/2d2fb469-29a5-4baa-b529-4c0dfd237aec
2026-04-06T00:00:30.648857,astound,eth0,934.6,52.25,10.87,4.21,Astound Broadband,"Port Orchard, WA, United States",https://www.speedtest.net/result/c/e7f0150b-4154-413e-bff5-0a4bcf9ffbae
2026-04-06T00:15:29.491667,astound,eth0,938.28,52.35,11.41,2.33,Ziply Fiber,"Seattle, WA, United States",https://www.speedtest.net/result/c/8dd0d5b8-6c35-4284-8b1f-6c409de8c5ca
2026-04-06T00:30:30.795420,astound,eth0,939.6,52.27,10.74,0.17,Astound Broadband,"Port Orchard, WA, United States",https://www.speedtest.net/result/c/64f71abe-0087-443e-851c-ee3a16c27636
2026-04-06T00:45:29.821167,astound,eth0,940.1,51.91,11.33,4.22,"KamaTera, Inc.","Seattle, WA, United States",https://www.speedtest.net/result/c/7803c292-0fa5-4de7-95b0-33045cb3d314
2026-04-06T01:00:33.822440,astound,eth0,938.63,52.27,10.73,0.26,Astound Broadband,"Port Orchard, WA, United States",https://www.speedtest.net/result/c/0b88acac-7b79-4f81-96c5-b455e9a577ea
2026-04-06T01:15:32.335276,astound,eth0,215.66,52.18,12.18,2.16,Astound Broadband,"Seattle, WA, United States",https://www.speedtest.net/result/c/ceb02188-652c-48e0-83b3-2ce959172dcb
2026-04-06T01:30:34.390201,astound,eth0,243.11,52.24,11.39,1.0,Astound Broadband,"Seattle, WA, United States",https://www.speedtest.net/result/c/bc001544-d7a4-445e-aced-29ec68826f54
2026-04-06T01:45:35.341777,astound,eth0,122.47,41.19,10.73,0.23,Astound Broadband,"Seattle, WA, United States",https://www.speedtest.net/result/c/26c583df-8e37-43ed-81ca-3e9a5b7d3cf2
2026-04-06T02:00:32.002661,astound,eth0,925.3,52.18,10.77,0.3,Astound Broadband,"Port Orchard, WA, United States",https://www.speedtest.net/result/c/eff41c36-9f6d-4f4b-9847-9f347b241989
2026-04-06T02:15:30.581540,astound,eth0,940.17,52.76,10.71,0.09,Astound Broadband,"Port Orchard, WA, United States",https://www.speedtest.net/result/c/fbf0da53-d67a-4db6-bf70-076684fc72f0
2026-04-06T02:30:32.198494,astound,eth0,939.96,49.77,10.79,0.84,Astound Broadband,"Port Orchard, WA, United States",https://www.speedtest.net/result/c/6cd5cdc5-2593-4782-84e5-7d0697016201
2026-04-06T02:45:28.897244,astound,eth0,938.99,51.85,10.74,0.16,Astound Broadband,"Port Orchard, WA, United States",https://www.speedtest.net/result/c/50c7e496-b598-4c86-b7c3-f2bd77d6d55e
2026-04-06T03:00:35.057722,astound,eth0,398.04,17.33,10.91,0.75,Astound Broadband,"Seattle, WA, United States",https://www.speedtest.net/result/c/03c148b1-1f7e-4845-ab69-98d150a6ad56
2026-04-06T03:15:36.309110,astound,eth0,936.51,31.56,10.81,1.02,"KamaTera, Inc.","Seattle, WA, United States",https://www.speedtest.net/result/c/f5e8eb8e-ea40-4f2e-a298-bda58234a459
2026-04-06T03:30:29.846667,astound,eth0,939.3,52.02,10.79,1.13,Astound Broadband,"Port Orchard, WA, United States",https://www.speedtest.net/result/c/1a678998-6733-4d97-a4eb-fd675cfbd9e9
2026-04-06T03:45:28.594229,astound,eth0,925.84,22.67,10.73,0.2,Astound Broadband,"Port Orchard, WA, United States",https://www.speedtest.net/result/c/447a8824-731f-44a6-8f3a-3c52a36b3580
2026-04-06T04:00:34.957598,astound,eth0,928.95,31.18,10.78,0.57,Astound Broadband,"Port Orchard, WA, United States",https://www.speedtest.net/result/c/08ac93de-c54f-4fd4-99b2-76e64de25c01
2026-04-06T04:15:31.659207,astound,eth0,129.9,51.84,10.68,0.96,Astound Broadband,"Seattle, WA, United States",https://www.speedtest.net/result/c/e99dafdf-564f-4938-b4c3-5f3dd8e3a69e
2026-04-06T04:30:28.528577,astound,eth0,938.77,52.18,10.71,0.13,Astound Broadband,"Port Orchard, WA, United States",https://www.speedtest.net/result/c/fbc6839f-deae-4aad-aeb6-86176791f5ce
2026-04-06T04:45:27.821264,astound,eth0,939.52,52.56,5.78,2.85,Astound Broadband,"Port Orchard, WA, United States",https://www.speedtest.net/result/c/b0eb6b03-7637-4d1f-9244-3730fae12924
2026-04-06T05:00:30.645610,astound,eth0,939.04,52.33,10.74,0.2,Astound Broadband,"Port Orchard, WA, United States",https://www.speedtest.net/result/c/70d5614f-59b3-4e0a-987f-c5a63414d346
2026-04-06T05:15:30.032441,astound,eth0,939.24,52.35,10.79,1.26,EZEE Fiber,"Seattle, WA, United States",https://www.speedtest.net/result/c/15461685-7957-4d6f-9ff0-c0c6b2408d32
2026-04-06T05:30:28.525725,astound,eth0,940.83,52.4,10.75,0.37,Astound Broadband,"Port Orchard, WA, United States",https://www.speedtest.net/result/c/2a8e114f-cf99-446e-a3a0-1c7c3538a87e
2026-04-06T05:45:34.993780,astound,eth0,122.54,52.72,10.16,2.49,Astound Broadband,"Seattle, WA, United States",https://www.speedtest.net/result/c/bce773f9-09bd-4905-b205-6fd92651d021
2026-04-06T06:00:31.551999,astound,eth0,938.88,52.27,11.31,2.27,EZEE Fiber,"Seattle, WA, United States",https://www.speedtest.net/result/c/be942cdc-300d-4b2c-b1f4-c533a4ac87e9
2026-04-06T06:15:30.237001,astound,eth0,937.84,52.3,10.71,0.13,Astound Broadband,"Port Orchard, WA, United States",https://www.speedtest.net/result/c/65794049-6c11-46c6-8afe-2113db269909
2026-04-06T06:30:34.228383,astound,eth0,939.27,42.11,11.34,0.65,Ziply Fiber,"Seattle, WA, United States",https://www.speedtest.net/result/c/88573d96-ade7-4bf1-9bb4-9b452ad5716f
2026-04-06T06:45:31.812059,astound,eth0,143.72,52.18,10.84,0.79,Astound Broadband,"Seattle, WA, United States",https://www.speedtest.net/result/c/ba735bcc-585d-4fd6-9c9e-298edfba66a0
2026-04-06T07:00:35.407327,astound,eth0,932.86,19.18,11.64,0.78,Astound Broadband,"Port Orchard, WA, United States",https://www.speedtest.net/result/c/7fad0f10-784a-4573-9ab1-9f047a9fa23c
2026-04-06T07:15:36.447808,astound,eth0,274.22,41.89,10.68,0.42,Astound Broadband,"Seattle, WA, United States",https://www.speedtest.net/result/c/d566e674-2c9c-4380-b84d-fddf4d0f1063
2026-04-06T07:30:33.297985,astound,eth0,106.23,39.26,11.35,2.59,Astound Broadband,"Seattle, WA, United States",https://www.speedtest.net/result/c/7086c821-8ae8-43e4-bf6c-8fb24f841bbc
2026-04-06T07:45:31.708712,astound,eth0,931.99,20.93,10.72,0.06,Astound Broadband,"Port Orchard, WA, United States",https://www.speedtest.net/result/c/d1df12ba-096e-420c-9de9-8e1c96518f1d
2026-04-06T08:00:27.825115,astound,eth0,95.17,52.91,10.82,0.54,Astound Broadband,"Seattle, WA, United States",https://www.speedtest.net/result/c/bbcbc905-6c9e-4dd0-9205-38664e95ac86
2026-04-06T08:15:27.824465,astound,eth0,938.84,52.3,10.67,2.48,Astound Broadband,"Port Orchard, WA, United States",https://www.speedtest.net/result/c/b135a56d-8662-42bc-8d44-55b23419cda3
2026-04-06T08:30:34.149021,astound,eth0,108.01,52.21,11.41,5.71,Astound Broadband,"Seattle, WA, United States",https://www.speedtest.net/result/c/bf8c8790-b95d-4357-b014-67aeb817f052
2026-04-06T08:45:25.456998,astound,eth0,50.27,52.16,10.74,0.23,Astound Broadband,"Seattle, WA, United States",https://www.speedtest.net/result/c/18b8cd51-f933-4bcc-9c71-7d9566ded907
2026-04-06T09:00:27.337081,astound,eth0,50.34,52.11,10.82,1.11,EZEE Fiber,"Seattle, WA, United States",https://www.speedtest.net/result/c/06d009d5-2dbd-48ba-b413-52838e53dcc5
2026-04-06T09:15:25.330105,astound,eth0,50.1,52.19,12.25,5.04,Astound Broadband,"Port Orchard, WA, United States",https://www.speedtest.net/result/c/22b7b85e-610a-4689-8c7b-9a13661975aa
2026-04-06T09:30:31.460158,astound,eth0,47.94,22.82,9.36,2.67,Astound Broadband,"Port Orchard, WA, United States",https://www.speedtest.net/result/c/c0a19570-0cd6-422a-a367-eaf7f030a526
2026-04-06T09:45:24.166738,astound,eth0,49.56,51.73,9.28,2.26,Astound Broadband,"Port Orchard, WA, United States",https://www.speedtest.net/result/c/58fd5e86-d382-4638-af22-f6713c30510c
2026-04-06T10:00:27.140566,astound,eth0,49.94,51.53,6.98,2.51,Astound Broadband,"Port Orchard, WA, United States",https://www.speedtest.net/result/c/6088e768-0004-45c6-bd3f-fb2f5b81e974
2026-04-06T10:15:26.531961,astound,eth0,50.29,52.16,10.74,1.19,Astound Broadband,"Port Orchard, WA, United States",https://www.speedtest.net/result/c/ea831a8c-8e20-46f4-8b93-bd1c38b2d149
2026-04-06T10:30:24.946296,astound,eth0,50.04,52.27,13.14,1.0,Astound Broadband,"Port Orchard, WA, United States",https://www.speedtest.net/result/c/8738ac06-e43e-4e1c-bb3c-e76755bfadff
2026-04-06T10:45:25.676605,astound,eth0,50.33,52.26,10.73,0.05,EZEE Fiber,"Seattle, WA, United States",https://www.speedtest.net/result/c/b4c7ad51-9e3a-4638-94b3-bd7c9aa0f5b8
2026-04-06T11:00:23.864761,astound,eth0,49.15,50.56,10.75,0.24,Astound Broadband,"Port Orchard, WA, United States",https://www.speedtest.net/result/c/77591141-8575-4d9b-9309-b1b3103752b7
2026-04-06T11:15:25.274298,astound,eth0,46.54,47.84,5.59,3.88,Astound Broadband,"Seattle, WA, United States",https://www.speedtest.net/result/c/a34eb225-a862-49c6-94c5-53d5ef920b05
2026-04-06T11:30:28.865963,astound,eth0,48.97,50.86,4.93,1.74,Astound Broadband,"Seattle, WA, United States",https://www.speedtest.net/result/c/d7ce7250-a22f-42c8-aebc-6e30d877d8c6
2026-04-06T11:45:24.805381,astound,eth0,50.31,52.19,11.44,0.98,Astound Broadband,"Port Orchard, WA, United States",https://www.speedtest.net/result/c/7889f6a8-2f0c-4c6d-93f0-2aafa4856de7
2026-04-06T12:00:30.719443,astound,eth0,48.57,53.1,11.9,0.45,Astound Broadband,"Port Orchard, WA, United States",https://www.speedtest.net/result/c/21e0708b-a2f7-4422-bd77-b5c113278eab
2026-04-06T12:15:27.273467,astound,eth0,50.26,52.27,10.64,2.29,Ziply Fiber,"Seattle, WA, United States",https://www.speedtest.net/result/c/0705d20c-0296-427e-a9a5-12847233e39a
2026-04-06T12:30:37.050939,astound,eth0,30.99,52.54,7.41,3.12,Astound Broadband,"Port Orchard, WA, United States",https://www.speedtest.net/result/c/af8873b9-5d06-4ff3-a496-9e623e42a3a4
2026-04-06T12:45:24.790502,astound,eth0,50.24,52.27,11.34,2.61,EZEE Fiber,"Seattle, WA, United States",https://www.speedtest.net/result/c/d23da680-57c9-4c90-8dca-6c762d802581
2026-04-06T13:00:27.378305,astound,eth0,49.45,51.76,10.73,0.45,Astound Broadband,"Seattle, WA, United States",https://www.speedtest.net/result/c/8dc5f8a5-364f-4cac-90ab-46f5836138d7
2026-04-06T13:15:23.414409,astound,eth0,49.97,51.72,7.11,3.16,Ziply Fiber,"Seattle, WA, United States",https://www.speedtest.net/result/c/88b5f8f8-75a5-47f0-b534-63eb530e1891
2026-04-06T13:30:38.002451,astound,eth0,50.0,52.59,8.97,3.3,Ziply Fiber,"Seattle, WA, United States",https://www.speedtest.net/result/c/803e5289-f0e5-44b1-abfa-5efbf1994ee5
2026-04-06T13:45:29.290324,astound,eth0,49.83,52.19,10.74,0.22,Ziply Fiber,"Seattle, WA, United States",https://www.speedtest.net/result/c/b01f3b5d-55a5-4342-a520-710c56d3383a
2026-04-06T14:00:27.424892,astound,eth0,49.83,52.14,11.48,0.89,Astound Broadband,"Seattle, WA, United States",https://www.speedtest.net/result/c/19fd0b20-d6b4-43ad-bd4c-7d8d2e021aaf
2026-04-06T14:15:24.549006,astound,eth0,49.57,52.23,10.74,0.15,Astound Broadband,"Seattle, WA, United States",https://www.speedtest.net/result/c/3bd31b30-299e-48f6-9c52-fadc6e1b8bcb
2026-04-06T14:30:24.584704,astound,eth0,49.55,52.18,10.82,1.26,EZEE Fiber,"Seattle, WA, United States",https://www.speedtest.net/result/c/e4358bce-74ea-4810-8004-52b3348e5767
2026-04-06T14:45:25.362884,astound,eth0,47.5,52.26,10.84,0.64,Ziply Fiber,"Seattle, WA, United States",https://www.speedtest.net/result/c/da79f2f0-7bd0-4223-930d-991fbc8a8934
2026-04-06T15:00:27.423982,astound,eth0,50.24,52.43,12.19,1.61,Astound Broadband,"Port Orchard, WA, United States",https://www.speedtest.net/result/c/7ef73cd1-86a1-4c95-980e-e05ae9bb4bb4
2026-04-06T15:15:25.438320,astound,eth0,48.91,52.0,10.82,2.52,EZEE Fiber,"Seattle, WA, United States",https://www.speedtest.net/result/c/187866d4-f6b2-4b63-ae44-c8d3fc94be95
2026-04-06T15:30:27.653979,astound,eth0,49.58,52.14,10.74,0.15,Astound Broadband,"Port Orchard, WA, United States",https://www.speedtest.net/result/c/9cadc4e1-05b0-4d3d-96ab-96aea3559b49
2026-04-06T15:45:29.835006,astound,eth0,46.23,52.18,10.62,2.12,Ziply Fiber,"Seattle, WA, United States",https://www.speedtest.net/result/c/c37c3dcb-7c11-459f-8c74-79569d3e0f3d
2026-04-06T16:00:28.825984,astound,eth0,47.81,52.14,10.95,3.63,Astound Broadband,"Seattle, WA, United States",https://www.speedtest.net/result/c/130bf61b-682e-4eb8-a052-226fc75c289c
2026-04-06T16:15:25.111024,astound,eth0,47.28,51.42,10.74,0.28,Astound Broadband,"Port Orchard, WA, United States",https://www.speedtest.net/result/c/269f5d0b-ceee-4972-98c4-cb26fb47d82c
2026-04-06T16:30:36.015093,astound,eth0,47.51,34.39,10.62,3.93,Astound Broadband,"Port Orchard, WA, United States",https://www.speedtest.net/result/c/3c73384d-979c-4abb-baeb-dd72abab5bf9
2026-04-06T16:45:31.864052,astound,eth0,50.26,51.99,10.75,0.17,Astound Broadband,"Port Orchard, WA, United States",https://www.speedtest.net/result/c/25e15523-9c9f-4b12-9777-770f10b33988
2026-04-06T17:00:35.702581,astound,eth0,48.63,19.5,10.96,0.89,Astound Broadband,"Port Orchard, WA, United States",https://www.speedtest.net/result/c/d40b7e20-1692-4780-ba0c-8bfad6eb58a5
2026-04-06T17:15:38.607923,astound,eth0,44.85,51.99,35.86,14.59,Astound Broadband,"Port Orchard, WA, United States",https://www.speedtest.net/result/c/ef7d22f0-03ab-4e3a-b372-52f198b4f7a3
2026-04-06T17:30:31.173123,astound,eth0,49.96,52.22,10.82,1.48,Astound Broadband,"Port Orchard, WA, United States",https://www.speedtest.net/result/c/a319be5c-41ba-408c-bc49-0107852bcf08
2026-04-06T17:45:29.181908,astound,eth0,48.82,19.2,10.71,4.5,Astound Broadband,"Port Orchard, WA, United States",https://www.speedtest.net/result/c/0c492565-991b-4f0b-a5f8-7c2fad56a1fe
2026-04-06T18:00:30.263669,astound,eth0,48.55,32.79,10.81,0.84,EZEE Fiber,"Seattle, WA, United States",https://www.speedtest.net/result/c/308f8743-6a69-4fa5-97b0-9e234f307fd6
2026-04-06T18:15:25.899445,astound,eth0,48.43,52.24,11.73,0.74,Ziply Fiber,"Seattle, WA, United States",https://www.speedtest.net/result/c/067d56ca-712d-4488-8694-83799b6438cd
2026-04-06T18:30:33.811997,astound,eth0,49.67,30.01,10.67,1.31,Astound Broadband,"Seattle, WA, United States",https://www.speedtest.net/result/c/6a824107-d8ea-447c-9585-0dc63178fe9f
2026-04-06T18:45:33.879451,astound,eth0,49.54,19.39,10.73,0.1,Astound Broadband,"Port Orchard, WA, United States",https://www.speedtest.net/result/c/b015654b-572f-42cf-9ccc-3e9cee4359fd
2026-04-06T19:00:29.024649,astound,eth0,49.85,47.84,11.1,2.45,Astound Broadband,"Seattle, WA, United States",https://www.speedtest.net/result/c/176fc20b-4c58-4a8d-9b9e-05f46cb7becf
2026-04-06T19:15:25.869318,astound,eth0,49.86,40.09,10.72,0.91,Astound Broadband,"Port Orchard, WA, United States",https://www.speedtest.net/result/c/e91f7d1a-c88e-4c07-aa9b-7b970923fe4a
2026-04-06T19:30:28.105059,astound,eth0,49.14,22.07,10.88,0.96,Astound Broadband,"Port Orchard, WA, United States",https://www.speedtest.net/result/c/a33e6ea6-e1a5-4370-a28c-e2fc8b930fc7
2026-04-06T19:45:33.970965,astound,eth0,48.67,52.27,10.75,0.13,Astound Broadband,"Port Orchard, WA, United States",https://www.speedtest.net/result/c/0b2c6709-1893-4fb5-b56a-f34516dc1ef9
2026-04-06T20:00:25.332734,astound,eth0,50.01,53.98,14.15,10.84,Astound Broadband,"Port Orchard, WA, United States",https://www.speedtest.net/result/c/ce9d495c-6b9a-481c-b409-3a9b73e66d3e
2026-04-06T20:15:25.352083,astound,eth0,47.5,52.17,11.01,0.77,Astound Broadband,"Port Orchard, WA, United States",https://www.speedtest.net/result/c/efc59836-ffe8-4b1d-9834-64a6408cf460
2026-04-06T20:30:23.962193,astound,eth0,46.17,52.51,10.73,0.64,Astound Broadband,"Port Orchard, WA, United States",https://www.speedtest.net/result/c/546d2854-a80f-4716-9314-ab7d97bc51ee
2026-04-06T20:45:30.561200,astound,eth0,49.72,15.55,10.72,0.22,Astound Broadband,"Port Orchard, WA, United States",https://www.speedtest.net/result/c/f4aebc95-d24e-457d-9a5e-ebeeb66f0343
2026-04-06T21:00:26.375767,astound,eth0,49.11,52.19,11.99,1.38,Comcast,"Seattle, WA, United States",https://www.speedtest.net/result/c/78bb49e4-b672-4ca2-a60d-7cbd65bcc9c8
2026-04-06T21:15:30.151007,astound,eth0,49.69,52.23,10.75,0.18,Astound Broadband,"Port Orchard, WA, United States",https://www.speedtest.net/result/c/7cf4d4d5-2c13-4e75-a95e-2374882c8126
2026-04-06T21:30:29.131319,astound,eth0,49.36,52.2,10.73,0.2,Astound Broadband,"Port Orchard, WA, United States",https://www.speedtest.net/result/c/51076905-1c70-4290-95c7-0b2f8cf0fc10
2026-04-06T21:45:25.186583,astound,eth0,47.8,52.13,10.85,1.12,EZEE Fiber,"Seattle, WA, United States",https://www.speedtest.net/result/c/bdfcd0d0-e715-447c-8d4a-37daca0ee8e3
2026-04-06T22:00:28.624325,astound,eth0,49.92,52.31,10.14,3.93,Astound Broadband,"Port Orchard, WA, United States",https://www.speedtest.net/result/c/4cd6d086-65eb-4015-82c4-2dd2067ef538
2026-04-06T22:15:32.012215,astound,eth0,47.68,52.28,10.73,1.58,Astound Broadband,"Port Orchard, WA, United States",https://www.speedtest.net/result/c/e162f637-5f66-4b41-ba18-a6666c5309fd
2026-04-06T22:30:34.892803,astound,eth0,50.05,45.16,10.72,0.39,Astound Broadband,"Port Orchard, WA, United States",https://www.speedtest.net/result/c/7dc648f5-fe5d-4491-a38c-4ebfd94bca02
2026-04-06T22:45:30.184449,astound,eth0,49.29,22.03,10.77,0.56,Ziply Fiber,"Seattle, WA, United States",https://www.speedtest.net/result/c/71aaa31c-c13c-4898-a788-e54d1af8a721
2026-04-06T23:00:33.929207,astound,eth0,41.04,53.76,12.78,1.15,CenturyLink,"Seattle, WA, United States",https://www.speedtest.net/result/c/4b0fe9b0-2612-4458-aef7-cecef2495328
2026-04-06T23:15:29.463118,astound,eth0,48.9,52.29,10.74,0.17,Astound Broadband,"Port Orchard, WA, United States",https://www.speedtest.net/result/c/0b62c5d7-42f2-45af-acae-d064acd6977f
2026-04-06T23:30:23.632253,astound,eth0,49.85,52.13,10.76,0.22,Astound Broadband,"Port Orchard, WA, United States",https://www.speedtest.net/result/c/1de38b1b-700d-4731-9a4a-0902bdd1a200
2026-04-06T23:45:26.430095,astound,eth0,50.25,52.21,10.74,0.07,Ziply Fiber,"Seattle, WA, United States",https://www.speedtest.net/result/c/c29cf3b2-2df3-4b0f-8e01-c7127eb102ee
2026-04-07T00:00:23.729143,astound,eth0,50.12,52.2,10.93,0.63,Astound Broadband,"Seattle, WA, United States",https://www.speedtest.net/result/c/5c3a9d85-5ae5-45cc-b63f-45124fa9e5f0
2026-04-07T00:15:26.391909,astound,eth0,50.48,52.28,10.84,0.45,Astound Broadband,"Port Orchard, WA, United States",https://www.speedtest.net/result/c/938c9ea2-8ee4-4040-a43c-887bb06a8770
2026-04-07T00:30:27.276642,astound,eth0,50.38,52.29,10.73,0.18,Astound Broadband,"Seattle, WA, United States",https://www.speedtest.net/result/c/57010560-3ef4-4c22-9b66-b35c4909880d
2026-04-07T00:45:26.604037,astound,eth0,50.31,52.28,9.81,4.66,Astound Broadband,"Seattle, WA, United States",https://www.speedtest.net/result/c/22823512-9180-4d30-b380-ca0533bcf2d8
2026-04-07T01:00:23.662444,astound,eth0,50.24,52.18,6.27,4.39,Astound Broadband,"Port Orchard, WA, United States",https://www.speedtest.net/result/c/613100b9-8cd5-4ba2-b1ec-9f84457dc311
2026-04-07T01:15:25.578487,astound,eth0,50.15,52.27,11.71,2.03,Astound Broadband,"Port Orchard, WA, United States",https://www.speedtest.net/result/c/6caaa738-e5a1-48a1-9976-8b0893035aba
2026-04-07T01:30:26.410494,astound,eth0,50.17,52.29,10.66,4.44,Astound Broadband,"Seattle, WA, United States",https://www.speedtest.net/result/c/4a611805-07e5-40f2-88c0-a1c2e422278e
2026-04-07T01:45:25.706444,astound,eth0,50.39,52.19,8.64,1.96,Astound Broadband,"Port Orchard, WA, United States",https://www.speedtest.net/result/c/6c5950cc-ea3b-4d57-aeaf-b4f6d5373446
2026-04-07T02:00:25.002576,astound,eth0,50.07,52.23,10.4,0.66,Astound Broadband,"Port Orchard, WA, United States",https://www.speedtest.net/result/c/c5d21418-9951-4bd2-8c3f-aacbd03ce3ad
2026-04-07T02:15:22.816301,astound,eth0,50.27,52.22,10.73,0.15,Astound Broadband,"Port Orchard, WA, United States",https://www.speedtest.net/result/c/eb55a1a0-b253-44b3-8717-c2343c897ea2
2026-04-07T02:30:23.813414,astound,eth0,50.11,52.26,10.83,1.16,Astound Broadband,"Port Orchard, WA, United States",https://www.speedtest.net/result/c/a554a15d-ead0-4a80-8f44-3fa09a87bc75
2026-04-07T02:45:23.238053,astound,eth0,50.25,52.25,11.54,1.2,Astound Broadband,"Seattle, WA, United States",https://www.speedtest.net/result/c/b7ef7c92-d182-4fdf-a208-8b46e1e21fcc
2026-04-07T03:00:26.896249,astound,eth0,48.82,52.18,10.93,0.64,Astound Broadband,"Port Orchard, WA, United States",https://www.speedtest.net/result/c/2615a781-79e8-48f2-a56d-122b4cbd78e0
2026-04-07T03:15:25.246352,astound,eth0,50.29,52.26,10.66,1.36,EZEE Fiber,"Seattle, WA, United States",https://www.speedtest.net/result/c/bff49347-518f-4cbc-b26d-e006fe5c3d2f
2026-04-07T03:30:25.434547,astound,eth0,50.2,52.26,10.7,0.2,Astound Broadband,"Seattle, WA, United States",https://www.speedtest.net/result/c/0f99f279-91d8-4b12-ba79-3d09caf38f79
2026-04-07T03:45:26.345292,astound,eth0,50.26,52.2,10.71,0.85,Astound Broadband,"Port Orchard, WA, United States",https://www.speedtest.net/result/c/2d708113-b612-46df-b435-41ef6a03714f
2026-04-07T04:00:31.366894,astound,eth0,48.78,53.33,8.0,4.0,Astound Broadband,"Port Orchard, WA, United States",https://www.speedtest.net/result/c/0510c973-d367-4c7c-9994-599655759b06
2026-04-07T04:15:23.182192,astound,eth0,50.12,52.23,10.73,0.37,Astound Broadband,"Port Orchard, WA, United States",https://www.speedtest.net/result/c/a6c42509-4be7-466c-b6ee-731636fccbc6
2026-04-07T04:30:25.045284,astound,eth0,50.15,53.0,11.34,2.97,Ziply Fiber,"Seattle, WA, United States",https://www.speedtest.net/result/c/81e95bfd-8b6c-46be-abd0-68c7a892f197
2026-04-07T04:45:29.880867,astound,eth0,50.01,54.92,11.49,0.85,Astound Broadband,"Port Orchard, WA, United States",https://www.speedtest.net/result/c/92d74ae6-3a18-4c89-8e27-38f4adb3577a
2026-04-07T05:00:32.297332,astound,eth0,49.25,37.4,12.37,1.09,"KamaTera, Inc.","Seattle, WA, United States",https://www.speedtest.net/result/c/b781ebbe-b23f-498d-b6aa-1f16a0b4e4d1
2026-04-07T05:15:30.152525,astound,eth0,49.94,43.28,10.75,0.41,Astound Broadband,"Seattle, WA, United States",https://www.speedtest.net/result/c/0283671a-2526-44cb-8f1d-7793b77da47d
2026-04-07T05:30:30.904791,astound,eth0,50.03,43.36,10.1,1.58,Astound Broadband,"Seattle, WA, United States",https://www.speedtest.net/result/c/45d8e8ec-8fc5-48f5-8a74-7783f0356147
2026-04-07T05:45:28.671384,astound,eth0,50.32,49.47,11.41,0.6,EZEE Fiber,"Seattle, WA, United States",https://www.speedtest.net/result/c/ffa4fc4d-6489-4c36-9e0f-510d406f24ca
2026-04-07T06:00:25.224202,astound,eth0,50.28,52.32,11.27,2.76,Astound Broadband,"Seattle, WA, United States",https://www.speedtest.net/result/c/4609e1d2-b9cd-4764-97fc-30ec7f8d2de9
2026-04-07T06:15:25.237988,astound,eth0,50.37,52.26,10.87,1.19,Ziply Fiber,"Seattle, WA, United States",https://www.speedtest.net/result/c/87cf9c5c-b4dd-4e15-9fa4-03e1b675d2be
2026-04-07T06:30:32.014387,astound,eth0,50.36,52.29,5.89,2.22,Astound Broadband,"Port Orchard, WA, United States",https://www.speedtest.net/result/c/da182975-4b98-41ff-a59a-eecda8e5948f
2026-04-07T06:45:25.513034,astound,eth0,50.24,52.37,10.74,0.2,Ziply Fiber,"Seattle, WA, United States",https://www.speedtest.net/result/c/53324c0e-0ce3-497f-9327-4d912cc09d42
2026-04-07T07:00:27.688358,astound,eth0,50.2,52.25,10.69,2.15,EZEE Fiber,"Seattle, WA, United States",https://www.speedtest.net/result/c/fc287636-5184-43a3-ae2a-0b81011ef05a
2026-04-07T07:15:25.325408,astound,eth0,50.21,52.23,10.74,0.13,Ziply Fiber,"Seattle, WA, United States",https://www.speedtest.net/result/c/31dee5e6-852d-4e3f-a98b-952710de5b85
2026-04-07T07:30:26.032398,astound,eth0,50.36,52.26,11.1,1.5,Astound Broadband,"Seattle, WA, United States",https://www.speedtest.net/result/c/372ba6af-38fc-4016-8386-c5d83036ad40
2026-04-07T07:45:28.024174,astound,eth0,48.14,52.56,11.07,0.8,Astound Broadband,"Port Orchard, WA, United States",https://www.speedtest.net/result/c/b9b8fe60-83be-4963-9092-87df08eb3090
2026-04-07T08:00:27.395048,astound,eth0,49.68,52.33,9.9,4.57,Astound Broadband,"Port Orchard, WA, United States",https://www.speedtest.net/result/c/dead0f6d-8ddc-421e-9c80-bc5573071059
2026-04-07T08:15:26.179900,astound,eth0,50.17,52.19,10.67,0.89,Ziply Fiber,"Seattle, WA, United States",https://www.speedtest.net/result/c/162c3322-94fc-4152-acb8-6ea9ec288940
2026-04-07T08:30:25.435012,astound,eth0,50.37,52.18,10.74,0.27,Astound Broadband,"Port Orchard, WA, United States",https://www.speedtest.net/result/c/fb7a3b1d-5c08-477f-a61f-845054748166
2026-04-07T08:45:26.483804,astound,eth0,50.14,52.23,10.72,1.43,Astound Broadband,"Seattle, WA, United States",https://www.speedtest.net/result/c/9ab6e2a7-66ee-4685-b421-860ad0bca061
2026-04-07T09:00:28.330951,astound,eth0,49.8,52.3,10.46,3.64,Astound Broadband,"Port Orchard, WA, United States",https://www.speedtest.net/result/c/ab20ae6d-3fbb-4dcc-a001-a093063c4e51
2026-04-07T09:15:23.514421,astound,eth0,50.15,52.29,10.96,0.77,Astound Broadband,"Port Orchard, WA, United States",https://www.speedtest.net/result/c/4a2535a7-2348-49cf-8cdb-7ac59c03121c
2026-04-07T09:30:23.299251,astound,eth0,50.09,52.22,10.73,0.13,Ziply Fiber,"Seattle, WA, United States",https://www.speedtest.net/result/c/00986ada-97b8-491f-b8b9-7941c9dd65be
2026-04-07T09:45:24.652501,astound,eth0,48.74,52.33,11.41,0.9,Astound Broadband,"Port Orchard, WA, United States",https://www.speedtest.net/result/c/ba6cc0ec-be6e-412d-8a9b-b197a140739d
2026-04-07T10:00:28.284417,astound,eth0,49.97,25.15,6.3,2.48,Astound Broadband,"Seattle, WA, United States",https://www.speedtest.net/result/c/d39cffaf-7955-43bb-b927-0a6aee9c262e
2026-04-07T10:15:32.406016,astound,eth0,50.33,52.95,12.83,0.7,EZEE Fiber,"Seattle, WA, United States",https://www.speedtest.net/result/c/f2453a73-4628-442d-a820-a7ad008e9257
2026-04-07T10:30:28.115407,astound,eth0,50.2,40.05,6.08,3.83,Astound Broadband,"Seattle, WA, United States",https://www.speedtest.net/result/c/4dd778c4-fe3b-4774-a1ec-6db702989988
2026-04-07T10:45:24.975436,astound,eth0,50.14,52.32,11.45,1.39,Ziply Fiber,"Seattle, WA, United States",https://www.speedtest.net/result/c/db9349cd-8672-4c40-9f6f-572e77d27175
2026-04-07T11:00:31.576157,astound,eth0,50.08,52.29,9.17,2.9,Astound Broadband,"Seattle, WA, United States",https://www.speedtest.net/result/c/9696a71a-bdc2-43aa-b5ec-5cc9fde0f5fc
2026-04-07T11:15:26.735947,astound,eth0,49.6,52.56,10.72,2.84,Astound Broadband,"Seattle, WA, United States",https://www.speedtest.net/result/c/734108f3-d342-48b5-8fba-c064116ddee3
2026-04-07T11:30:27.155994,astound,eth0,49.68,51.92,10.74,1.29,Astound Broadband,"Seattle, WA, United States",https://www.speedtest.net/result/c/cda62751-6155-4f88-af40-139287aebd09
2026-04-07T11:45:24.107981,astound,eth0,49.6,52.94,11.41,1.68,Ziply Fiber,"Seattle, WA, United States",https://www.speedtest.net/result/c/4d355cbf-7986-4b62-a768-3a1801223c97
2026-04-07T12:00:26.743011,astound,eth0,49.65,51.96,10.98,0.52,Astound Broadband,"Seattle, WA, United States",https://www.speedtest.net/result/c/bad40a94-64fb-472e-bf0f-41050c9942dc
2026-04-07T12:15:24.464909,astound,eth0,49.68,51.71,10.06,0.9,Astound Broadband,"Seattle, WA, United States",https://www.speedtest.net/result/c/68293b5f-a1f3-4e25-9c0f-79a8647b68b6
2026-04-07T12:30:27.922136,astound,eth0,49.54,51.53,9.81,2.51,Astound Broadband,"Seattle, WA, United States",https://www.speedtest.net/result/c/87b55f75-64f6-4913-9082-ca641ca11cd0
2026-04-07T12:45:29.873935,astound,eth0,49.82,52.52,10.08,3.24,Astound Broadband,"Seattle, WA, United States",https://www.speedtest.net/result/c/131c6c8f-b67b-43c7-89fa-dca010caf1b3
2026-04-07T13:00:34.966246,astound,eth0,49.89,46.76,12.92,0.86,EZEE Fiber,"Seattle, WA, United States",https://www.speedtest.net/result/c/d9953c08-1f2a-4e4a-adda-d28400b8a59c
2026-04-07T13:15:28.477098,astound,eth0,49.37,40.47,11.19,0.92,"KamaTera, Inc.","Seattle, WA, United States",https://www.speedtest.net/result/c/40967d06-88bd-4876-9436-7355297ba361
2026-04-07T13:30:23.812672,astound,eth0,49.75,51.89,7.0,2.17,Ziply Fiber,"Seattle, WA, United States",https://www.speedtest.net/result/c/53cf31cd-0ade-4452-acb9-d8d156255402
2026-04-07T13:45:21.942004,astound,eth0,49.5,51.7,11.05,1.49,Astound Broadband,"Seattle, WA, United States",https://www.speedtest.net/result/c/9edd6059-5db3-4ac6-b448-3eeccdf36c9b
2026-04-07T14:00:26.158101,astound,eth0,49.21,52.35,9.54,3.51,Ziply Fiber,"Seattle, WA, United States",https://www.speedtest.net/result/c/70e53414-cacc-4268-bac4-ed5b7d063aa4
2026-04-07T14:15:39.940903,astound,eth0,50.3,50.94,11.5,1.34,Astound Broadband,"Seattle, WA, United States",https://www.speedtest.net/result/c/38effa53-fd2e-4b31-a306-b96c2a1735a6
2026-04-07T14:30:33.135264,astound,eth0,48.65,52.84,9.46,5.89,Astound Broadband,"Seattle, WA, United States",https://www.speedtest.net/result/c/1f1fb1ff-8028-4403-8b62-665004c3e619
2026-04-07T14:45:29.899140,astound,eth0,48.69,46.29,11.53,3.05,Astound Broadband,"Seattle, WA, United States",https://www.speedtest.net/result/c/1548e271-c109-4e1b-aa1f-bf14ab7e57ae
2026-04-07T15:00:35.362871,astound,eth0,50.26,24.95,12.1,1.24,"KamaTera, Inc.","Seattle, WA, United States",https://www.speedtest.net/result/c/41c2624f-f0c9-405e-8f3e-2a9464846366
2026-04-07T15:15:34.266715,astound,eth0,36.75,45.98,9.3,2.25,Astound Broadband,"Seattle, WA, United States",https://www.speedtest.net/result/c/7929d85e-1f66-4d9a-a50b-4aa0af21568f
2026-04-07T15:30:20.969032,astound,eth0,50.1,52.12,15.02,1.32,CenturyLink,"Seattle, WA, United States",https://www.speedtest.net/result/c/8de46339-3da8-4d56-8ce6-dc593de82167
2026-04-07T15:45:36.042045,astound,eth0,48.32,52.45,10.13,3.34,Ziply Fiber,"Seattle, WA, United States",https://www.speedtest.net/result/c/b191f668-1492-40ac-a13e-f634f96a0d06
2026-04-07T16:00:33.955711,astound,eth0,43.77,52.25,10.81,0.57,Astound Broadband,"Seattle, WA, United States",https://www.speedtest.net/result/c/83155f24-b812-4119-8100-e5363b732531
2026-04-07T16:15:21.476559,astound,eth0,47.73,31.65,9.27,1.43,"KamaTera, Inc.","Seattle, WA, United States",https://www.speedtest.net/result/c/1c992219-0505-45d3-8a4d-f49a3ad452b6
2026-04-07T16:30:31.653472,astound,eth0,45.72,52.29,10.76,0.33,Astound Broadband,"Seattle, WA, United States",https://www.speedtest.net/result/c/4a2cc997-b155-41bf-8d0f-9697ee2822d8
2026-04-07T16:45:34.282235,astound,eth0,45.67,52.21,11.17,0.79,Astound Broadband,"Seattle, WA, United States",https://www.speedtest.net/result/c/ecdcf19f-85b8-4bf4-8189-fd27ebc56552
2026-04-07T17:00:31.102697,astound,eth0,45.2,54.85,12.08,0.71,Astound Broadband,"Seattle, WA, United States",https://www.speedtest.net/result/c/55b2701b-210e-45ed-b1c2-02bd201af91b
2026-04-07T17:15:33.195219,astound,eth0,48.75,52.35,10.49,2.68,Ziply Fiber,"Seattle, WA, United States",https://www.speedtest.net/result/c/476e4e8d-c3c6-479c-9429-04ac7c100c77
2026-04-07T17:30:32.560378,astound,eth0,43.56,52.3,10.8,0.22,Astound Broadband,"Seattle, WA, United States",https://www.speedtest.net/result/c/e2ff9e6e-8636-4c4d-9260-84b23d1858ac
2026-04-07T17:45:25.619397,astound,eth0,50.1,52.09,10.75,0.26,Ziply Fiber,"Seattle, WA, United States",https://www.speedtest.net/result/c/f31a030e-6aa8-4a1e-9b95-45216da4b257
2026-04-07T18:00:38.823058,astound,eth0,49.75,36.04,16.53,3.41,"KamaTera, Inc.","Seattle, WA, United States",https://www.speedtest.net/result/c/f113efb4-5bf4-45f2-9147-92897ad356e8
2026-04-07T18:15:21.988903,astound,eth0,50.34,52.15,14.26,2.39,CenturyLink,"Seattle, WA, United States",https://www.speedtest.net/result/c/6e787fd2-4020-4288-9083-5bf3670a64ea
2026-04-07T18:30:33.675040,astound,eth0,41.82,52.46,18.32,1.62,Astound Broadband,"Seattle, WA, United States",https://www.speedtest.net/result/c/83cc82d0-e0b1-4b76-adae-46fa548e0ca2
2026-04-07T18:45:30.088154,astound,eth0,45.61,52.17,12.96,0.85,EZEE Fiber,"Seattle, WA, United States",https://www.speedtest.net/result/c/afb87777-1fec-4de1-a546-2e0442e3d584
2026-04-07T19:00:33.201157,astound,eth0,43.88,52.21,10.86,0.69,Astound Broadband,"Seattle, WA, United States",https://www.speedtest.net/result/c/7cc1e0a1-5fed-4687-bed7-1a6993b82466
2026-04-07T19:15:35.152184,astound,eth0,45.54,52.11,10.72,0.51,Astound Broadband,"Seattle, WA, United States",https://www.speedtest.net/result/c/0c2d4e9b-9988-4a6f-b682-3cd2425e0c6e
2026-04-07T19:30:26.664354,astound,eth0,48.35,52.14,16.55,5.3,Ziply Fiber,"Seattle, WA, United States",https://www.speedtest.net/result/c/6ff5efe8-24f3-4fd3-b266-f79b225f0f8d
2026-04-07T19:45:23.179920,astound,eth0,50.18,52.27,11.41,2.54,Ziply Fiber,"Seattle, WA, United States",https://www.speedtest.net/result/c/b5eaad94-9a63-4d6f-8791-e29170b652ad
2026-04-07T20:00:33.675475,astound,eth0,41.86,32.08,11.78,1.55,"KamaTera, Inc.","Seattle, WA, United States",https://www.speedtest.net/result/c/7bf63553-4f68-411a-8821-101206438064
2026-04-07T20:15:33.901876,astound,eth0,47.66,51.78,10.76,1.18,Astound Broadband,"Seattle, WA, United States",https://www.speedtest.net/result/c/7c4953ee-4199-4268-adaa-3b2948514971
2026-04-07T20:30:30.024430,astound,eth0,48.78,54.02,10.85,0.46,Astound Broadband,"Seattle, WA, United States",https://www.speedtest.net/result/c/b0000d62-75a8-4e89-a31c-39bd43f9eb38
2026-04-07T20:45:30.279590,astound,eth0,50.25,27.47,11.43,1.58,"KamaTera, Inc.","Seattle, WA, United States",https://www.speedtest.net/result/c/ace08de5-d36e-49b0-8fb1-fc21639bb10b
2026-04-07T21:00:30.921811,astound,eth0,47.58,52.14,10.39,3.56,Astound Broadband,"Seattle, WA, United States",https://www.speedtest.net/result/c/18b66907-986f-4163-974a-a4b0967d8ba7
2026-04-07T21:15:30.717527,astound,eth0,48.99,52.71,10.71,0.18,Astound Broadband,"Seattle, WA, United States",https://www.speedtest.net/result/c/6460e172-d48e-4432-84e5-3036d02f30d0
2026-04-07T21:30:31.812999,astound,eth0,48.25,21.59,10.47,1.08,"KamaTera, Inc.","Seattle, WA, United States",https://www.speedtest.net/result/c/2c40573a-40b2-471e-9159-4a718d479fb6
2026-04-07T21:45:40.084538,astound,eth0,50.88,26.04,10.57,1.78,"KamaTera, Inc.","Seattle, WA, United States",https://www.speedtest.net/result/c/d4c9f62f-3203-4ba8-a8dd-03fe61543786
2026-04-07T22:00:34.248585,astound,eth0,46.77,27.51,13.73,1.14,Astound Broadband,"Port Orchard, WA, United States",https://www.speedtest.net/result/c/f491541a-ca8f-4a32-9a58-f981dd55ffeb
2026-04-07T22:15:43.023997,astound,eth0,48.94,21.06,28.5,54.17,Astound Broadband,"Seattle, WA, United States",https://www.speedtest.net/result/c/9bb27ef0-8769-4477-991f-b276a3cbd246
2026-04-07T22:30:29.285419,astound,eth0,46.43,10.45,8.34,2.06,"KamaTera, Inc.","Seattle, WA, United States",https://www.speedtest.net/result/c/734fcfbd-964a-40f7-a81e-66898c2ce21c
2026-04-07T22:45:26.856699,astound,eth0,45.75,50.22,11.34,3.29,Astound Broadband,"Seattle, WA, United States",https://www.speedtest.net/result/c/d90c2744-9a2b-4c81-a326-bf258bc5fca3
2026-04-07T23:00:31.888519,astound,eth0,50.19,51.15,13.16,0.95,EZEE Fiber,"Seattle, WA, United States",https://www.speedtest.net/result/c/fdbb6095-a2d9-46e2-8a0f-97f57378300f
2026-04-07T23:15:39.168025,astound,eth0,50.32,42.35,12.77,0.95,Ziply Fiber,"Seattle, WA, United States",https://www.speedtest.net/result/c/a7a9c0b6-6c6a-4737-a863-a72e89193592
2026-04-07T23:30:29.343734,astound,eth0,50.27,40.99,10.73,0.17,Astound Broadband,"Seattle, WA, United States",https://www.speedtest.net/result/c/bc7243d4-2ab0-4f41-8462-cd510acadfad
2026-04-07T23:45:25.326942,astound,eth0,50.02,51.85,10.76,0.2,Astound Broadband,"Seattle, WA, United States",https://www.speedtest.net/result/c/3c6c63b2-28b0-44be-8a2c-17e64113bfdf
2026-04-08T00:00:31.630726,astound,eth0,50.13,50.9,12.84,0.97,Ziply Fiber,"Seattle, WA, United States",https://www.speedtest.net/result/c/413b3995-2835-4f68-97f6-b443eded7ca4
2026-04-08T00:15:28.168817,astound,eth0,50.43,18.7,11.37,2.09,Astound Broadband,"Seattle, WA, United States",https://www.speedtest.net/result/c/78db3d64-fcc9-48a5-b69b-f6fbe4c5cd88
2026-04-08T00:30:29.105220,astound,eth0,50.14,22.58,12.22,1.59,Ziply Fiber,"Seattle, WA, United States",https://www.speedtest.net/result/c/6fe962cb-224e-4d13-9ef0-719b65d0c58b
2026-04-08T00:45:28.650464,astound,eth0,50.27,34.28,12.2,1.56,Ziply Fiber,"Seattle, WA, United States",https://www.speedtest.net/result/c/f9302056-f53c-4f11-ba4c-bcf51aa6fada
2026-04-08T01:00:28.940394,astound,eth0,50.36,51.88,12.67,0.96,Ziply Fiber,"Seattle, WA, United States",https://www.speedtest.net/result/c/9a873c60-9e27-4e5b-a5d1-91d7fb02fae5
2026-04-08T01:15:28.598016,astound,eth0,50.2,51.96,12.81,0.69,Ziply Fiber,"Seattle, WA, United States",https://www.speedtest.net/result/c/2f7b03e6-96f1-4150-ab11-ec865b183486
2026-04-08T01:30:30.776754,astound,eth0,50.1,53.05,9.34,2.32,Astound Broadband,"Seattle, WA, United States",https://www.speedtest.net/result/c/4cc86583-39fd-49a6-852c-47332a61ec06
2026-04-08T01:45:27.067895,astound,eth0,49.32,52.37,3.74,0.29,Astound Broadband,"Port Orchard, WA, United States",https://www.speedtest.net/result/c/a774547f-ffa4-4296-812d-691402bd53a6
2026-04-08T02:00:33.892860,astound,eth0,50.29,33.41,5.03,1.46,Astound Broadband,"Port Orchard, WA, United States",https://www.speedtest.net/result/c/c33f1bff-85b2-4091-b181-c737d84b21bd
2026-04-08T02:15:28.442768,astound,eth0,49.86,38.11,10.73,0.19,Astound Broadband,"Port Orchard, WA, United States",https://www.speedtest.net/result/c/025d0c3a-63c7-4ad1-9c6d-03adb2a1061f
2026-04-08T02:30:27.551585,astound,eth0,50.37,52.04,10.67,1.23,Astound Broadband,"Port Orchard, WA, United States",https://www.speedtest.net/result/c/b8c5b824-813a-40a8-ae9d-59c910523751
2026-04-08T02:45:31.100146,astound,eth0,50.22,53.36,10.73,0.18,Astound Broadband,"Port Orchard, WA, United States",https://www.speedtest.net/result/c/20ebf8ac-de07-414b-b4a6-53b88525bfcc
2026-04-08T03:00:29.979312,astound,eth0,50.28,51.8,9.19,1.62,Astound Broadband,"Port Orchard, WA, United States",https://www.speedtest.net/result/c/30cfa4a7-dca1-4fd4-b4e5-a85ddf5dada1
2026-04-08T03:15:25.757505,astound,eth0,50.26,52.4,10.74,0.11,Astound Broadband,"Port Orchard, WA, United States",https://www.speedtest.net/result/c/4fd141e7-c2a6-4682-a41a-92c87a1b3922
2026-04-08T03:30:30.028613,astound,eth0,50.35,52.27,10.5,1.0,Astound Broadband,"Port Orchard, WA, United States",https://www.speedtest.net/result/c/69e17fe1-48f5-48da-8817-71c05c8809b6
2026-04-08T03:45:24.410917,astound,eth0,50.28,52.2,9.96,1.28,Astound Broadband,"Port Orchard, WA, United States",https://www.speedtest.net/result/c/076c3da2-93ba-426f-880c-98a1382fda6a
2026-04-08T04:00:36.699765,astound,eth0,50.56,52.81,69.71,11.63,Sangoma,"Seattle, WA, United States",https://www.speedtest.net/result/c/da703470-dcc9-4616-b3c7-c6877bd50e4b
2026-04-08T04:15:27.881799,astound,eth0,49.27,51.92,22.74,3.27,CenturyLink,"Seattle, WA, United States",https://www.speedtest.net/result/c/3a2595c0-1e6c-4f58-8abb-de3b70d9fdb3
2026-04-08T04:30:31.112118,astound,eth0,50.22,52.12,10.51,1.18,Astound Broadband,"Port Orchard, WA, United States",https://www.speedtest.net/result/c/5299b6cc-baef-4cf5-9dd0-fdd2282744ff
2026-04-08T04:45:31.581642,astound,eth0,50.22,42.99,10.67,0.96,Astound Broadband,"Port Orchard, WA, United States",https://www.speedtest.net/result/c/b375d6c9-d6e8-41ca-8798-3aa698039ea8
2026-04-08T05:00:29.509697,astound,eth0,49.91,42.35,10.72,0.23,Astound Broadband,"Seattle, WA, United States",https://www.speedtest.net/result/c/f2215053-e0d2-4450-8556-4b999e1cba81
2026-04-08T05:15:25.053423,astound,eth0,50.07,52.33,10.06,2.04,Astound Broadband,"Port Orchard, WA, United States",https://www.speedtest.net/result/c/3611af26-e886-4664-a216-8e97bab9092f
2026-04-08T05:30:24.244498,astound,eth0,50.23,50.76,10.73,0.13,Astound Broadband,"Seattle, WA, United States",https://www.speedtest.net/result/c/ecc7ae7c-405e-462c-ac19-58da4ec36e91
2026-04-08T05:45:23.229329,astound,eth0,50.23,52.5,7.13,3.36,Astound Broadband,"Port Orchard, WA, United States",https://www.speedtest.net/result/c/120084ca-d6d1-43f7-9678-5a3643c2f0f9
2026-04-08T06:00:25.265754,astound,eth0,50.13,52.4,11.89,1.01,Astound Broadband,"Seattle, WA, United States",https://www.speedtest.net/result/c/827b0da1-f0e3-4908-9f08-d01ebaef0d86
2026-04-08T06:15:26.495640,astound,eth0,50.21,52.24,9.35,3.36,Astound Broadband,"Seattle, WA, United States",https://www.speedtest.net/result/c/549bb917-dcd5-418f-b9cd-395f598565c0
2026-04-08T06:30:23.681391,astound,eth0,50.24,52.37,10.71,0.59,Ziply Fiber,"Seattle, WA, United States",https://www.speedtest.net/result/c/522c2382-8c2c-4b42-ab40-18431b7c5699
2026-04-08T06:45:25.712798,astound,eth0,50.18,52.75,10.76,0.31,Astound Broadband,"Port Orchard, WA, United States",https://www.speedtest.net/result/c/84eb91e4-baeb-4305-a964-68c185d8c57c
2026-04-08T07:00:26.170351,astound,eth0,50.3,52.22,10.57,0.72,Astound Broadband,"Port Orchard, WA, United States",https://www.speedtest.net/result/c/2336b12f-0c8d-47d4-81cf-8d214edfdfe8
2026-04-08T07:15:33.017018,astound,eth0,48.29,34.69,10.74,0.23,Ziply Fiber,"Seattle, WA, United States",https://www.speedtest.net/result/c/030350ed-fb5d-4e2a-876c-d545cdcb9f19
2026-04-08T07:30:28.047410,astound,eth0,48.96,52.19,11.89,2.15,Astound Broadband,"Seattle, WA, United States",https://www.speedtest.net/result/c/703f1e55-b5a8-4c76-9aeb-c7527b52f9e4
2026-04-08T07:45:30.455043,astound,eth0,49.86,52.9,9.92,1.64,Astound Broadband,"Port Orchard, WA, United States",https://www.speedtest.net/result/c/7aa3cdcd-dc94-407c-b1b9-c97714571858
2026-04-08T08:00:37.421673,astound,eth0,37.06,52.77,8.71,4.2,Astound Broadband,"Port Orchard, WA, United States",https://www.speedtest.net/result/c/89ecb288-377b-4ec4-8084-07bc8674e3aa
2026-04-08T08:15:37.451453,astound,eth0,25.83,52.26,135.85,16.28,Ziply Fiber,"Seattle, WA, United States",https://www.speedtest.net/result/c/bfaae274-7e6b-4761-b3d2-f4de4757d718
2026-04-08T08:30:38.402676,astound,eth0,48.74,52.19,70.78,11.01,Astound Broadband,"Port Orchard, WA, United States",https://www.speedtest.net/result/c/da4389c5-0eed-4cb0-8253-696ff5989513
2026-04-08T08:45:29.000219,astound,eth0,49.22,52.46,9.86,4.6,Astound Broadband,"Seattle, WA, United States",https://www.speedtest.net/result/c/23e6513b-7d71-4a2c-9f9d-49e5d5ab642e
2026-04-08T09:00:26.095464,astound,eth0,49.56,52.14,10.48,1.15,Astound Broadband,"Port Orchard, WA, United States",https://www.speedtest.net/result/c/4cc91e3e-ff93-4f74-8799-03d79277f5e5
2026-04-08T09:15:24.992086,astound,eth0,49.48,52.22,10.4,1.5,Astound Broadband,"Port Orchard, WA, United States",https://www.speedtest.net/result/c/d1a4e389-aa90-4a5c-9609-31448a3b0958
2026-04-08T09:30:26.158396,astound,eth0,49.38,52.29,10.43,0.82,Astound Broadband,"Port Orchard, WA, United States",https://www.speedtest.net/result/c/9f805e27-f9ab-427e-b9db-98e1430036e0
2026-04-08T09:45:29.052284,astound,eth0,49.43,52.34,5.04,2.1,Astound Broadband,"Port Orchard, WA, United States",https://www.speedtest.net/result/c/bf62c711-8618-4683-93aa-e4db99370415
2026-04-08T10:00:33.870260,astound,eth0,49.86,21.96,10.67,0.59,Astound Broadband,"Port Orchard, WA, United States",https://www.speedtest.net/result/c/d755872f-2ac8-4c90-8e60-5b2aa622ee22
2026-04-08T10:15:28.960961,astound,eth0,49.4,52.33,9.33,3.24,Astound Broadband,"Seattle, WA, United States",https://www.speedtest.net/result/c/95c880cd-4095-4c24-8fd9-c810c8ad2d1e
2026-04-08T10:30:34.255087,astound,eth0,49.72,53.2,11.48,2.38,Ziply Fiber,"Seattle, WA, United States",https://www.speedtest.net/result/c/861b9054-03ac-4ac2-a005-20061367ead6
2026-04-08T10:45:25.086732,astound,eth0,49.63,52.25,10.66,0.74,Astound Broadband,"Port Orchard, WA, United States",https://www.speedtest.net/result/c/1237e369-9687-4e61-89f6-b37f77bd265b
2026-04-08T11:00:30.090686,astound,eth0,49.78,52.95,10.66,1.14,Astound Broadband,"Port Orchard, WA, United States",https://www.speedtest.net/result/c/a6a9d1d4-b7b6-4fc1-b08b-c37c250ef1ba
2026-04-08T11:15:34.634621,astound,eth0,49.64,52.0,9.3,1.81,Astound Broadband,"Port Orchard, WA, United States",https://www.speedtest.net/result/c/fab5ab52-3dbe-429e-a41c-8a50d2272646
2026-04-08T11:30:34.251986,astound,eth0,49.73,52.14,10.77,0.26,Astound Broadband,"Port Orchard, WA, United States",https://www.speedtest.net/result/c/897bb1e9-3e18-4515-a70b-2501535de16f
2026-04-08T11:45:31.146751,astound,eth0,50.27,42.63,10.13,1.63,Astound Broadband,"Port Orchard, WA, United States",https://www.speedtest.net/result/c/90958f5f-01fe-4e88-bb95-06dd11418f92
2026-04-08T12:00:33.733989,astound,eth0,47.99,38.79,7.26,3.95,"KamaTera, Inc.","Seattle, WA, United States",https://www.speedtest.net/result/c/578dcb46-1a8f-4a50-bd82-84cfa4d1a6d1
2026-04-08T12:15:38.421714,astound,eth0,46.57,15.98,10.6,0.84,Astound Broadband,"Port Orchard, WA, United States",https://www.speedtest.net/result/c/238ef2d5-8702-4600-9048-2c657d1506b7
2026-04-08T12:30:40.009731,astound,eth0,43.25,12.47,10.74,0.34,Ziply Fiber,"Seattle, WA, United States",https://www.speedtest.net/result/c/d9a9b7d6-f14a-44a9-bdc2-f58d0fee4782
2026-04-08T12:45:35.540858,astound,eth0,45.04,49.17,10.9,1.18,Astound Broadband,"Port Orchard, WA, United States",https://www.speedtest.net/result/c/c456c0b8-3ee6-4ac0-9654-0afc8fc016d0
2026-04-08T13:00:29.197343,astound,eth0,44.94,52.25,6.2,3.07,Astound Broadband,"Port Orchard, WA, United States",https://www.speedtest.net/result/c/884354ee-9ee6-4776-b4fd-e8d5335aa817
2026-04-08T13:15:26.187911,astound,eth0,50.17,16.61,6.95,2.41,Astound Broadband,"Port Orchard, WA, United States",https://www.speedtest.net/result/c/fe5cfbd2-cd6b-4340-902e-cc8ec57eec98
2026-04-08T13:30:36.297792,astound,eth0,46.0,49.62,5.68,1.55,Astound Broadband,"Port Orchard, WA, United States",https://www.speedtest.net/result/c/7a51abbc-2962-49ec-ad3f-04c21d403e86
