timestamp,isp,interface,download_mbps,upload_mbps,ping_ms,jitter_ms,server_name,server_location,result_url
2026-03-13T15:52:17.597500,tmobile,eth1,226.38,30.51,20.04,8.1,Accretive Networks,"Seattle, WA, United States",https://www.speedtest.net/result/c/15ed13a5-d210-4168-b106-a757fab53c21
timestamp,isp,interface,download_mbps,upload_mbps,ping_ms,jitter_ms,server_name,server_location,result_url
2026-03-13T15:52:31.172414,tmobile,eth1,227.22,30.84,281.59,25.84,Accretive Networks,"Seattle, WA, United States",https://www.speedtest.net/result/c/1c0cec40-732c-498e-bf99-129689bbcde8
2026-03-13T16:07:29.718789,tmobile,eth1,251.41,32.53,33.84,9.35,Accretive Networks,"Seattle, WA, United States",https://www.speedtest.net/result/c/1bc6399e-8627-4ccb-93be-623f2e1392e3
2026-03-13T16:22:37.266791,tmobile,eth1,210.13,34.92,27.15,10.12,Accretive Networks,"Seattle, WA, United States",https://www.speedtest.net/result/c/103959b6-09bc-401e-bb63-068326c06415
2026-03-13T16:37:30.045488,tmobile,eth1,201.6,30.33,19.96,2.51,Accretive Networks,"Seattle, WA, United States",https://www.speedtest.net/result/c/16a8ad7f-a6a3-480e-87f2-1aede980a54e
2026-03-13T16:52:37.440054,tmobile,eth1,196.54,32.77,37.73,10.33,Sangoma,"Seattle, WA, United States",https://www.speedtest.net/result/c/657bb041-33d1-4399-86ea-8c4ba163de7f
2026-03-13T17:07:35.130696,tmobile,eth1,273.83,38.58,19.98,0.23,EZEE Fiber,"Seattle, WA, United States",https://www.speedtest.net/result/c/54c79277-5d92-4d4a-9010-12fb2141edef
2026-03-13T17:22:36.515981,tmobile,eth1,196.61,76.57,20.07,2.04,Accretive Networks,"Seattle, WA, United States",https://www.speedtest.net/result/c/a0cd9928-76ff-455d-89a3-5fe1b3acd0b7
2026-03-13T17:37:29.015857,tmobile,eth1,171.27,27.59,24.19,4.7,Accretive Networks,"Seattle, WA, United States",https://www.speedtest.net/result/c/dbb95b3f-9c1d-42bd-b8f2-313c2857e02f
2026-03-13T17:52:34.497066,tmobile,eth1,260.65,40.29,19.93,0.98,EZEE Fiber,"Seattle, WA, United States",https://www.speedtest.net/result/c/79fd76d7-1786-4275-91ea-e57980483623
2026-03-13T18:07:27.314172,tmobile,eth1,214.5,36.94,20.14,1.68,Accretive Networks,"Seattle, WA, United States",https://www.speedtest.net/result/c/20e87645-191a-4cbc-993c-f537aac634f6
2026-03-13T18:22:25.331147,tmobile,eth1,232.87,31.0,19.99,0.89,Accretive Networks,"Seattle, WA, United States",https://www.speedtest.net/result/c/62a4ac7b-33d3-4d29-ae41-47f7068450cd
2026-03-13T18:37:30.295804,tmobile,eth1,240.66,37.97,19.81,0.73,Accretive Networks,"Seattle, WA, United States",https://www.speedtest.net/result/c/62b9e2ad-e8d2-460a-b899-f2adfccb1ef2
2026-03-13T18:52:28.033636,tmobile,eth1,221.77,73.23,26.46,7.52,Accretive Networks,"Seattle, WA, United States",https://www.speedtest.net/result/c/3564c552-c1e5-41cd-8fa7-2191caacb8c8
2026-03-13T19:07:40.018641,tmobile,eth1,207.29,34.25,32.95,8.31,Sangoma,"Seattle, WA, United States",https://www.speedtest.net/result/c/a83e546b-ff00-46b1-9908-0bac538eae39
2026-03-13T19:22:31.518528,tmobile,eth1,285.7,43.24,20.38,1.96,Accretive Networks,"Seattle, WA, United States",https://www.speedtest.net/result/c/e09fa215-cc16-40ad-b998-ff7eda6191e2
2026-03-13T19:37:35.097815,tmobile,eth1,265.34,47.3,30.31,10.9,Accretive Networks,"Seattle, WA, United States",https://www.speedtest.net/result/c/a6f72c21-d40b-4ef5-8a73-c01a01ff29e8
2026-03-13T19:52:37.428685,tmobile,eth1,285.69,39.42,20.18,0.78,Accretive Networks,"Seattle, WA, United States",https://www.speedtest.net/result/c/0401f62f-0988-4b98-82d1-bfad19252be5
2026-03-13T20:07:26.613711,tmobile,eth1,274.14,71.68,20.17,4.04,EZEE Fiber,"Seattle, WA, United States",https://www.speedtest.net/result/c/372836b7-f84a-4ef7-81f7-3bcfac791dbe
2026-03-13T20:22:32.668347,tmobile,eth1,267.12,51.82,24.19,2.88,EZEE Fiber,"Seattle, WA, United States",https://www.speedtest.net/result/c/c3600f24-1d31-461e-96a1-15bd82bde573
2026-03-13T20:37:36.704996,tmobile,eth1,214.3,38.44,20.88,1.48,EZEE Fiber,"Seattle, WA, United States",https://www.speedtest.net/result/c/a9b82043-c615-4205-8af4-4c2aeabeb021
2026-03-13T20:52:37.545560,tmobile,eth1,289.76,46.61,19.76,0.53,EZEE Fiber,"Seattle, WA, United States",https://www.speedtest.net/result/c/3481594c-cf1e-47ba-b647-d6f03eabd17e
2026-03-13T21:07:32.191980,tmobile,eth1,211.9,36.04,21.45,4.0,Accretive Networks,"Seattle, WA, United States",https://www.speedtest.net/result/c/2891dddc-5f0e-4903-b541-000906a1a07d
2026-03-13T21:22:36.922120,tmobile,eth1,306.72,76.3,24.83,5.61,Accretive Networks,"Seattle, WA, United States",https://www.speedtest.net/result/c/d6fd1c51-d1b8-449a-b734-60ad1e299866
2026-03-13T21:37:29.770119,tmobile,eth1,246.59,80.12,20.11,1.01,EZEE Fiber,"Seattle, WA, United States",https://www.speedtest.net/result/c/d578ddc2-051f-4d0e-bf4e-e79763bc4933
2026-03-13T21:52:32.859151,tmobile,eth1,282.43,45.69,21.95,7.48,EZEE Fiber,"Seattle, WA, United States",https://www.speedtest.net/result/c/80fde932-c129-490f-819a-f1a429595277
2026-03-13T22:07:40.925438,tmobile,eth1,259.73,45.59,34.8,6.86,Sangoma,"Seattle, WA, United States",https://www.speedtest.net/result/c/f6da8a1c-e12c-4df7-b2ec-82af9eb3e655
2026-03-13T22:22:37.033878,tmobile,eth1,234.97,78.61,28.07,6.51,Accretive Networks,"Seattle, WA, United States",https://www.speedtest.net/result/c/ff36d93d-17fc-47f3-9654-276ddf34d673
2026-03-13T22:37:33.448063,tmobile,eth1,296.11,44.26,20.07,0.89,EZEE Fiber,"Seattle, WA, United States",https://www.speedtest.net/result/c/0b2300b8-a0fb-4b2e-9409-4645e2bb68a0
2026-03-13T22:52:34.492404,tmobile,eth1,303.2,78.24,39.93,3.11,Nitel,"Seattle, WA, United States",https://www.speedtest.net/result/c/c5415128-8d29-4288-954c-b1594c20c62b
2026-03-13T23:07:25.501601,tmobile,eth1,169.41,40.76,25.32,4.76,Accretive Networks,"Seattle, WA, United States",https://www.speedtest.net/result/c/c924d29e-ec41-43f3-8b73-c80dbb319c09
2026-03-13T23:22:33.059877,tmobile,eth1,165.87,40.11,39.99,0.39,Nitel,"Seattle, WA, United States",https://www.speedtest.net/result/c/3cf8151c-2c7b-448c-bf3e-fcc4c59086b0
2026-03-13T23:37:30.536172,tmobile,eth1,182.46,36.19,22.96,7.25,Accretive Networks,"Seattle, WA, United States",https://www.speedtest.net/result/c/7056329d-4f0e-4ad0-bf66-6188b1251e32
2026-03-13T23:52:31.494156,tmobile,eth1,302.71,75.17,20.14,1.48,Accretive Networks,"Seattle, WA, United States",https://www.speedtest.net/result/c/f372a4d5-4f30-4a7a-b612-8d6b2d6683ab
2026-03-14T00:07:37.039904,tmobile,eth1,308.37,53.41,20.11,0.89,EZEE Fiber,"Seattle, WA, United States",https://www.speedtest.net/result/c/b860dd34-b9c1-46dc-83cf-7be2d1fe868b
2026-03-14T00:22:28.638611,tmobile,eth1,326.01,53.41,23.58,4.94,Accretive Networks,"Seattle, WA, United States",https://www.speedtest.net/result/c/86f3317b-b4f6-463f-a64d-e77ce0b9ce75
2026-03-14T00:37:34.745901,tmobile,eth1,300.51,47.7,26.64,8.39,EZEE Fiber,"Seattle, WA, United States",https://www.speedtest.net/result/c/a234f48d-1ea6-4186-90cb-a9e2818851ae
2026-03-14T00:52:28.294510,tmobile,eth1,266.13,46.53,32.16,10.31,Accretive Networks,"Seattle, WA, United States",https://www.speedtest.net/result/c/2a2087b7-316d-480b-9f92-691fd8979eda
2026-03-14T01:07:34.256106,tmobile,eth1,345.31,51.23,23.76,9.32,Accretive Networks,"Seattle, WA, United States",https://www.speedtest.net/result/c/5e4beb68-6886-4d7b-9f73-91f136550e87
2026-03-14T01:22:36.522772,tmobile,eth1,307.23,45.94,36.42,7.66,Accretive Networks,"Seattle, WA, United States",https://www.speedtest.net/result/c/738f98d7-ceb0-4f8e-bb4f-402e7c520a97
2026-03-14T01:37:27.470218,tmobile,eth1,298.39,46.91,25.91,4.5,Accretive Networks,"Seattle, WA, United States",https://www.speedtest.net/result/c/0051c881-ef12-494a-acdc-f8af40254b89
2026-03-14T01:52:28.289979,tmobile,eth1,299.08,47.76,20.2,2.81,Accretive Networks,"Seattle, WA, United States",https://www.speedtest.net/result/c/8a78ec2d-e195-4fce-858e-2d05fa2ed22e
2026-03-14T02:07:35.069530,tmobile,eth1,329.61,53.37,20.02,0.33,Accretive Networks,"Seattle, WA, United States",https://www.speedtest.net/result/c/bde898ba-3667-4508-b626-942e9c0d8787
2026-03-14T02:22:42.227895,tmobile,eth1,388.78,55.8,38.18,5.16,Ziply Fiber,"Seattle, WA, United States",https://www.speedtest.net/result/c/1f590e9f-16ff-4d13-8270-ade6d1d61d25
2026-03-14T02:37:26.069024,tmobile,eth1,409.55,58.07,23.24,2.65,Accretive Networks,"Seattle, WA, United States",https://www.speedtest.net/result/c/2439c034-abba-4dd1-9869-ab75985fab75
2026-03-14T02:52:27.987529,tmobile,eth1,384.67,57.15,20.03,0.05,Accretive Networks,"Seattle, WA, United States",https://www.speedtest.net/result/c/73b53395-f4f1-4079-8ceb-7c61b54f53f6
2026-03-14T03:07:39.330164,tmobile,eth1,139.66,42.16,25.02,9.15,Astound Broadband,"Seattle, WA, United States",https://www.speedtest.net/result/c/9f8a22c1-8b1b-4a02-abad-b1046e10a494
2026-03-14T03:22:36.220172,tmobile,eth1,389.59,20.02,295.46,41.8,Nitel,"Seattle, WA, United States",https://www.speedtest.net/result/c/9d7d7d75-4ee6-4e36-bec5-ace91aa96d12
2026-03-14T03:37:32.712238,tmobile,eth1,277.53,15.68,20.22,1.47,Accretive Networks,"Seattle, WA, United States",https://www.speedtest.net/result/c/09874e00-b312-4809-8135-1b1a3a577313
2026-03-14T03:52:31.804103,tmobile,eth1,303.76,93.16,36.4,4.25,Astound Broadband,"Seattle, WA, United States",https://www.speedtest.net/result/c/ffff746e-50b6-47de-9f07-3454b8499eb3
2026-03-14T04:07:30.355128,tmobile,eth1,312.14,84.41,20.04,0.46,EZEE Fiber,"Seattle, WA, United States",https://www.speedtest.net/result/c/f8db1349-7aad-4456-8043-6a7406aea910
2026-03-14T04:22:29.333997,tmobile,eth1,375.46,50.4,19.91,0.87,Accretive Networks,"Seattle, WA, United States",https://www.speedtest.net/result/c/e5de5a81-a492-4b78-81c3-1f5e9608cc4d
2026-03-14T04:37:37.240659,tmobile,eth1,266.92,37.06,31.9,7.78,EZEE Fiber,"Seattle, WA, United States",https://www.speedtest.net/result/c/20986707-9310-4d80-8dcd-d0aca9ab6426
2026-03-14T04:52:30.785319,tmobile,eth1,367.63,41.98,20.09,0.44,EZEE Fiber,"Seattle, WA, United States",https://www.speedtest.net/result/c/7649a95d-bf82-4fed-808a-e6366518f12f
2026-03-14T05:07:27.542023,tmobile,eth1,297.93,33.6,20.02,0.3,EZEE Fiber,"Seattle, WA, United States",https://www.speedtest.net/result/c/828776e2-d635-4423-9cff-3b7c0290f8f2
2026-03-14T05:22:36.983818,tmobile,eth1,387.03,37.28,23.32,3.95,EZEE Fiber,"Seattle, WA, United States",https://www.speedtest.net/result/c/12b9fe5f-182f-4629-967d-6542c5f8cfde
2026-03-14T05:37:39.152836,tmobile,eth1,352.85,42.49,40.16,0.48,Accretive Networks,"Seattle, WA, United States",https://www.speedtest.net/result/c/62ec93db-ad04-4655-8ff8-cbab8d8bb8a0
2026-03-14T05:52:35.918178,tmobile,eth1,322.98,38.17,32.73,10.6,Accretive Networks,"Seattle, WA, United States",https://www.speedtest.net/result/c/6d39bd27-f067-4ef0-b0a9-f38f7027a162
2026-03-14T06:07:34.213314,tmobile,eth1,297.22,42.22,21.79,7.7,EZEE Fiber,"Seattle, WA, United States",https://www.speedtest.net/result/c/9ce2f2ae-5909-4702-9ff6-5ffe30baa1a2
2026-03-14T06:22:37.648649,tmobile,eth1,298.41,83.12,26.41,11.14,EZEE Fiber,"Seattle, WA, United States",https://www.speedtest.net/result/c/fffbd5b3-c2e2-472c-8d56-14e7c11467cf
2026-03-14T06:37:28.461675,tmobile,eth1,273.96,38.64,30.02,6.85,Nitel,"Seattle, WA, United States",https://www.speedtest.net/result/c/3dd10a29-e4b2-47c6-9e94-0936be6e440f
2026-03-14T06:52:35.844060,tmobile,eth1,376.9,30.44,26.5,11.17,Accretive Networks,"Seattle, WA, United States",https://www.speedtest.net/result/c/74d62fad-8379-4efc-b34c-f8faa3c77716
2026-03-14T07:07:29.564255,tmobile,eth1,234.5,30.27,19.98,0.81,EZEE Fiber,"Seattle, WA, United States",https://www.speedtest.net/result/c/80b6121f-8f02-4cd5-b30e-7f4ecc3a92fe
2026-03-14T07:22:26.342165,tmobile,eth1,324.25,32.22,23.59,5.5,Accretive Networks,"Seattle, WA, United States",https://www.speedtest.net/result/c/dce39b5c-1d7f-4701-b700-5a6b1b79647f
2026-03-14T07:37:36.818346,tmobile,eth1,279.21,39.26,23.98,6.22,EZEE Fiber,"Seattle, WA, United States",https://www.speedtest.net/result/c/de7d3244-2daa-4422-b291-675e35a4e364
2026-03-14T07:52:39.055020,tmobile,eth1,321.17,34.66,27.14,9.31,Nitel,"Seattle, WA, United States",https://www.speedtest.net/result/c/388e1851-726a-4378-80dc-894593c2e65d
2026-03-14T08:07:43.654264,tmobile,eth1,221.17,19.63,26.39,6.06,EZEE Fiber,"Seattle, WA, United States",https://www.speedtest.net/result/c/a9cae96e-f304-47aa-9335-275008e76517
2026-03-14T08:22:40.003685,tmobile,eth1,287.03,26.13,22.16,5.14,EZEE Fiber,"Seattle, WA, United States",https://www.speedtest.net/result/c/4b4a5b1b-b27a-4e82-a617-74e9ef66758a
2026-03-14T08:37:35.392405,tmobile,eth1,278.62,36.24,27.82,10.72,Sangoma,"Seattle, WA, United States",https://www.speedtest.net/result/c/1099f534-560f-4634-8408-e563eaa3d118
2026-03-14T08:52:35.835488,tmobile,eth1,256.68,32.43,20.08,3.84,Accretive Networks,"Seattle, WA, United States",https://www.speedtest.net/result/c/ad390a80-a3ba-4c98-a6cb-a49cdb8f0799
2026-03-14T09:07:38.564546,tmobile,eth1,254.77,39.39,35.62,7.29,Nitel,"Seattle, WA, United States",https://www.speedtest.net/result/c/e471e927-0fd9-41d0-82d9-c27313fd08b0
2026-03-14T09:22:32.508024,tmobile,eth1,364.12,39.09,21.57,6.33,Accretive Networks,"Seattle, WA, United States",https://www.speedtest.net/result/c/73e939c7-b7c0-44e8-8b08-486762cafbb6
2026-03-14T09:37:35.894445,tmobile,eth1,203.1,28.09,19.99,0.72,EZEE Fiber,"Seattle, WA, United States",https://www.speedtest.net/result/c/c378ad1f-4c89-45aa-8dac-14f18098d718
2026-03-14T09:52:34.073972,tmobile,eth1,295.94,40.85,28.81,8.4,GSL Networks,"Seattle, WA, United States",https://www.speedtest.net/result/c/0b9089b9-e8a9-4082-9177-2162cc667e63
2026-03-14T10:07:31.197583,tmobile,eth1,248.2,80.09,21.48,3.99,Accretive Networks,"Seattle, WA, United States",https://www.speedtest.net/result/c/ee811791-92a9-4fc2-8688-724c037d0f62
2026-03-14T10:22:34.148876,tmobile,eth1,269.46,42.27,20.01,0.81,EZEE Fiber,"Seattle, WA, United States",https://www.speedtest.net/result/c/1af77cd9-cc8b-434f-8dfe-413c0d183426
2026-03-14T10:37:30.410623,tmobile,eth1,255.9,40.19,38.54,6.25,Accretive Networks,"Seattle, WA, United States",https://www.speedtest.net/result/c/bc955ba9-86a7-4d20-9977-bf12af3906ec
2026-03-14T10:52:37.059147,tmobile,eth1,69.03,83.52,21.21,2.44,Astound Broadband,"Seattle, WA, United States",https://www.speedtest.net/result/c/969816f3-ed4c-414e-908c-140cee5edb9f
2026-03-14T11:07:38.582117,tmobile,eth1,181.41,17.89,22.04,5.95,Accretive Networks,"Seattle, WA, United States",https://www.speedtest.net/result/c/59901478-1624-4faa-a80e-53015a1ee43d
2026-03-14T11:22:28.656418,tmobile,eth1,176.91,25.77,29.74,7.73,Nitel,"Seattle, WA, United States",https://www.speedtest.net/result/c/8c704839-9e41-471e-9615-7387f334dd2f
2026-03-14T11:37:32.268034,tmobile,eth1,267.8,83.56,20.04,0.34,EZEE Fiber,"Seattle, WA, United States",https://www.speedtest.net/result/c/d6b7048c-779c-45eb-9646-92f6c15e1daf
2026-03-14T11:52:34.999651,tmobile,eth1,326.29,45.63,21.61,3.81,Accretive Networks,"Seattle, WA, United States",https://www.speedtest.net/result/c/49a93d3c-d73c-48de-8e1f-0e1715f00316
2026-03-14T12:22:29.563179,tmobile,eth1,237.6,42.37,19.93,0.34,Accretive Networks,"Seattle, WA, United States",https://www.speedtest.net/result/c/dec14ac3-70ad-4dc9-ac61-4e763a4fd721
2026-03-14T12:37:40.648330,tmobile,eth1,191.3,25.49,32.17,12.82,Accretive Networks,"Seattle, WA, United States",https://www.speedtest.net/result/c/05c89a7f-6db0-43d6-a984-f11b8ced3f2f
2026-03-14T12:52:34.376458,tmobile,eth1,249.35,30.28,25.4,2.96,Accretive Networks,"Seattle, WA, United States",https://www.speedtest.net/result/c/4d040d16-88f5-4d31-aa5e-27337696d770
2026-03-14T13:07:30.644094,tmobile,eth1,212.33,31.52,23.78,8.61,Accretive Networks,"Seattle, WA, United States",https://www.speedtest.net/result/c/93e553a2-2199-4b8b-9f6b-08c20252cde3
2026-03-14T13:22:29.420657,tmobile,eth1,192.69,25.26,24.59,13.03,Accretive Networks,"Seattle, WA, United States",https://www.speedtest.net/result/c/becf810f-7e43-4b06-983c-240dccff65c4
2026-03-14T13:37:26.817453,tmobile,eth1,91.89,27.04,23.92,9.27,Accretive Networks,"Seattle, WA, United States",https://www.speedtest.net/result/c/3b155a1f-4f84-4105-a8d9-6f39461535a7
2026-03-14T13:52:44.987950,tmobile,eth1,134.26,22.11,31.39,5.54,EZEE Fiber,"Seattle, WA, United States",https://www.speedtest.net/result/c/1ce73d54-d59d-43d7-9392-21c041bc5861
2026-03-14T14:07:37.068028,tmobile,eth1,249.48,31.39,36.63,8.51,Accretive Networks,"Seattle, WA, United States",https://www.speedtest.net/result/c/7eb753d6-085c-48e9-a2e8-e83537693dcc
2026-03-14T14:22:30.099354,tmobile,eth1,250.35,84.22,20.61,1.54,EZEE Fiber,"Seattle, WA, United States",https://www.speedtest.net/result/c/946fc512-8b08-4f4b-938d-d5d4d790bdb5
2026-03-14T14:37:35.725062,tmobile,eth1,207.48,27.54,25.0,5.6,Accretive Networks,"Seattle, WA, United States",https://www.speedtest.net/result/c/ca264f02-b5d9-47a5-9624-c9fab01d424b
2026-03-14T14:52:33.050805,tmobile,eth1,280.46,81.25,36.92,4.03,"KamaTera, Inc.","Seattle, WA, United States",https://www.speedtest.net/result/c/5fbacf55-4f94-44b3-804c-b62073955269
2026-03-14T15:07:29.206070,tmobile,eth1,208.15,25.52,25.45,3.88,Nitel,"Seattle, WA, United States",https://www.speedtest.net/result/c/6538248e-c241-4717-8c5b-f4225956a40e
2026-03-14T15:22:36.774470,tmobile,eth1,183.38,21.32,20.16,4.58,Accretive Networks,"Seattle, WA, United States",https://www.speedtest.net/result/c/372548a3-1668-4ed0-aa40-871b596f16a8
2026-03-14T15:37:33.107903,tmobile,eth1,191.68,23.23,39.94,3.88,Nitel,"Seattle, WA, United States",https://www.speedtest.net/result/c/edd32ec0-ed56-4eca-9b45-c063415bd9c3
2026-03-14T15:52:36.464784,tmobile,eth1,160.78,28.38,19.72,4.93,EZEE Fiber,"Seattle, WA, United States",https://www.speedtest.net/result/c/416394ba-bef7-42cb-89a8-7fc4aed0b388
2026-03-14T16:07:38.202644,tmobile,eth1,211.33,27.99,20.12,9.35,Accretive Networks,"Seattle, WA, United States",https://www.speedtest.net/result/c/6577e912-b173-42aa-8127-f272070f8060
2026-03-14T16:22:37.333835,tmobile,eth1,211.1,29.07,33.08,7.92,EZEE Fiber,"Seattle, WA, United States",https://www.speedtest.net/result/c/e0df7822-7d59-4912-bc3c-d72e422e91cc
2026-03-14T16:37:29.758208,tmobile,eth1,272.6,41.09,20.24,2.09,Accretive Networks,"Seattle, WA, United States",https://www.speedtest.net/result/c/c7b8e58c-99d2-45b6-a147-325c22a480af
2026-03-14T16:52:25.454922,tmobile,eth1,249.72,46.11,19.97,0.18,Accretive Networks,"Seattle, WA, United States",https://www.speedtest.net/result/c/3ea49ce3-1664-43e5-b9bf-357a356703f4
2026-03-14T17:07:36.532088,tmobile,eth1,268.69,80.37,20.04,0.73,EZEE Fiber,"Seattle, WA, United States",https://www.speedtest.net/result/c/bd1f8f8c-dc65-4360-8ba2-48218a135fb6
2026-03-14T17:22:22.522528,tmobile,eth1,269.17,41.37,33.7,13.29,Accretive Networks,"Seattle, WA, United States",https://www.speedtest.net/result/c/4ba1fda7-5faf-40bc-9d23-a4ecacddcc69
2026-03-14T17:37:36.480447,tmobile,eth1,259.65,44.25,20.03,0.39,EZEE Fiber,"Seattle, WA, United States",https://www.speedtest.net/result/c/66976e6b-b714-4c14-a0c6-fff65341a59a
2026-03-14T17:52:32.694395,tmobile,eth1,271.87,44.26,20.02,0.68,Accretive Networks,"Seattle, WA, United States",https://www.speedtest.net/result/c/08211bba-f280-4373-8353-3b8eb171e989
2026-03-14T18:07:29.749415,tmobile,eth1,257.82,48.64,36.86,8.53,Accretive Networks,"Seattle, WA, United States",https://www.speedtest.net/result/c/cc73bc7c-89b3-4a3b-9820-485103f71524
2026-03-14T18:22:33.233092,tmobile,eth1,184.98,25.05,23.23,5.58,EZEE Fiber,"Seattle, WA, United States",https://www.speedtest.net/result/c/ae12b501-0afe-460e-a17c-d6a6271c8012
2026-03-14T18:37:25.983228,tmobile,eth1,225.62,43.54,35.02,12.93,Accretive Networks,"Seattle, WA, United States",https://www.speedtest.net/result/c/376b4d14-ad64-43af-907c-3260cae62372
2026-03-14T18:52:37.155712,tmobile,eth1,287.45,85.53,37.01,6.67,Sangoma,"Seattle, WA, United States",https://www.speedtest.net/result/c/450e204b-0dc2-4727-afbc-26b3614bda78
2026-03-14T19:07:28.375215,tmobile,eth1,236.7,41.86,20.17,1.27,Accretive Networks,"Seattle, WA, United States",https://www.speedtest.net/result/c/100a1e62-3185-4aff-99e0-0a9810ffd735
2026-03-14T19:22:34.152298,tmobile,eth1,215.76,32.58,26.5,8.99,EZEE Fiber,"Seattle, WA, United States",https://www.speedtest.net/result/c/0f6e01c3-ea90-4fc2-a235-85c62d8450a4
2026-03-14T19:37:37.345953,tmobile,eth1,280.58,42.15,20.37,1.94,EZEE Fiber,"Seattle, WA, United States",https://www.speedtest.net/result/c/18266244-083d-4deb-849d-3af7b4ddf820
2026-03-14T19:52:33.153308,tmobile,eth1,214.92,24.66,30.16,5.14,Nitel,"Seattle, WA, United States",https://www.speedtest.net/result/c/86c2f16e-48c7-4408-8a68-93aad1c00ffa
2026-03-14T20:07:28.307964,tmobile,eth1,239.07,36.06,26.76,5.34,Accretive Networks,"Seattle, WA, United States",https://www.speedtest.net/result/c/4ab574be-2c14-4340-9e4b-e2d69a91e0cb
2026-03-14T20:22:27.439115,tmobile,eth1,226.77,25.69,31.95,8.71,Accretive Networks,"Seattle, WA, United States",https://www.speedtest.net/result/c/699f4b72-d652-4da6-9d32-3f1b4c6365cb
2026-03-14T20:37:31.913456,tmobile,eth1,242.55,84.59,35.47,8.79,Accretive Networks,"Seattle, WA, United States",https://www.speedtest.net/result/c/3bad488b-388c-4470-b80a-99ffbf6b0613
2026-03-14T20:52:34.701351,tmobile,eth1,206.25,23.0,23.18,5.33,Accretive Networks,"Seattle, WA, United States",https://www.speedtest.net/result/c/d6407395-4223-402b-b6d6-b7d88dec64b8
2026-03-14T21:07:36.073587,tmobile,eth1,254.52,76.69,19.9,0.12,EZEE Fiber,"Seattle, WA, United States",https://www.speedtest.net/result/c/630ef980-41f0-4bc5-854b-4008d0dc46da
2026-03-14T21:22:31.094692,tmobile,eth1,263.33,22.98,20.44,5.25,Accretive Networks,"Seattle, WA, United States",https://www.speedtest.net/result/c/59c2eae6-fc2e-4dc0-921a-b24733528cdc
2026-03-14T21:37:37.516113,tmobile,eth1,265.34,78.69,20.13,0.23,Accretive Networks,"Seattle, WA, United States",https://www.speedtest.net/result/c/57d0d531-7707-4e5d-93af-6ede4ed88a97
2026-03-14T21:52:39.728900,tmobile,eth1,222.59,35.35,20.0,0.21,Accretive Networks,"Seattle, WA, United States",https://www.speedtest.net/result/c/c8734ec1-4428-4fa5-b2fa-567c1b9fa950
2026-03-14T22:07:40.589869,tmobile,eth1,117.42,21.61,32.62,5.38,Accretive Networks,"Seattle, WA, United States",https://www.speedtest.net/result/c/e477170e-2364-408f-9501-e96b75d7f744
2026-03-14T22:22:26.363278,tmobile,eth1,233.59,34.49,21.52,2.07,Accretive Networks,"Seattle, WA, United States",https://www.speedtest.net/result/c/9e7b2918-3ec2-4123-b8dc-04a1a1b65f67
2026-03-14T22:37:34.662350,tmobile,eth1,205.05,21.06,21.62,5.15,Accretive Networks,"Seattle, WA, United States",https://www.speedtest.net/result/c/03416f20-e348-4f7b-9546-4523e092851a
2026-03-14T22:52:31.726078,tmobile,eth1,249.71,31.1,32.52,4.88,Nitel,"Seattle, WA, United States",https://www.speedtest.net/result/c/35bb96d9-914a-42f1-99dc-62ea9a5aacee
2026-03-14T23:07:30.067230,tmobile,eth1,260.01,37.57,24.72,13.99,EZEE Fiber,"Seattle, WA, United States",https://www.speedtest.net/result/c/35cafb9f-f279-486c-bd36-3427a2d30e60
2026-03-14T23:22:34.170599,tmobile,eth1,278.36,37.7,20.25,2.47,EZEE Fiber,"Seattle, WA, United States",https://www.speedtest.net/result/c/2aa83278-31ec-4d3d-8ad0-03c2501abaa3
2026-03-14T23:37:29.790053,tmobile,eth1,299.45,39.45,29.77,7.31,Nitel,"Seattle, WA, United States",https://www.speedtest.net/result/c/2e516524-68d0-4f07-9468-02cdfb4a440a
2026-03-14T23:52:33.155165,tmobile,eth1,264.01,35.22,27.82,6.97,Nitel,"Seattle, WA, United States",https://www.speedtest.net/result/c/9b1a3836-5a3a-4dcf-84fb-1f2bb56ae368
2026-03-15T00:07:36.168880,tmobile,eth1,288.18,81.83,27.08,9.26,EZEE Fiber,"Seattle, WA, United States",https://www.speedtest.net/result/c/9541ba1c-bf84-4ef1-955f-d0d4cabee54d
2026-03-15T00:22:35.299149,tmobile,eth1,308.9,84.44,23.97,3.93,Accretive Networks,"Seattle, WA, United States",https://www.speedtest.net/result/c/58ca6f6f-851f-4c19-a7ab-85a8cf0aa0d4
2026-03-15T00:37:39.960990,tmobile,eth1,287.15,84.58,37.16,6.57,GSL Networks,"Seattle, WA, United States",https://www.speedtest.net/result/c/b47cf74c-8a8f-4ca9-aa3d-c3b8988d0c02
2026-03-15T00:52:28.521897,tmobile,eth1,342.57,38.93,21.5,7.47,Accretive Networks,"Seattle, WA, United States",https://www.speedtest.net/result/c/9e776167-8116-45a0-a3e0-9655a3f42a31
2026-03-15T01:07:37.001085,tmobile,eth1,372.35,86.59,23.43,11.29,Accretive Networks,"Seattle, WA, United States",https://www.speedtest.net/result/c/8f82b4df-402b-4e73-a677-9c85a5c6eaaa
2026-03-15T01:22:34.844881,tmobile,eth1,335.81,41.84,36.82,4.48,Ziply Fiber,"Seattle, WA, United States",https://www.speedtest.net/result/c/8c520e8f-2680-4df4-a82d-cccd3b36c2aa
2026-03-15T01:37:30.337027,tmobile,eth1,342.3,87.17,21.78,2.11,Accretive Networks,"Seattle, WA, United States",https://www.speedtest.net/result/c/98ef8052-c0ee-4b21-a5c1-0a02911c6829
2026-03-15T01:52:34.200097,tmobile,eth1,409.31,88.27,27.85,10.82,Accretive Networks,"Seattle, WA, United States",https://www.speedtest.net/result/c/f1b331a5-3d7d-4b84-8a94-271466c20b59
2026-03-15T02:07:37.177684,tmobile,eth1,344.88,94.2,21.44,7.53,EZEE Fiber,"Seattle, WA, United States",https://www.speedtest.net/result/c/2a3ed8ad-e05f-4739-9f12-5dddc73254f9
2026-03-15T02:22:36.792966,tmobile,eth1,273.97,29.88,19.98,0.13,Accretive Networks,"Seattle, WA, United States",https://www.speedtest.net/result/c/720d7e90-7c92-4425-8c7f-d46d523c2b63
2026-03-15T02:37:42.909463,tmobile,eth1,295.23,25.9,31.88,9.26,EZEE Fiber,"Seattle, WA, United States",https://www.speedtest.net/result/c/5aab9f21-c4cd-48a9-ad6a-9fe3bf1758f3
2026-03-15T02:52:40.850825,tmobile,eth1,188.95,36.0,20.11,1.17,Accretive Networks,"Seattle, WA, United States",https://www.speedtest.net/result/c/650d703e-557a-4a68-9584-155da47c8a6e
2026-03-15T03:07:33.627313,tmobile,eth1,238.46,46.87,25.09,11.69,Accretive Networks,"Seattle, WA, United States",https://www.speedtest.net/result/c/7fe8d6c2-38f7-40b3-85a8-1d29bcaf767d
2026-03-15T03:22:24.241996,tmobile,eth1,206.76,19.77,20.14,2.72,Accretive Networks,"Seattle, WA, United States",https://www.speedtest.net/result/c/25629f15-64e2-48f2-b921-1f0a6b5806d5
2026-03-15T03:37:33.039410,tmobile,eth1,400.11,100.67,20.09,0.94,Accretive Networks,"Seattle, WA, United States",https://www.speedtest.net/result/c/1d0fdb96-f6df-4d86-9f93-e70c152b6d7a
2026-03-15T03:52:29.247415,tmobile,eth1,398.95,102.32,20.14,1.35,Accretive Networks,"Seattle, WA, United States",https://www.speedtest.net/result/c/98f03171-60ed-4c17-bc2f-0f3d68171895
2026-03-15T04:07:24.865537,tmobile,eth1,379.12,43.09,19.91,0.61,Accretive Networks,"Seattle, WA, United States",https://www.speedtest.net/result/c/ed7de2fb-f9a7-4e97-b44c-ba0e28676a20
2026-03-15T04:22:38.742831,tmobile,eth1,206.58,49.78,20.36,5.33,Astound Broadband,"Seattle, WA, United States",https://www.speedtest.net/result/c/4fd7ae1b-a099-42e1-a084-0ebd463efe19
2026-03-15T04:37:40.097098,tmobile,eth1,415.2,40.74,19.73,0.98,Accretive Networks,"Seattle, WA, United States",https://www.speedtest.net/result/c/9787ad39-2186-448f-b5d2-a9c784560355
2026-03-15T04:52:26.719794,tmobile,eth1,257.94,48.46,23.81,3.58,EZEE Fiber,"Seattle, WA, United States",https://www.speedtest.net/result/c/bbb84767-83d8-44c2-b0ec-681a4dbad3de
2026-03-15T05:07:35.433497,tmobile,eth1,281.11,44.45,27.66,8.35,Accretive Networks,"Seattle, WA, United States",https://www.speedtest.net/result/c/1a194e58-8d81-49a1-a5a3-dcb993c12209
2026-03-15T05:22:29.556209,tmobile,eth1,405.77,39.31,23.53,3.96,Accretive Networks,"Seattle, WA, United States",https://www.speedtest.net/result/c/47ec6078-4766-4876-8053-a0ceb7c20c93
2026-03-15T05:37:37.282169,tmobile,eth1,298.7,49.79,21.48,6.36,Accretive Networks,"Seattle, WA, United States",https://www.speedtest.net/result/c/5aec16fb-a445-423d-b6d7-7bbe7ed2de28
2026-03-15T05:52:37.563370,tmobile,eth1,348.41,52.59,30.39,1.24,Nitel,"Seattle, WA, United States",https://www.speedtest.net/result/c/d2b41944-c486-4688-821c-783a6c6ec865
2026-03-15T06:07:31.275841,tmobile,eth1,406.76,100.5,19.9,0.36,Accretive Networks,"Seattle, WA, United States",https://www.speedtest.net/result/c/3c2876ec-3302-4ecb-8a11-d784f3c25135
2026-03-15T06:22:27.078346,tmobile,eth1,300.59,50.52,21.87,7.55,Accretive Networks,"Seattle, WA, United States",https://www.speedtest.net/result/c/eb2ce8fd-956e-49f4-83e1-d50ac2637286
2026-03-15T06:37:28.255841,tmobile,eth1,289.15,48.28,33.53,8.29,Nitel,"Seattle, WA, United States",https://www.speedtest.net/result/c/f8642c05-f188-4869-a940-bf279f7527fd
2026-03-15T06:52:34.414585,tmobile,eth1,358.29,45.96,20.27,3.28,Accretive Networks,"Seattle, WA, United States",https://www.speedtest.net/result/c/b37fffa0-bde2-43e4-97f6-77549df678d3
2026-03-15T07:07:33.263892,tmobile,eth1,233.6,47.09,32.82,10.11,Nitel,"Seattle, WA, United States",https://www.speedtest.net/result/c/d53560c9-714a-43ca-bc74-d28635e67c2f
2026-03-15T07:22:26.703388,tmobile,eth1,314.38,81.93,25.05,5.3,Accretive Networks,"Seattle, WA, United States",https://www.speedtest.net/result/c/f24be3b3-2dc5-4d46-aac4-d2ab8ad76329
2026-03-15T07:37:27.604449,tmobile,eth1,308.76,36.54,38.69,6.76,Accretive Networks,"Seattle, WA, United States",https://www.speedtest.net/result/c/6443de69-215c-44d9-862c-bc5572c70e79
2026-03-15T07:52:38.850011,tmobile,eth1,246.85,39.43,28.36,7.38,EZEE Fiber,"Seattle, WA, United States",https://www.speedtest.net/result/c/ed27344c-caf6-43e9-93c6-4472e0bb8a93
2026-03-15T08:07:34.671624,tmobile,eth1,352.59,37.83,19.98,0.36,Accretive Networks,"Seattle, WA, United States",https://www.speedtest.net/result/c/94558cf4-f68f-4e07-a91c-3180dcd97e28
2026-03-15T08:22:38.656045,tmobile,eth1,313.88,39.89,21.51,1.86,EZEE Fiber,"Seattle, WA, United States",https://www.speedtest.net/result/c/898dc46f-c262-435f-bf4a-771d155c8778
2026-03-15T08:37:34.989468,tmobile,eth1,302.4,34.35,29.96,9.73,EZEE Fiber,"Seattle, WA, United States",https://www.speedtest.net/result/c/51bd2b4e-8ad0-43b7-9941-1fb30f7ac944
2026-03-15T08:52:28.994387,tmobile,eth1,323.21,39.5,21.52,1.43,EZEE Fiber,"Seattle, WA, United States",https://www.speedtest.net/result/c/0efb39ca-fced-4913-97ad-1a43867b19aa
2026-03-15T09:07:38.952548,tmobile,eth1,368.86,36.2,36.71,4.38,Nitel,"Seattle, WA, United States",https://www.speedtest.net/result/c/80303071-f146-41d0-b0ab-a3d643e8f178
2026-03-15T09:22:24.677431,tmobile,eth1,283.77,34.02,26.71,10.95,Accretive Networks,"Seattle, WA, United States",https://www.speedtest.net/result/c/f14a8d1e-91db-487c-802a-0601de01fe22
2026-03-15T09:37:37.625051,tmobile,eth1,322.8,80.87,19.76,0.44,EZEE Fiber,"Seattle, WA, United States",https://www.speedtest.net/result/c/2421cfeb-5eb9-4b00-8b3a-30c2a8fb5623
2026-03-15T09:52:26.281640,tmobile,eth1,297.85,31.88,24.73,11.7,Accretive Networks,"Seattle, WA, United States",https://www.speedtest.net/result/c/8a5b9641-4711-41c5-84b5-ac86306f5c96
2026-03-15T10:07:36.257948,tmobile,eth1,277.28,33.54,32.13,11.94,Accretive Networks,"Seattle, WA, United States",https://www.speedtest.net/result/c/6657ab88-d1bd-4417-94c7-1d25e796059e
2026-03-15T10:22:30.916681,tmobile,eth1,251.15,34.65,39.99,0.19,Accretive Networks,"Seattle, WA, United States",https://www.speedtest.net/result/c/a2f1bbad-2d2a-4b12-bf50-0616f7428a97
2026-03-15T10:37:38.308971,tmobile,eth1,271.27,74.94,21.69,7.59,Accretive Networks,"Seattle, WA, United States",https://www.speedtest.net/result/c/0b61385f-f37e-4922-88c5-8d973ebcd55e
2026-03-15T10:52:32.126289,tmobile,eth1,220.15,32.66,19.92,0.47,EZEE Fiber,"Seattle, WA, United States",https://www.speedtest.net/result/c/c5503d42-43d3-416e-a235-eab9e668fd29
2026-03-15T11:07:33.988363,tmobile,eth1,235.36,33.42,25.42,8.87,Nitel,"Seattle, WA, United States",https://www.speedtest.net/result/c/e04d4b96-312b-4558-91e0-bcd57e7565cc
2026-03-15T11:22:42.115986,tmobile,eth1,264.47,80.64,21.46,3.75,EZEE Fiber,"Seattle, WA, United States",https://www.speedtest.net/result/c/99efedde-30ae-4ca7-a403-cbf92665f742
2026-03-15T11:37:35.802242,tmobile,eth1,276.19,28.51,36.91,6.37,Ziply Fiber,"Seattle, WA, United States",https://www.speedtest.net/result/c/c64dac3b-a552-4476-bc29-ecd13adcaee5
2026-03-15T11:52:41.280681,tmobile,eth1,241.87,78.28,30.69,4.84,Nitel,"Seattle, WA, United States",https://www.speedtest.net/result/c/b3503101-c385-41e1-9727-70461f0374ef
2026-03-15T12:07:32.421275,tmobile,eth1,219.19,35.29,23.49,5.04,Accretive Networks,"Seattle, WA, United States",https://www.speedtest.net/result/c/5d080f18-75da-423a-ad33-b70fb46a2ff8
2026-03-15T12:22:33.957953,tmobile,eth1,256.95,32.38,36.94,4.0,Ziply Fiber,"Seattle, WA, United States",https://www.speedtest.net/result/c/3fefb51f-38e9-4655-a806-cedb2910a4b7
2026-03-15T12:37:32.517943,tmobile,eth1,256.86,74.9,25.91,7.45,EZEE Fiber,"Seattle, WA, United States",https://www.speedtest.net/result/c/e9358f3d-181d-4f05-a4cf-84e343932ca3
2026-03-15T12:52:32.719360,tmobile,eth1,253.2,82.08,26.57,7.33,Accretive Networks,"Seattle, WA, United States",https://www.speedtest.net/result/c/7b2c7ce1-540a-432c-9131-8cba480bb0a7
2026-03-15T13:07:34.269507,tmobile,eth1,283.15,79.79,33.44,5.87,Ziply Fiber,"Seattle, WA, United States",https://www.speedtest.net/result/c/3323df85-26dc-49c4-a3c7-bbfef9de0a61
2026-03-15T13:22:34.951608,tmobile,eth1,239.0,18.24,34.26,6.67,"KamaTera, Inc.","Seattle, WA, United States",https://www.speedtest.net/result/c/7ef48bd5-9297-42fe-a927-1b180f0ae403
2026-03-15T13:37:34.841606,tmobile,eth1,146.73,26.55,32.56,6.8,Accretive Networks,"Seattle, WA, United States",https://www.speedtest.net/result/c/ec98afcf-9648-45bf-ad10-eec1112984be
2026-03-15T13:52:40.342414,tmobile,eth1,302.94,50.82,24.79,6.06,EZEE Fiber,"Seattle, WA, United States",https://www.speedtest.net/result/c/b5803b65-92b1-451b-88bf-a1ba4fd6e0e4
2026-03-15T14:07:37.031430,tmobile,eth1,220.09,25.19,28.18,3.93,Nitel,"Seattle, WA, United States",https://www.speedtest.net/result/c/2d7237fa-01b4-4130-9b6f-2b61e2576e4e
2026-03-15T14:22:36.798533,tmobile,eth1,206.35,18.73,32.46,9.36,Accretive Networks,"Seattle, WA, United States",https://www.speedtest.net/result/c/42651fe1-cb88-49a2-9477-1ab0abd1e8f3
2026-03-15T14:37:39.883437,tmobile,eth1,243.24,26.86,30.04,6.47,Accretive Networks,"Seattle, WA, United States",https://www.speedtest.net/result/c/e022bd49-9a6b-42b7-9919-5ccba741eaf0
2026-03-15T14:52:36.891760,tmobile,eth1,189.67,28.6,30.63,10.92,Accretive Networks,"Seattle, WA, United States",https://www.speedtest.net/result/c/bbb7dc94-fd8f-4b23-be91-933c9a4f5e38
2026-03-15T15:07:34.343287,tmobile,eth1,156.65,29.31,36.59,10.39,Accretive Networks,"Seattle, WA, United States",https://www.speedtest.net/result/c/47f116d7-6cad-4b27-8467-4821a0033a0e
2026-03-15T15:22:39.325352,tmobile,eth1,137.08,27.46,34.55,16.14,Ziply Fiber,"Seattle, WA, United States",https://www.speedtest.net/result/c/cfcab807-b270-4b2f-a3d7-ee1beb3a8e62
2026-03-15T15:37:37.763882,tmobile,eth1,183.22,29.25,29.71,11.23,Nitel,"Seattle, WA, United States",https://www.speedtest.net/result/c/66d84f6e-4020-4e02-a676-71c10b2d8e92
2026-03-15T15:52:35.800825,tmobile,eth1,53.64,25.51,27.48,7.46,Accretive Networks,"Seattle, WA, United States",https://www.speedtest.net/result/c/69a574e5-1714-40de-ba1a-b910e1c4f1fa
2026-03-15T16:07:28.251580,tmobile,eth1,147.39,22.27,21.56,2.89,Accretive Networks,"Seattle, WA, United States",https://www.speedtest.net/result/c/81f48c24-6b5c-4b71-9b6f-e31e4256775d
2026-03-15T16:22:30.304262,tmobile,eth1,224.42,34.96,20.64,3.0,EZEE Fiber,"Seattle, WA, United States",https://www.speedtest.net/result/c/7b97bd57-b576-4c92-92d5-0893ecd91a18
2026-03-15T16:37:40.563038,tmobile,eth1,206.46,26.96,23.63,1.84,Accretive Networks,"Seattle, WA, United States",https://www.speedtest.net/result/c/5cf8a2b2-3b49-4ca9-82fe-1582afdd79f3
2026-03-15T16:52:43.587605,tmobile,eth1,159.46,7.22,36.1,3.88,EZEE Fiber,"Seattle, WA, United States",https://www.speedtest.net/result/c/fe11ee92-ba3d-4dcd-8e5c-02c2c801f725
2026-03-15T17:07:29.113583,tmobile,eth1,203.7,81.75,19.95,0.68,Accretive Networks,"Seattle, WA, United States",https://www.speedtest.net/result/c/00033a5d-b0b7-43fb-8c7d-748fa8c14d55
2026-03-15T17:22:37.704165,tmobile,eth1,223.55,24.21,26.75,8.01,EZEE Fiber,"Seattle, WA, United States",https://www.speedtest.net/result/c/992a5ac6-dcd5-42d7-ab99-59b1109ab2ea
2026-03-15T17:37:29.952880,tmobile,eth1,322.18,46.35,39.88,2.19,Accretive Networks,"Seattle, WA, United States",https://www.speedtest.net/result/c/d8e9b67b-5e28-4550-bcd7-e6afdced2f31
2026-03-15T17:52:41.247541,tmobile,eth1,204.22,42.65,39.95,0.53,EZEE Fiber,"Seattle, WA, United States",https://www.speedtest.net/result/c/20e329bc-a74b-495e-9350-99709c8635a0
2026-03-15T18:07:27.068820,tmobile,eth1,215.81,39.63,21.59,7.17,Accretive Networks,"Seattle, WA, United States",https://www.speedtest.net/result/c/caef6fd6-fd1c-4c5a-af7b-8491fa2be7b2
2026-03-15T18:22:41.842480,tmobile,eth1,167.74,19.89,30.18,5.42,Accretive Networks,"Seattle, WA, United States",https://www.speedtest.net/result/c/f6883a9d-917a-4c7d-b426-c4454a1a0da7
2026-03-15T18:37:36.399603,tmobile,eth1,160.5,21.63,36.19,4.32,Accretive Networks,"Seattle, WA, United States",https://www.speedtest.net/result/c/a4556e77-2b3e-4eed-b680-1a6751ad756b
2026-03-15T18:52:30.104531,tmobile,eth1,279.81,42.74,38.31,8.9,EZEE Fiber,"Seattle, WA, United States",https://www.speedtest.net/result/c/3750aaf3-78c3-401f-b315-63d26afb7062
2026-03-15T19:07:40.419682,tmobile,eth1,205.94,42.23,27.06,9.48,GSL Networks,"Seattle, WA, United States",https://www.speedtest.net/result/c/735b1b39-75b0-4da0-bcfa-03327703b758
2026-03-15T19:22:35.302329,tmobile,eth1,193.55,42.3,19.92,0.25,Accretive Networks,"Seattle, WA, United States",https://www.speedtest.net/result/c/623bc7fe-cfa0-47b7-a7b0-fef4df3f7ad9
2026-03-15T19:37:33.767874,tmobile,eth1,224.52,35.75,28.06,12.5,EZEE Fiber,"Seattle, WA, United States",https://www.speedtest.net/result/c/44b0bde5-021f-4066-8b34-d141657f3057
2026-03-15T19:52:33.291693,tmobile,eth1,246.46,40.75,21.74,1.95,Accretive Networks,"Seattle, WA, United States",https://www.speedtest.net/result/c/140387e4-92ad-47c6-ad8a-8aba41b65c55
2026-03-15T20:07:35.822321,tmobile,eth1,286.02,40.97,20.05,0.39,EZEE Fiber,"Seattle, WA, United States",https://www.speedtest.net/result/c/d10fe6ae-8c1a-412c-a775-de99ef0b5abd
2026-03-15T20:22:29.886812,tmobile,eth1,266.95,81.18,26.59,10.09,Accretive Networks,"Seattle, WA, United States",https://www.speedtest.net/result/c/a10cd7bc-4a02-427b-b3c7-7b60c4f8813b
2026-03-15T20:37:29.224822,tmobile,eth1,243.62,35.9,20.0,0.49,Accretive Networks,"Seattle, WA, United States",https://www.speedtest.net/result/c/873ab3f2-8e5d-4a30-8e53-757737fa5efb
2026-03-15T20:52:23.727007,tmobile,eth1,279.22,49.71,26.36,5.41,Accretive Networks,"Seattle, WA, United States",https://www.speedtest.net/result/c/8ef399e3-d3f5-4242-acd5-1b14cf7b1ea3
2026-03-15T21:07:31.278830,tmobile,eth1,242.05,45.48,39.81,5.27,Accretive Networks,"Seattle, WA, United States",https://www.speedtest.net/result/c/3d1c5ca9-ce4f-433d-8aa4-4bf1735f0274
2026-03-15T21:22:33.932247,tmobile,eth1,218.59,42.6,19.95,1.46,Accretive Networks,"Seattle, WA, United States",https://www.speedtest.net/result/c/0830ad1d-4156-4e74-b46e-e0b93ab874a3
2026-03-15T21:37:29.128549,tmobile,eth1,239.17,41.85,31.24,7.77,EZEE Fiber,"Seattle, WA, United States",https://www.speedtest.net/result/c/ef5dcf7f-3b16-4832-a767-97be44dc0468
2026-03-15T21:52:29.883221,tmobile,eth1,292.79,53.72,21.72,3.91,Accretive Networks,"Seattle, WA, United States",https://www.speedtest.net/result/c/d3aaaa7d-9ef2-47f1-8e46-6d554b934d5c
2026-03-15T22:07:41.187727,tmobile,eth1,185.02,32.33,27.21,6.43,EZEE Fiber,"Seattle, WA, United States",https://www.speedtest.net/result/c/513d5550-154d-4df3-826e-fd2985ebe9e1
2026-03-15T22:22:36.214611,tmobile,eth1,287.78,38.71,19.94,0.35,Accretive Networks,"Seattle, WA, United States",https://www.speedtest.net/result/c/74458369-8072-4c9a-9ed7-8414361e5227
2026-03-15T22:37:38.869755,tmobile,eth1,215.59,44.55,19.96,0.24,EZEE Fiber,"Seattle, WA, United States",https://www.speedtest.net/result/c/d53c6108-c83a-409e-badf-7438554e4fa8
2026-03-15T22:52:35.959415,tmobile,eth1,325.86,84.74,21.95,9.68,Accretive Networks,"Seattle, WA, United States",https://www.speedtest.net/result/c/536a84d1-140b-4267-a013-74d601ad9642
2026-03-15T23:07:34.289316,tmobile,eth1,317.94,48.1,23.55,5.01,Accretive Networks,"Seattle, WA, United States",https://www.speedtest.net/result/c/60ed1fd2-682b-4fa4-a9c4-8395a006f6ab
2026-03-15T23:22:30.741078,tmobile,eth1,227.27,40.71,41.52,7.11,Accretive Networks,"Seattle, WA, United States",https://www.speedtest.net/result/c/9e91bcdb-db76-4227-b365-7b266c86a711
2026-03-15T23:37:37.939501,tmobile,eth1,214.61,35.28,26.27,10.62,Accretive Networks,"Seattle, WA, United States",https://www.speedtest.net/result/c/0b5413d8-7111-43b0-86da-309f8839e163
2026-03-15T23:52:31.193019,tmobile,eth1,294.99,28.71,24.89,5.94,Accretive Networks,"Seattle, WA, United States",https://www.speedtest.net/result/c/26a33ead-7cae-473d-aa13-2d3f46b09a9f
2026-03-16T00:07:39.348090,tmobile,eth1,327.2,49.68,34.15,20.8,Sangoma,"Seattle, WA, United States",https://www.speedtest.net/result/c/41314fd4-ea76-4a8c-a786-a0d379db35e0
2026-03-16T00:22:41.597021,tmobile,eth1,256.71,25.37,22.06,7.38,Accretive Networks,"Seattle, WA, United States",https://www.speedtest.net/result/c/1bda2e8d-0d73-4d8f-9d7f-6fc9d5ac31b7
2026-03-16T00:37:34.698491,tmobile,eth1,289.59,33.81,38.43,4.79,Accretive Networks,"Seattle, WA, United States",https://www.speedtest.net/result/c/eafae4af-d934-44e8-bcd1-9098e525f4e8
2026-03-16T00:52:37.398712,tmobile,eth1,193.29,29.52,21.45,8.88,Accretive Networks,"Seattle, WA, United States",https://www.speedtest.net/result/c/2ad1a8fd-1e62-42c9-aa27-ba0920d280d0
2026-03-16T01:07:25.935448,tmobile,eth1,331.88,87.71,20.17,1.25,Accretive Networks,"Seattle, WA, United States",https://www.speedtest.net/result/c/f9ebcd09-b29e-4c68-b85d-cc9845b5b47d
2026-03-16T01:22:37.160024,tmobile,eth1,407.04,75.99,24.97,3.93,GSL Networks,"Seattle, WA, United States",https://www.speedtest.net/result/c/07900b58-afd8-4183-a24d-491ef925760d
2026-03-16T01:37:34.389083,tmobile,eth1,226.71,41.3,24.43,4.99,Accretive Networks,"Seattle, WA, United States",https://www.speedtest.net/result/c/abc0269f-6d9a-4525-ad64-5468c335338e
2026-03-16T01:52:30.296914,tmobile,eth1,423.63,92.59,35.23,11.38,Accretive Networks,"Seattle, WA, United States",https://www.speedtest.net/result/c/ae90b090-f158-4ca0-bb01-38ecf1bfe3e3
2026-03-16T02:07:33.315706,tmobile,eth1,353.81,44.54,39.94,1.39,Accretive Networks,"Seattle, WA, United States",https://www.speedtest.net/result/c/dc274565-e5b9-46a8-a18e-4742b5764e7a
2026-03-16T02:22:23.975782,tmobile,eth1,320.43,88.6,21.75,5.54,Accretive Networks,"Seattle, WA, United States",https://www.speedtest.net/result/c/7864feff-07d5-4054-9c4d-4dfebba7f18f
2026-03-16T02:37:34.573473,tmobile,eth1,362.03,39.87,19.97,0.94,Accretive Networks,"Seattle, WA, United States",https://www.speedtest.net/result/c/d0ffdf87-a7a1-4467-877b-229018bf8ade
2026-03-16T02:52:30.792305,tmobile,eth1,195.92,46.66,21.59,6.37,Accretive Networks,"Seattle, WA, United States",https://www.speedtest.net/result/c/3bf5fad3-232b-4071-a2fc-5686afd0688e
2026-03-16T03:07:39.737660,tmobile,eth1,330.69,28.22,32.6,11.75,GSL Networks,"Seattle, WA, United States",https://www.speedtest.net/result/c/5ed73a7b-e765-47ee-bb81-3e18c2c39062
2026-03-16T03:22:36.782049,tmobile,eth1,373.74,95.78,21.52,2.64,Accretive Networks,"Seattle, WA, United States",https://www.speedtest.net/result/c/463762ed-92cb-4c37-a9a6-b6642cd4cb8c
2026-03-16T03:37:34.445656,tmobile,eth1,268.77,35.63,20.5,1.76,Accretive Networks,"Seattle, WA, United States",https://www.speedtest.net/result/c/4b9a615a-8965-4ac1-a875-8c1e6cef9654
2026-03-16T03:52:33.855476,tmobile,eth1,237.34,35.59,20.14,0.51,Accretive Networks,"Seattle, WA, United States",https://www.speedtest.net/result/c/d955c79d-c640-464e-9f0c-743a6dc81073
2026-03-16T04:07:31.930697,tmobile,eth1,289.15,42.6,26.43,6.86,Accretive Networks,"Seattle, WA, United States",https://www.speedtest.net/result/c/b05f9fe1-f562-4106-8832-a9391b4289ad
2026-03-16T04:22:43.632788,tmobile,eth1,391.61,59.0,36.84,7.25,GSL Networks,"Seattle, WA, United States",https://www.speedtest.net/result/c/a28b06d8-71fe-4b98-8a71-510261c30e66
2026-03-16T04:37:38.543673,tmobile,eth1,378.79,51.53,24.68,5.21,EZEE Fiber,"Seattle, WA, United States",https://www.speedtest.net/result/c/95460ca1-93f3-4f4e-8a1e-59c59efd6cd4
2026-03-16T04:52:31.631826,tmobile,eth1,206.41,46.07,20.06,0.12,Accretive Networks,"Seattle, WA, United States",https://www.speedtest.net/result/c/f279ac2b-abe3-4aee-9cd7-0607be75456d
2026-03-16T05:07:38.547621,tmobile,eth1,394.62,44.76,20.3,7.87,Accretive Networks,"Seattle, WA, United States",https://www.speedtest.net/result/c/1f096703-3133-4aa2-b2a5-445fdc1011f2
2026-03-16T05:22:42.537424,tmobile,eth1,340.25,36.7,26.46,6.0,EZEE Fiber,"Seattle, WA, United States",https://www.speedtest.net/result/c/5e47af16-678b-4733-a4fd-f0f4062f041d
2026-03-16T05:37:37.638271,tmobile,eth1,282.39,37.26,26.9,6.67,Accretive Networks,"Seattle, WA, United States",https://www.speedtest.net/result/c/3bf0fb01-8809-4406-9ced-c2e50177cf6a
2026-03-16T05:52:33.387600,tmobile,eth1,341.48,41.67,25.07,8.57,Accretive Networks,"Seattle, WA, United States",https://www.speedtest.net/result/c/59d15ac7-48ac-4351-a45d-9a65ebe95104
2026-03-16T06:07:29.314666,tmobile,eth1,371.15,47.6,20.43,1.71,Accretive Networks,"Seattle, WA, United States",https://www.speedtest.net/result/c/393322e5-fca8-4fcb-a273-de4e09f84bd4
2026-03-16T06:22:35.480076,tmobile,eth1,239.57,38.43,21.59,8.98,Accretive Networks,"Seattle, WA, United States",https://www.speedtest.net/result/c/59c6face-8e36-4a91-b920-b1c9f43f6fd8
2026-03-16T06:37:29.695358,tmobile,eth1,299.09,46.09,19.91,0.29,Accretive Networks,"Seattle, WA, United States",https://www.speedtest.net/result/c/d796e849-0074-4118-85f4-ad3c6f1453c0
2026-03-16T06:52:45.775396,tmobile,eth1,273.68,35.69,21.79,9.24,EZEE Fiber,"Seattle, WA, United States",https://www.speedtest.net/result/c/89146a3c-81a2-4875-9d09-9a1c5f97a627
2026-03-16T07:07:38.598331,tmobile,eth1,239.69,43.51,19.57,1.38,EZEE Fiber,"Seattle, WA, United States",https://www.speedtest.net/result/c/dfc4aec8-17d6-4c66-b17e-dc7ebebe698b
2026-03-16T07:22:34.734452,tmobile,eth1,270.4,41.36,21.48,1.31,Accretive Networks,"Seattle, WA, United States",https://www.speedtest.net/result/c/d1e8b6a2-735c-452e-8dbd-25b8087af737
2026-03-16T07:52:33.004095,tmobile,eth1,278.93,37.43,20.95,3.33,Accretive Networks,"Seattle, WA, United States",https://www.speedtest.net/result/c/3e5c0687-7936-4ca5-80f7-8a664c267a14
2026-03-16T08:07:29.067607,tmobile,eth1,298.07,76.92,31.31,11.34,EZEE Fiber,"Seattle, WA, United States",https://www.speedtest.net/result/c/2a90c81a-c4cd-4ce9-8104-117f1930ad9a
2026-03-16T08:22:38.295868,tmobile,eth1,240.07,20.62,24.73,6.22,Accretive Networks,"Seattle, WA, United States",https://www.speedtest.net/result/c/46f1beb4-65a2-4115-9858-2d158d0e493f
2026-03-16T08:37:29.137878,tmobile,eth1,261.83,34.92,26.03,8.03,Accretive Networks,"Seattle, WA, United States",https://www.speedtest.net/result/c/b296d603-5024-491a-bd7a-9bf8a27697c2
2026-03-16T08:52:40.246962,tmobile,eth1,303.62,43.29,38.29,8.16,Ziply Fiber,"Seattle, WA, United States",https://www.speedtest.net/result/c/27799687-b7d3-4521-8b2f-f12b73e1c8d4
2026-03-16T09:07:33.529224,tmobile,eth1,295.67,96.27,19.88,0.7,Accretive Networks,"Seattle, WA, United States",https://www.speedtest.net/result/c/40f4f42e-762b-4a09-8d4c-519b1f445d5c
2026-03-16T09:22:39.641406,tmobile,eth1,278.79,83.35,26.54,6.33,Accretive Networks,"Seattle, WA, United States",https://www.speedtest.net/result/c/27e82c6a-4238-4236-9ede-48e151196332
2026-03-16T09:37:41.561003,tmobile,eth1,31.81,44.3,33.8,12.6,Astound Broadband,"Seattle, WA, United States",https://www.speedtest.net/result/c/15dd943f-56bd-4859-ad5c-14c96f9b7a1b
2026-03-16T09:52:29.695170,tmobile,eth1,269.65,40.33,31.3,6.44,Accretive Networks,"Seattle, WA, United States",https://www.speedtest.net/result/c/3be2e5da-a239-41cb-b630-c343f00d2914
2026-03-16T10:07:39.901974,tmobile,eth1,298.99,44.14,23.13,2.18,EZEE Fiber,"Seattle, WA, United States",https://www.speedtest.net/result/c/8a48160d-393d-41ee-ae49-80af17a34938
2026-03-16T10:22:32.739904,tmobile,eth1,320.55,39.44,20.03,0.42,Accretive Networks,"Seattle, WA, United States",https://www.speedtest.net/result/c/e17f4515-c9fa-4d38-95b7-ce1b806dc806
2026-03-16T10:37:32.300968,tmobile,eth1,301.38,42.12,21.58,2.56,Accretive Networks,"Seattle, WA, United States",https://www.speedtest.net/result/c/71450c71-4772-4aef-b1b4-bb6059ec3ce8
2026-03-16T10:52:36.175879,tmobile,eth1,264.99,40.67,19.98,0.42,Accretive Networks,"Seattle, WA, United States",https://www.speedtest.net/result/c/55ca98a7-8bb2-4ea2-9883-b68585522c78
2026-03-16T11:07:33.513891,tmobile,eth1,286.49,39.6,27.97,6.78,Accretive Networks,"Seattle, WA, United States",https://www.speedtest.net/result/c/290dba76-4be8-40af-b3cd-ae20e2b04e51
2026-03-16T11:22:29.249872,tmobile,eth1,288.57,47.66,25.15,3.43,Accretive Networks,"Seattle, WA, United States",https://www.speedtest.net/result/c/4e818116-6da4-453e-9f50-a851e168a0c6
2026-03-16T11:37:35.289633,tmobile,eth1,259.58,33.9,22.16,4.45,Accretive Networks,"Seattle, WA, United States",https://www.speedtest.net/result/c/13c41f22-065f-4a6e-ae65-9f1aa48180e1
2026-03-16T11:52:30.109370,tmobile,eth1,294.28,44.41,20.16,2.42,Accretive Networks,"Seattle, WA, United States",https://www.speedtest.net/result/c/01ca01c3-1b72-42fd-b7f1-c293d90d0f17
2026-03-16T12:07:33.347302,tmobile,eth1,302.62,42.77,31.94,5.11,Accretive Networks,"Seattle, WA, United States",https://www.speedtest.net/result/c/bc958ada-b2f0-4c53-8759-4db72c3d3e8e
2026-03-16T12:22:25.130533,tmobile,eth1,271.16,41.67,19.95,0.45,Accretive Networks,"Seattle, WA, United States",https://www.speedtest.net/result/c/4ebe106b-1223-43cb-a4c6-6841c1242674
2026-03-16T12:37:41.406903,tmobile,eth1,256.3,44.64,20.01,0.71,EZEE Fiber,"Seattle, WA, United States",https://www.speedtest.net/result/c/c78a3ff4-c698-441a-a03b-f880c886307d
2026-03-16T12:52:37.045033,tmobile,eth1,262.91,43.23,21.66,2.59,Nitel,"Seattle, WA, United States",https://www.speedtest.net/result/c/8f65829a-0750-4e2d-b123-e53b07128a7b
2026-03-16T13:07:30.750938,tmobile,eth1,297.3,51.52,21.58,2.29,Accretive Networks,"Seattle, WA, United States",https://www.speedtest.net/result/c/51de3377-e17e-4812-a11f-295e9df1a31f
2026-03-16T13:22:30.848607,tmobile,eth1,290.21,44.38,20.02,4.2,Accretive Networks,"Seattle, WA, United States",https://www.speedtest.net/result/c/cd3dbf6d-b19f-4c40-a492-f4f19f68b5e5
2026-03-16T13:37:32.326902,tmobile,eth1,279.59,49.02,21.75,3.24,EZEE Fiber,"Seattle, WA, United States",https://www.speedtest.net/result/c/0f4b4a76-19a5-4087-94c9-32698810377a
2026-03-16T13:52:32.915376,tmobile,eth1,278.27,42.72,20.1,2.26,Accretive Networks,"Seattle, WA, United States",https://www.speedtest.net/result/c/716289ae-3829-44de-8c31-538e563bd9de
2026-03-16T14:07:32.171101,tmobile,eth1,324.41,17.34,21.62,8.27,Accretive Networks,"Seattle, WA, United States",https://www.speedtest.net/result/c/00bb838d-6bee-4e17-8867-36637be372d0
2026-03-16T14:22:36.192014,tmobile,eth1,284.33,85.32,20.32,2.5,Accretive Networks,"Seattle, WA, United States",https://www.speedtest.net/result/c/92eb21d8-8a2d-4cd2-a26b-01708c9af2cd
2026-03-16T14:37:30.535486,tmobile,eth1,329.43,41.26,38.55,9.53,Accretive Networks,"Seattle, WA, United States",https://www.speedtest.net/result/c/2511d999-89bf-4a70-9313-0f0a8144fc77
2026-03-16T14:52:32.027991,tmobile,eth1,296.14,40.56,32.43,13.14,Astound Broadband,"Seattle, WA, United States",https://www.speedtest.net/result/c/21d400e8-85b3-4cb1-a74c-189a2801936e
2026-03-16T15:07:34.784185,tmobile,eth1,201.71,17.92,23.7,9.29,Accretive Networks,"Seattle, WA, United States",https://www.speedtest.net/result/c/ad5ef24d-4df1-4480-a621-48a8686f000f
2026-03-16T15:22:29.200778,tmobile,eth1,221.24,48.18,19.97,1.22,Accretive Networks,"Seattle, WA, United States",https://www.speedtest.net/result/c/6c2f6044-e3a7-4bc6-bc96-c447e477044a
2026-03-16T15:37:32.552691,tmobile,eth1,237.7,46.7,26.14,6.74,Nitel,"Seattle, WA, United States",https://www.speedtest.net/result/c/1bb87f08-c896-4ec9-b9ba-5fee8ccc1fe0
2026-03-16T15:52:38.948620,tmobile,eth1,265.59,63.27,28.45,5.7,EZEE Fiber,"Seattle, WA, United States",https://www.speedtest.net/result/c/a2fd18b0-4d39-4482-bad5-83f7efb09e56
2026-03-16T16:07:37.400906,tmobile,eth1,276.72,15.04,22.7,9.71,EZEE Fiber,"Seattle, WA, United States",https://www.speedtest.net/result/c/294cfe95-ef6c-4444-9534-643a577b373f
2026-03-16T16:22:40.696330,tmobile,eth1,251.75,40.15,26.08,10.1,EZEE Fiber,"Seattle, WA, United States",https://www.speedtest.net/result/c/1761655f-24fa-4716-86df-eaa0c901cae0
2026-03-16T16:37:40.919479,tmobile,eth1,258.44,10.71,35.78,14.65,Nitel,"Seattle, WA, United States",https://www.speedtest.net/result/c/494f9ace-27f0-4d02-ad3d-62e6c3e6bc76
2026-03-16T16:52:33.459316,tmobile,eth1,215.61,46.43,19.82,1.07,Accretive Networks,"Seattle, WA, United States",https://www.speedtest.net/result/c/60a0aee0-c343-483f-b56a-f06d1199a805
2026-03-16T17:07:33.919351,tmobile,eth1,281.69,16.05,20.09,1.94,EZEE Fiber,"Seattle, WA, United States",https://www.speedtest.net/result/c/da3dff45-0fc3-43c7-8f5d-38a0e9eccfcb
2026-03-16T17:22:33.214042,tmobile,eth1,233.5,43.28,20.36,2.13,Accretive Networks,"Seattle, WA, United States",https://www.speedtest.net/result/c/596d3d3d-c73e-412a-bbe0-5e1cca6a5c82
2026-03-16T17:37:33.490700,tmobile,eth1,227.09,28.86,19.74,2.98,EZEE Fiber,"Seattle, WA, United States",https://www.speedtest.net/result/c/1148ff37-3a86-4018-8933-0b5efa2f8143
2026-03-16T17:52:35.780537,tmobile,eth1,248.86,36.27,20.09,2.1,EZEE Fiber,"Seattle, WA, United States",https://www.speedtest.net/result/c/5cd5ab35-0760-4926-85e9-e137e80959cd
2026-03-16T18:07:26.683607,tmobile,eth1,267.28,34.87,30.75,5.66,Nitel,"Seattle, WA, United States",https://www.speedtest.net/result/c/adc23627-aa62-4259-99ab-36a63c83ec58
2026-03-16T18:22:40.341926,tmobile,eth1,231.57,40.39,509.68,134.54,Accretive Networks,"Seattle, WA, United States",https://www.speedtest.net/result/c/bc8741b5-588f-4f9c-a3a7-6e1c27d67316
2026-03-16T18:37:41.146916,tmobile,eth1,249.67,38.47,36.67,9.55,Accretive Networks,"Seattle, WA, United States",https://www.speedtest.net/result/c/c0b8624e-c9ea-406c-ad36-ba6fd569786b
2026-03-16T18:52:35.264980,tmobile,eth1,224.39,43.99,19.95,0.3,Accretive Networks,"Seattle, WA, United States",https://www.speedtest.net/result/c/1b77b5be-83bd-407e-8b3d-c8d277e60903
2026-03-16T19:07:30.768844,tmobile,eth1,187.87,40.19,20.14,10.74,EZEE Fiber,"Seattle, WA, United States",https://www.speedtest.net/result/c/f8e0fab2-c294-4cd4-a1e6-096cbd34adfa
2026-03-16T19:22:35.949838,tmobile,eth1,265.29,43.78,37.85,11.55,Nitel,"Seattle, WA, United States",https://www.speedtest.net/result/c/23f64733-44c5-4eba-bf60-6a05744ab611
2026-03-16T19:37:33.540806,tmobile,eth1,257.31,45.58,34.16,5.48,Nitel,"Seattle, WA, United States",https://www.speedtest.net/result/c/60901cfd-b53e-48d7-88fd-37c7bc423c13
2026-03-16T19:52:32.990817,tmobile,eth1,239.61,41.46,19.87,0.67,Accretive Networks,"Seattle, WA, United States",https://www.speedtest.net/result/c/de8e8dab-b467-46d6-b033-f2946e3b307b
2026-03-16T20:07:34.683814,tmobile,eth1,206.94,34.1,19.93,0.23,Accretive Networks,"Seattle, WA, United States",https://www.speedtest.net/result/c/8ffccda3-bfc0-4d77-9045-134606a233a8
2026-03-16T20:22:31.877712,tmobile,eth1,154.29,37.53,23.41,5.8,Accretive Networks,"Seattle, WA, United States",https://www.speedtest.net/result/c/4ecf687b-2a9f-497c-bb2d-afc430ded321
2026-03-16T20:37:32.292746,tmobile,eth1,295.15,49.3,20.0,0.05,Accretive Networks,"Seattle, WA, United States",https://www.speedtest.net/result/c/518f74fc-f2bc-4f06-9ee8-bde4ab31dee1
2026-03-16T20:52:37.667298,tmobile,eth1,300.58,46.89,20.04,0.68,Accretive Networks,"Seattle, WA, United States",https://www.speedtest.net/result/c/6ca26d27-9972-4afb-ae4e-200d58efc16f
2026-03-16T21:07:25.775481,tmobile,eth1,149.5,39.11,39.7,3.35,Sangoma,"Seattle, WA, United States",https://www.speedtest.net/result/c/03081d99-c113-4e54-8eac-274c2c157a35
2026-03-16T21:22:27.272112,tmobile,eth1,165.74,34.43,20.03,4.26,EZEE Fiber,"Seattle, WA, United States",https://www.speedtest.net/result/c/8889c480-2150-4ee1-9d8f-60631fbb10c2
2026-03-16T21:37:33.456931,tmobile,eth1,221.37,30.28,20.16,2.12,Accretive Networks,"Seattle, WA, United States",https://www.speedtest.net/result/c/4cca82a8-f95b-4648-9f97-99948802ce10
2026-03-16T21:52:29.402031,tmobile,eth1,162.09,38.35,26.31,3.27,Accretive Networks,"Seattle, WA, United States",https://www.speedtest.net/result/c/c22fa354-2912-4e89-beaf-d22c0c339e6b
2026-03-16T22:07:25.805592,tmobile,eth1,205.45,35.85,21.67,4.15,Accretive Networks,"Seattle, WA, United States",https://www.speedtest.net/result/c/53bddd29-7c74-4f35-8810-6b7da7df7bf3
2026-03-16T22:22:35.677744,tmobile,eth1,223.69,42.55,23.71,3.73,EZEE Fiber,"Seattle, WA, United States",https://www.speedtest.net/result/c/e648c2f3-d163-43b0-9910-55ea0901723c
2026-03-16T22:37:32.215349,tmobile,eth1,230.94,41.26,25.25,3.71,EZEE Fiber,"Seattle, WA, United States",https://www.speedtest.net/result/c/0c5004ba-a9fa-4a62-a8b6-f7a41738a226
2026-03-16T22:52:27.927644,tmobile,eth1,335.4,51.18,20.17,1.54,Accretive Networks,"Seattle, WA, United States",https://www.speedtest.net/result/c/addb4939-fbc9-413e-a446-2074887c3df6
2026-03-16T23:07:43.283104,tmobile,eth1,239.39,8.7,20.02,1.76,EZEE Fiber,"Seattle, WA, United States",https://www.speedtest.net/result/c/d486c3d0-3fe5-47ae-a4dc-2ec8c00a2208
2026-03-16T23:22:40.569823,tmobile,eth1,276.33,48.73,20.15,3.68,Accretive Networks,"Seattle, WA, United States",https://www.speedtest.net/result/c/7fe73b1b-d84e-4729-8d03-05576e182d8d
2026-03-16T23:37:32.817014,tmobile,eth1,244.01,45.25,20.04,0.39,Accretive Networks,"Seattle, WA, United States",https://www.speedtest.net/result/c/63d103fd-6a4f-415e-a5f3-0dc93bde574a
2026-03-16T23:52:31.524917,tmobile,eth1,262.32,48.96,36.95,8.95,Accretive Networks,"Seattle, WA, United States",https://www.speedtest.net/result/c/c0badf04-9335-4e16-bf79-48f20cdb9cf0
2026-03-17T00:07:36.598890,tmobile,eth1,194.41,34.26,31.7,7.06,Accretive Networks,"Seattle, WA, United States",https://www.speedtest.net/result/c/dae45dcf-5390-42ba-9888-70f132837b8b
2026-03-17T00:22:36.830326,tmobile,eth1,267.34,43.7,28.49,2.27,Sangoma,"Seattle, WA, United States",https://www.speedtest.net/result/c/f44b2f02-1832-4a0f-815b-c2e86399e587
2026-03-17T00:37:30.270382,tmobile,eth1,289.85,32.52,20.07,0.42,Accretive Networks,"Seattle, WA, United States",https://www.speedtest.net/result/c/c8290c10-c994-4b56-bcbf-51337d62ed59
2026-03-17T00:52:36.029962,tmobile,eth1,326.6,95.92,41.43,2.67,Accretive Networks,"Seattle, WA, United States",https://www.speedtest.net/result/c/cba197b3-b20a-48c7-ab1f-68f041713754
2026-03-17T01:07:38.494087,tmobile,eth1,251.81,28.13,40.14,1.75,Accretive Networks,"Seattle, WA, United States",https://www.speedtest.net/result/c/fee87b7e-5d0a-4aad-8cd2-2fca545f721a
2026-03-17T01:22:34.984449,tmobile,eth1,387.98,90.3,40.11,0.79,Comcast,"Seattle, WA, United States",https://www.speedtest.net/result/c/2a39b466-54ea-4530-8882-1d0582545eea
2026-03-17T01:37:30.620003,tmobile,eth1,395.04,89.4,35.48,1.36,Accretive Networks,"Seattle, WA, United States",https://www.speedtest.net/result/c/4dddf8ad-748f-41c3-ab03-2fbf0c9de4e7
2026-03-17T01:52:39.429544,tmobile,eth1,358.87,49.82,39.31,5.95,Comcast,"Seattle, WA, United States",https://www.speedtest.net/result/c/d0fb02d3-2448-4468-9bb9-993390d880ac
2026-03-17T02:07:34.792482,tmobile,eth1,299.15,53.0,41.19,6.35,Accretive Networks,"Seattle, WA, United States",https://www.speedtest.net/result/c/f69d0f0a-b542-4f0c-949e-a0f7898e6e98
2026-03-17T02:22:34.594869,tmobile,eth1,315.03,42.78,35.23,1.77,Comcast,"Seattle, WA, United States",https://www.speedtest.net/result/c/487c6d22-45b7-4e1a-8228-5ce1326e84ea
2026-03-17T02:37:30.719811,tmobile,eth1,391.73,48.87,20.0,0.61,Accretive Networks,"Seattle, WA, United States",https://www.speedtest.net/result/c/eba78f77-1027-4cd7-862a-31c8a6b5ab1a
2026-03-17T02:52:39.095941,tmobile,eth1,413.0,15.48,20.02,0.06,Accretive Networks,"Seattle, WA, United States",https://www.speedtest.net/result/c/617a3e8b-d174-46d8-a98f-a036a1f8075c
2026-03-17T03:07:27.446892,tmobile,eth1,374.19,49.61,23.27,4.1,Accretive Networks,"Seattle, WA, United States",https://www.speedtest.net/result/c/2fd104c5-f88d-4d3a-9709-0a1deab795d7
2026-03-17T03:22:30.497414,tmobile,eth1,276.05,28.24,20.0,1.16,Accretive Networks,"Seattle, WA, United States",https://www.speedtest.net/result/c/1fde8949-5b28-43e8-973d-80094a6d4e22
2026-03-17T03:37:36.169971,tmobile,eth1,272.8,29.29,19.98,0.19,Accretive Networks,"Seattle, WA, United States",https://www.speedtest.net/result/c/6629ab3e-4828-4727-913d-7200c7916c7f
2026-03-17T03:52:37.283478,tmobile,eth1,284.38,31.95,38.09,9.58,Accretive Networks,"Seattle, WA, United States",https://www.speedtest.net/result/c/dd34da86-20a4-4cec-8167-9a9d11700bb8
2026-03-17T04:07:40.376446,tmobile,eth1,229.74,38.78,19.92,1.23,Accretive Networks,"Seattle, WA, United States",https://www.speedtest.net/result/c/50be447a-f2f9-4725-9581-d5947edde63c
2026-03-17T04:22:30.088458,tmobile,eth1,381.83,47.95,20.24,2.36,Accretive Networks,"Seattle, WA, United States",https://www.speedtest.net/result/c/eb5a1855-941a-4120-8484-f6b3d1af4d00
2026-03-17T04:37:27.806758,tmobile,eth1,408.77,45.31,19.97,1.27,Accretive Networks,"Seattle, WA, United States",https://www.speedtest.net/result/c/722f7e0b-9e2f-4dea-8a9c-596162e72d7e
2026-03-17T04:52:27.336263,tmobile,eth1,350.91,52.3,19.73,9.22,Accretive Networks,"Seattle, WA, United States",https://www.speedtest.net/result/c/1cd105ac-4b92-4598-b4d0-837e4e187561
2026-03-17T05:07:25.519141,tmobile,eth1,349.01,43.12,27.49,5.17,Accretive Networks,"Seattle, WA, United States",https://www.speedtest.net/result/c/fefe1194-be97-4729-b3bb-8261783c9412
2026-03-17T05:22:41.182575,tmobile,eth1,311.22,35.9,21.73,7.59,Accretive Networks,"Seattle, WA, United States",https://www.speedtest.net/result/c/90343411-8ec7-4011-bd22-1bce56c17871
2026-03-17T05:37:38.228083,tmobile,eth1,348.29,48.1,26.77,6.16,Accretive Networks,"Seattle, WA, United States",https://www.speedtest.net/result/c/3a4c2259-1f02-49d2-8112-f4212355c0c9
2026-03-17T05:52:31.399843,tmobile,eth1,356.77,39.97,22.88,3.59,Accretive Networks,"Seattle, WA, United States",https://www.speedtest.net/result/c/c048bbce-d746-4a73-9331-d756aebdc3f8
2026-03-17T06:07:35.070006,tmobile,eth1,384.14,42.64,21.56,3.93,Accretive Networks,"Seattle, WA, United States",https://www.speedtest.net/result/c/67dd4bb2-01af-47c1-9be5-d6399bfeb123
2026-03-17T06:22:29.158486,tmobile,eth1,340.12,44.04,19.74,1.54,Accretive Networks,"Seattle, WA, United States",https://www.speedtest.net/result/c/177d4fb9-9063-4a6d-bbda-01eb7c60e2db
2026-03-17T06:37:30.279907,tmobile,eth1,327.96,36.89,19.91,1.45,Accretive Networks,"Seattle, WA, United States",https://www.speedtest.net/result/c/bc624121-6d18-4df4-a3d6-d0f99692056f
2026-03-17T06:52:26.308327,tmobile,eth1,276.56,42.71,20.48,1.65,Accretive Networks,"Seattle, WA, United States",https://www.speedtest.net/result/c/83a2dfcb-ee3e-4015-aaac-12f630a98682
2026-03-17T07:07:31.865442,tmobile,eth1,293.2,47.2,25.66,6.89,Accretive Networks,"Seattle, WA, United States",https://www.speedtest.net/result/c/dc84ea63-e502-4a65-9b70-ca536f319439
2026-03-17T07:22:41.689198,tmobile,eth1,314.2,37.11,26.67,5.31,Nitel,"Seattle, WA, United States",https://www.speedtest.net/result/c/4b54f334-4c6e-4834-a169-502362a6a31e
2026-03-17T07:37:33.359581,tmobile,eth1,292.92,28.28,20.52,1.57,Accretive Networks,"Seattle, WA, United States",https://www.speedtest.net/result/c/3f0e43c0-e52f-44e2-8484-a7ad5967805f
2026-03-17T07:52:27.748922,tmobile,eth1,331.59,24.5,22.62,9.32,Accretive Networks,"Seattle, WA, United States",https://www.speedtest.net/result/c/c8aff961-6761-4e19-9e23-554fd2359871
2026-03-17T08:07:42.179665,tmobile,eth1,318.46,29.55,19.79,1.72,Accretive Networks,"Seattle, WA, United States",https://www.speedtest.net/result/c/f2d4c003-279a-4a93-a346-d5edb1d4b367
2026-03-17T08:22:27.303930,tmobile,eth1,327.23,25.38,30.8,5.67,GigabitNow,"Seattle, WA, United States",https://www.speedtest.net/result/c/706079e7-df93-4f62-b1b5-ebfbab864fdc
2026-03-17T08:37:38.593173,tmobile,eth1,300.47,25.14,20.05,0.37,Accretive Networks,"Seattle, WA, United States",https://www.speedtest.net/result/c/6fd39a04-50d9-4654-81a5-c81b27cd948d
2026-03-17T08:52:29.191541,tmobile,eth1,313.89,40.79,39.58,4.65,GSL Networks,"Seattle, WA, United States",https://www.speedtest.net/result/c/1b2a87e4-2734-4dec-9151-f434d5904271
2026-03-17T09:07:36.140186,tmobile,eth1,277.56,20.86,21.55,1.59,Accretive Networks,"Seattle, WA, United States",https://www.speedtest.net/result/c/d8f1cc5a-5619-43cf-9090-2b73e8df8b0b
2026-03-17T09:22:37.770158,tmobile,eth1,324.86,42.58,33.27,7.4,Astound Broadband,"Seattle, WA, United States",https://www.speedtest.net/result/c/469e807d-fb85-4e5a-b779-bf018f773546
2026-03-17T09:37:25.072542,tmobile,eth1,257.63,19.48,26.96,11.54,Accretive Networks,"Seattle, WA, United States",https://www.speedtest.net/result/c/74c0c516-cf57-4160-8100-b8b488b79028
2026-03-17T09:52:23.922868,tmobile,eth1,310.81,42.19,21.48,7.93,Accretive Networks,"Seattle, WA, United States",https://www.speedtest.net/result/c/e89fe59e-e0e8-4a55-bb60-d0951f369fcd
2026-03-17T10:07:26.665048,tmobile,eth1,273.18,38.28,25.21,4.25,Accretive Networks,"Seattle, WA, United States",https://www.speedtest.net/result/c/38bcd57c-fdab-43fd-b2be-04ebf329dc94
2026-03-17T10:22:31.557503,tmobile,eth1,274.07,49.61,24.85,3.05,Accretive Networks,"Seattle, WA, United States",https://www.speedtest.net/result/c/cca93d05-eb23-4467-9706-7e2fbe60bd1f
2026-03-17T10:37:36.392330,tmobile,eth1,231.83,47.8,21.6,4.8,Accretive Networks,"Seattle, WA, United States",https://www.speedtest.net/result/c/2694434b-038a-4b5b-a501-7499e8b86166
2026-03-17T10:52:37.572936,tmobile,eth1,226.59,41.21,39.87,0.18,Accretive Networks,"Seattle, WA, United States",https://www.speedtest.net/result/c/7298f310-6531-46c5-bde5-728469d0e1e9
2026-03-17T11:07:38.595067,tmobile,eth1,225.88,40.43,19.97,0.56,Accretive Networks,"Seattle, WA, United States",https://www.speedtest.net/result/c/321ef63a-559b-432a-8902-69bcc2a07b45
2026-03-17T11:22:32.685610,tmobile,eth1,315.07,48.02,19.96,2.65,Accretive Networks,"Seattle, WA, United States",https://www.speedtest.net/result/c/ac9bae6d-b5f5-4b26-a7bd-58ec842789bb
2026-03-17T11:37:33.037272,tmobile,eth1,247.14,75.72,27.06,1.6,GSL Networks,"Seattle, WA, United States",https://www.speedtest.net/result/c/d2cfe20c-36a7-4168-87f4-9133b7d58b6d
2026-03-17T11:52:36.955730,tmobile,eth1,270.48,47.15,20.0,1.28,Accretive Networks,"Seattle, WA, United States",https://www.speedtest.net/result/c/ad3143a0-22de-4875-ac7c-750fd7c887ce
2026-03-17T12:07:40.884239,tmobile,eth1,184.63,27.39,20.15,2.72,Accretive Networks,"Seattle, WA, United States",https://www.speedtest.net/result/c/d8af021e-57f8-44c8-a825-32a3ff095748
2026-03-17T12:22:33.355492,tmobile,eth1,268.45,74.52,30.53,7.89,Accretive Networks,"Seattle, WA, United States",https://www.speedtest.net/result/c/2d8570aa-b1de-4878-ae31-ac9a34cc40b2
2026-03-17T12:37:40.933991,tmobile,eth1,220.15,41.95,30.1,10.51,Accretive Networks,"Seattle, WA, United States",https://www.speedtest.net/result/c/d2fff5a1-3dd9-41de-9bce-965e0cb3a962
2026-03-17T12:52:35.868289,tmobile,eth1,247.98,47.1,21.55,7.46,Accretive Networks,"Seattle, WA, United States",https://www.speedtest.net/result/c/6fd0001e-f5e7-4135-ab84-ca4ebf801835
2026-03-17T13:07:34.528184,tmobile,eth1,278.99,81.79,27.3,8.43,Accretive Networks,"Seattle, WA, United States",https://www.speedtest.net/result/c/ba572633-80d0-4f2e-bf93-cddd443ca3ba
2026-03-17T13:22:27.680907,tmobile,eth1,266.15,72.04,21.54,5.43,Accretive Networks,"Seattle, WA, United States",https://www.speedtest.net/result/c/8f559114-3e62-4ffa-a3e2-c7a64dce836b
2026-03-17T13:37:41.772216,tmobile,eth1,206.99,24.51,27.68,9.39,Sangoma,"Seattle, WA, United States",https://www.speedtest.net/result/c/3245e9a6-628b-4f89-804e-45c8a0002d2a
2026-03-17T13:52:32.132728,tmobile,eth1,262.87,38.91,27.24,6.34,GSL Networks,"Seattle, WA, United States",https://www.speedtest.net/result/c/9308d582-ae60-4062-8d88-1abea2094be1
2026-03-17T14:07:35.546854,tmobile,eth1,238.45,39.28,20.67,2.27,Accretive Networks,"Seattle, WA, United States",https://www.speedtest.net/result/c/4ca26478-5a9c-44a2-8698-a3823842a9b3
2026-03-17T14:22:35.546403,tmobile,eth1,301.12,39.1,20.03,0.48,Accretive Networks,"Seattle, WA, United States",https://www.speedtest.net/result/c/4647d6fa-998d-4c95-af08-9ee3b1df6296
2026-03-17T14:37:35.212524,tmobile,eth1,232.75,42.08,19.91,0.6,Accretive Networks,"Seattle, WA, United States",https://www.speedtest.net/result/c/c9a7b8ed-b3a7-4e7d-a290-9bb17bcb1a4d
2026-03-17T14:52:29.557504,tmobile,eth1,237.63,36.31,26.59,4.6,EZEE Fiber,"Seattle, WA, United States",https://www.speedtest.net/result/c/c1e3b2b3-5699-4e43-9f5c-16268c161ceb
2026-03-17T15:07:29.213833,tmobile,eth1,189.42,44.11,23.38,3.87,Accretive Networks,"Seattle, WA, United States",https://www.speedtest.net/result/c/d74a841f-4d29-4a52-85c8-24968f843fd2
2026-03-17T15:22:28.997764,tmobile,eth1,254.31,42.74,19.82,3.25,Accretive Networks,"Seattle, WA, United States",https://www.speedtest.net/result/c/e4d8dbb0-2317-4ce5-8dbe-705948989a83
2026-03-17T15:37:34.939279,tmobile,eth1,293.83,41.05,21.58,1.44,Accretive Networks,"Seattle, WA, United States",https://www.speedtest.net/result/c/c3ad8037-e608-4da8-a4fe-3b892770496f
2026-03-17T15:52:34.415510,tmobile,eth1,281.77,43.28,21.68,8.07,Accretive Networks,"Seattle, WA, United States",https://www.speedtest.net/result/c/5fcd6edd-81d3-406a-93d9-323c795acd19
2026-03-17T16:07:34.103164,tmobile,eth1,172.51,15.57,21.63,8.03,Accretive Networks,"Seattle, WA, United States",https://www.speedtest.net/result/c/c33ab2d8-83ee-4ced-b1d8-8259f44ea524
2026-03-17T16:22:24.852455,tmobile,eth1,128.23,22.44,20.1,7.65,Accretive Networks,"Seattle, WA, United States",https://www.speedtest.net/result/c/0a977b23-6693-4c8e-8848-d386fa2a0449
2026-03-17T16:37:34.577701,tmobile,eth1,227.31,85.0,30.95,9.14,Accretive Networks,"Seattle, WA, United States",https://www.speedtest.net/result/c/9fd8f3f6-f20c-41b9-829e-6bab0d66df21
2026-03-17T16:52:40.999644,tmobile,eth1,165.47,26.1,20.86,2.02,Accretive Networks,"Seattle, WA, United States",https://www.speedtest.net/result/c/a97ce66d-85b7-44bc-8ccd-1fe0ffeb096e
2026-03-17T17:07:41.622616,tmobile,eth1,190.75,11.63,39.22,5.12,Accretive Networks,"Seattle, WA, United States",https://www.speedtest.net/result/c/10ad960f-b4af-4d64-959e-7fabfb5fe174
2026-03-17T17:22:38.135182,tmobile,eth1,205.07,23.44,19.82,1.27,Accretive Networks,"Seattle, WA, United States",https://www.speedtest.net/result/c/0e0c4421-6fe1-46ca-8223-0c8d662ae760
2026-03-17T17:37:35.449057,tmobile,eth1,176.68,26.45,36.77,5.83,Nitel,"Seattle, WA, United States",https://www.speedtest.net/result/c/cd1ce8f4-cfa3-4765-a8a3-c072666aee08
2026-03-17T17:52:36.844057,tmobile,eth1,123.17,22.29,20.09,0.28,Accretive Networks,"Seattle, WA, United States",https://www.speedtest.net/result/c/b9d74156-b4bd-4b6d-bacc-83b7b88f5cb8
2026-03-17T18:07:30.940413,tmobile,eth1,204.31,28.22,30.9,6.5,Nitel,"Seattle, WA, United States",https://www.speedtest.net/result/c/a101f769-64e6-45e9-94af-c5a5ea26b581
2026-03-17T18:22:34.957579,tmobile,eth1,61.36,78.99,23.68,1.65,Astound Broadband,"Seattle, WA, United States",https://www.speedtest.net/result/c/a099052b-0de7-40df-889c-696ef008ca40
2026-03-17T18:37:38.086090,tmobile,eth1,158.85,17.77,19.85,1.26,Accretive Networks,"Seattle, WA, United States",https://www.speedtest.net/result/c/298bb81c-05ce-4a42-bdc4-b55a1a55e73d
2026-03-17T18:52:37.709749,tmobile,eth1,203.23,23.56,36.55,4.8,Sangoma,"Seattle, WA, United States",https://www.speedtest.net/result/c/15c8f13b-6466-4e46-bc59-21eb8bb40def
2026-03-17T19:07:43.374742,tmobile,eth1,76.71,18.21,40.15,4.18,GSL Networks,"Seattle, WA, United States",https://www.speedtest.net/result/c/4914439e-afc9-412e-a2c5-bdf3283ba8b1
2026-03-17T19:22:32.462310,tmobile,eth1,191.38,43.56,20.06,3.2,Accretive Networks,"Seattle, WA, United States",https://www.speedtest.net/result/c/f76f8651-94a6-4e3d-b005-5ef966848f7e
2026-03-17T19:37:37.504620,tmobile,eth1,127.93,9.2,25.26,5.45,Accretive Networks,"Seattle, WA, United States",https://www.speedtest.net/result/c/d37f1db6-d615-43cf-8235-12c2ecd795e0
2026-03-17T19:52:32.555498,tmobile,eth1,232.56,38.59,20.35,2.15,GSL Networks,"Seattle, WA, United States",https://www.speedtest.net/result/c/427d1343-3ccb-4830-90ea-1ed8791b01b9
2026-03-17T20:07:28.628807,tmobile,eth1,219.18,42.5,20.03,0.71,Accretive Networks,"Seattle, WA, United States",https://www.speedtest.net/result/c/150f94c8-1871-418b-9d3e-dd1f3da2b412
2026-03-17T20:22:39.378759,tmobile,eth1,258.96,35.73,19.94,0.1,Accretive Networks,"Seattle, WA, United States",https://www.speedtest.net/result/c/7e010fca-4727-41ca-8d88-63794114f422
2026-03-17T20:37:33.123463,tmobile,eth1,184.44,38.2,25.53,2.35,Accretive Networks,"Seattle, WA, United States",https://www.speedtest.net/result/c/723f5821-664b-44b3-b336-9b0e5c6242fc
2026-03-17T20:52:34.579814,tmobile,eth1,193.01,37.26,29.91,4.35,Ziply Fiber,"Seattle, WA, United States",https://www.speedtest.net/result/c/d778ecab-76f4-468f-9b1b-b281ebd6a00f
2026-03-17T21:07:32.913828,tmobile,eth1,25.64,47.34,30.72,3.34,Astound Broadband,"Seattle, WA, United States",https://www.speedtest.net/result/c/1dd1ced4-8f61-41e9-8bdb-bc74ec07da75
2026-03-17T21:22:26.365444,tmobile,eth1,201.6,87.42,20.04,0.8,Accretive Networks,"Seattle, WA, United States",https://www.speedtest.net/result/c/5c967b88-cbce-431a-befa-78c88d9c8431
2026-03-17T21:37:26.064163,tmobile,eth1,200.46,39.34,31.74,8.2,GSL Networks,"Seattle, WA, United States",https://www.speedtest.net/result/c/47a84532-3bee-4774-aaa3-3fff6180c146
2026-03-17T21:52:28.016510,tmobile,eth1,173.33,38.65,20.3,1.07,Accretive Networks,"Seattle, WA, United States",https://www.speedtest.net/result/c/6917bbc4-aa78-42a5-8b45-a4f311339bd6
2026-03-17T22:07:31.674934,tmobile,eth1,266.08,34.84,31.86,6.26,Nitel,"Seattle, WA, United States",https://www.speedtest.net/result/c/0a6c28c3-c4b4-46d3-9250-000e73b6f960
2026-03-17T22:22:39.660555,tmobile,eth1,161.34,14.98,24.75,2.38,Accretive Networks,"Seattle, WA, United States",https://www.speedtest.net/result/c/e8d0b95f-2381-49f6-a427-a6bef58b254a
2026-03-17T22:37:32.269927,tmobile,eth1,271.32,35.68,26.41,10.28,Accretive Networks,"Seattle, WA, United States",https://www.speedtest.net/result/c/22f53bf8-93ac-4819-9f2c-ed37c70e0daf
2026-03-17T22:52:37.479754,tmobile,eth1,150.16,19.03,27.26,8.42,Accretive Networks,"Seattle, WA, United States",https://www.speedtest.net/result/c/7e1dcbc7-3b00-4bb9-954b-38b0e6673118
2026-03-17T23:07:32.527664,tmobile,eth1,248.18,36.83,30.11,11.28,Accretive Networks,"Seattle, WA, United States",https://www.speedtest.net/result/c/f1fa2ace-2326-480f-ab3f-4558148f4523
2026-03-17T23:22:28.379002,tmobile,eth1,176.03,22.33,28.56,16.9,Accretive Networks,"Seattle, WA, United States",https://www.speedtest.net/result/c/aed9e66b-17cf-4e77-86e6-97a8173410de
2026-03-17T23:37:28.467007,tmobile,eth1,224.69,35.36,26.66,9.29,Accretive Networks,"Seattle, WA, United States",https://www.speedtest.net/result/c/cd18e7a5-51dc-4842-851b-759254fc8aea
2026-03-17T23:52:33.108830,tmobile,eth1,320.72,91.31,20.15,4.45,Accretive Networks,"Seattle, WA, United States",https://www.speedtest.net/result/c/3ee96d96-11d4-44e6-b134-47f7a2869e65
2026-03-18T00:07:28.261998,tmobile,eth1,193.81,5.69,36.41,2.09,Accretive Networks,"Seattle, WA, United States",https://www.speedtest.net/result/c/8cecea79-c2e8-40c2-894f-e8d0e4e76c9f
2026-03-18T00:22:40.751207,tmobile,eth1,133.27,34.99,41.52,4.17,Comcast,"Seattle, WA, United States",https://www.speedtest.net/result/c/b7fade59-684f-4e22-a7bb-e2d629ce7641
2026-03-18T00:37:42.636631,tmobile,eth1,273.46,33.91,37.38,4.01,Comcast,"Seattle, WA, United States",https://www.speedtest.net/result/c/3deab3f8-b7e2-4ca2-950a-01ab97ece33f
2026-03-18T00:52:34.721761,tmobile,eth1,349.46,91.15,40.08,0.64,Accretive Networks,"Seattle, WA, United States",https://www.speedtest.net/result/c/7829ef70-2ef4-462a-8d83-c0100a3855cf
2026-03-18T01:07:32.425248,tmobile,eth1,359.32,91.6,39.99,1.76,Accretive Networks,"Seattle, WA, United States",https://www.speedtest.net/result/c/c18d06c9-1534-41aa-801b-d926a353162e
2026-03-18T01:22:36.171446,tmobile,eth1,147.48,33.68,37.93,4.15,Comcast,"Seattle, WA, United States",https://www.speedtest.net/result/c/831e5d08-2854-422b-8396-68cec7b1c415
2026-03-18T01:37:33.622802,tmobile,eth1,361.33,90.76,39.82,6.2,Comcast,"Seattle, WA, United States",https://www.speedtest.net/result/c/55e1bdd0-f4b8-4ec3-a0d2-75594023bc0a
2026-03-18T01:52:31.850093,tmobile,eth1,401.5,94.04,22.63,6.97,Accretive Networks,"Seattle, WA, United States",https://www.speedtest.net/result/c/9a640f67-ba6f-4718-b84f-c7574830f1e3
2026-03-18T02:07:29.941654,tmobile,eth1,203.99,34.96,21.48,1.38,Accretive Networks,"Seattle, WA, United States",https://www.speedtest.net/result/c/9e0d3087-3746-4c2f-bada-daaa9c0dcfba
2026-03-18T02:22:34.012401,tmobile,eth1,344.82,44.81,23.62,3.88,Accretive Networks,"Seattle, WA, United States",https://www.speedtest.net/result/c/aa67b769-76dd-4a73-bccb-d049e70efc25
2026-03-18T02:37:39.143292,tmobile,eth1,354.12,46.45,24.95,2.67,Nitel,"Seattle, WA, United States",https://www.speedtest.net/result/c/36ec85d3-887d-46cd-b798-f0dfa315da14
2026-03-18T02:52:36.728684,tmobile,eth1,354.87,49.53,31.57,7.79,Nobull Networks LLC,"Federal Way, WA, United States",https://www.speedtest.net/result/c/50783eff-0510-4fa7-a304-87e40bad09d3
2026-03-18T03:07:35.938548,tmobile,eth1,369.18,45.16,37.74,5.66,Nobull Networks LLC,"Federal Way, WA, United States",https://www.speedtest.net/result/c/78255c0f-060e-432a-9e3e-12a0c5c3dee6
2026-03-18T03:22:33.731309,tmobile,eth1,356.14,42.93,30.02,0.78,Nobull Networks LLC,"Federal Way, WA, United States",https://www.speedtest.net/result/c/399ed43c-7878-4c36-8ecc-88822ccc86e6
2026-03-18T03:37:36.428983,tmobile,eth1,375.74,48.0,30.7,2.81,Nitel,"Seattle, WA, United States",https://www.speedtest.net/result/c/c05166db-2c0b-4e7e-b39f-577a6734d010
2026-03-18T03:52:31.468392,tmobile,eth1,27.73,35.49,26.5,6.5,Astound Broadband,"Seattle, WA, United States",https://www.speedtest.net/result/c/ed195fc1-ee9d-4a1b-82d0-9e29df16677c
2026-03-18T04:07:30.253687,tmobile,eth1,191.49,40.93,27.14,2.5,Nitel,"Seattle, WA, United States",https://www.speedtest.net/result/c/bbcd0ddf-c72a-4338-baf2-6feb00672b79
2026-03-18T04:22:35.495438,tmobile,eth1,223.43,37.26,28.97,3.37,Nobull Networks LLC,"Federal Way, WA, United States",https://www.speedtest.net/result/c/db7f83cb-0c4f-4e27-88e7-3725e057ac58
2026-03-18T04:37:37.779339,tmobile,eth1,297.69,53.66,36.84,4.57,"KamaTera, Inc.","Seattle, WA, United States",https://www.speedtest.net/result/c/78fec028-1bb2-4b64-8463-fd8bca38b97d
2026-03-18T04:52:32.960077,tmobile,eth1,170.65,46.21,27.28,5.52,Nitel,"Seattle, WA, United States",https://www.speedtest.net/result/c/79746737-f19a-4891-8105-af49897f5600
2026-03-18T05:07:35.222571,tmobile,eth1,284.42,49.5,40.06,3.0,Nobull Networks LLC,"Federal Way, WA, United States",https://www.speedtest.net/result/c/2e465137-5170-411a-b551-437bd39f1af0
2026-03-18T05:22:37.036312,tmobile,eth1,326.62,94.18,31.6,20.4,"KamaTera, Inc.","Seattle, WA, United States",https://www.speedtest.net/result/c/9e33a289-043a-47a9-bf7d-89d16d31410d
2026-03-18T05:37:30.495490,tmobile,eth1,289.28,50.61,31.14,5.33,Nitel,"Seattle, WA, United States",https://www.speedtest.net/result/c/7a29fda4-b341-44ef-b107-582a61249e0d
2026-03-18T05:52:31.932786,tmobile,eth1,309.74,49.28,26.46,7.62,Nitel,"Seattle, WA, United States",https://www.speedtest.net/result/c/166a9736-2199-455c-b70e-611f4071517d
2026-03-18T06:07:36.987083,tmobile,eth1,286.36,49.53,28.95,8.67,GSL Networks,"Seattle, WA, United States",https://www.speedtest.net/result/c/2d743560-038c-4001-8c38-1eb83ca05a7b
2026-03-18T06:22:31.302423,tmobile,eth1,286.82,46.57,31.21,8.53,GSL Networks,"Seattle, WA, United States",https://www.speedtest.net/result/c/504d58d8-8d48-415f-b8c3-ddd1a73169db
2026-03-18T06:37:35.824782,tmobile,eth1,308.37,43.54,30.74,11.83,GSL Networks,"Seattle, WA, United States",https://www.speedtest.net/result/c/1e05a675-d5ac-44ea-9e5e-8a7912af27d3
2026-03-18T06:52:33.897334,tmobile,eth1,216.96,30.03,38.69,6.57,Nitel,"Seattle, WA, United States",https://www.speedtest.net/result/c/55591a24-fa38-40b3-b217-93e185f8c866
2026-03-18T07:07:38.688356,tmobile,eth1,227.91,30.74,26.85,7.2,GSL Networks,"Seattle, WA, United States",https://www.speedtest.net/result/c/5dd575a0-0700-46dd-96a3-62f94b4314ea
2026-03-18T07:22:32.957457,tmobile,eth1,192.39,35.7,31.57,6.43,GSL Networks,"Seattle, WA, United States",https://www.speedtest.net/result/c/f5ef8087-7dc1-44ba-a78e-acc8dcb0a78e
2026-03-18T07:37:34.371665,tmobile,eth1,235.9,36.01,30.87,2.83,GSL Networks,"Seattle, WA, United States",https://www.speedtest.net/result/c/3ef20deb-aede-49f3-af30-7616f0ad63ae
2026-03-18T07:52:27.916528,tmobile,eth1,274.14,39.16,26.7,8.49,Nitel,"Seattle, WA, United States",https://www.speedtest.net/result/c/5e9645f3-ca74-4957-bb1a-dc0d5402999f
2026-03-18T08:07:31.505447,tmobile,eth1,274.73,36.49,25.25,2.82,Rainier Connect,"Tacoma, WA, United States",https://www.speedtest.net/result/c/77f5749c-2bf0-4bb6-9e09-bfb118eadb48
2026-03-18T08:22:38.834078,tmobile,eth1,281.28,36.8,29.38,5.57,EZEE Fiber,"Seattle, WA, United States",https://www.speedtest.net/result/c/afc2f1a2-3a83-443e-92be-b4b6743f9434
2026-03-18T08:37:33.138664,tmobile,eth1,144.66,25.47,29.03,9.28,Nobull Networks LLC,"Federal Way, WA, United States",https://www.speedtest.net/result/c/19ddbd1f-55da-4346-ad2b-282a20702965
2026-03-18T08:52:39.546290,tmobile,eth1,216.39,25.84,38.03,3.48,Nitel,"Seattle, WA, United States",https://www.speedtest.net/result/c/d406723c-cd97-4f86-a43c-b2fa6a9081a7
2026-03-18T09:07:28.040345,tmobile,eth1,260.52,27.25,26.41,2.79,Nitel,"Seattle, WA, United States",https://www.speedtest.net/result/c/c9aeadb8-57cd-434d-be18-b62f4f1b1c0d
2026-03-18T09:22:38.099546,tmobile,eth1,225.48,46.12,27.69,9.83,Nobull Networks LLC,"Federal Way, WA, United States",https://www.speedtest.net/result/c/76bfb61f-22a4-4492-8bb1-48fe5ac7c662
2026-03-18T09:37:34.539278,tmobile,eth1,260.12,56.09,32.49,12.55,Nitel,"Seattle, WA, United States",https://www.speedtest.net/result/c/d36313e4-fd39-4815-addc-f0d1980e981a
2026-03-18T09:52:31.854119,tmobile,eth1,257.4,46.71,39.84,1.14,GSL Networks,"Seattle, WA, United States",https://www.speedtest.net/result/c/05979227-899d-4cf5-bc90-c3fc7e7e4dfe
2026-03-18T10:07:30.212208,tmobile,eth1,271.25,57.52,33.38,9.06,Nitel,"Seattle, WA, United States",https://www.speedtest.net/result/c/b57d4eb5-4a4f-414e-9362-9b986da9da2e
2026-03-18T10:22:33.428197,tmobile,eth1,192.12,48.95,33.21,10.56,Nobull Networks LLC,"Federal Way, WA, United States",https://www.speedtest.net/result/c/bc6958a3-d5be-439b-a732-1db3bbcb58b1
2026-03-18T10:37:32.995039,tmobile,eth1,236.58,52.17,27.83,1.08,Nitel,"Seattle, WA, United States",https://www.speedtest.net/result/c/f16394a0-2884-408a-952f-12e0544f6619
2026-03-18T10:52:35.523756,tmobile,eth1,228.98,46.85,29.56,0.78,"KamaTera, Inc.","Seattle, WA, United States",https://www.speedtest.net/result/c/d11dae06-a071-43da-8abb-62f4d1d34320
2026-03-18T11:07:37.419158,tmobile,eth1,257.98,47.0,39.86,5.29,"KamaTera, Inc.","Seattle, WA, United States",https://www.speedtest.net/result/c/13fe46da-cc88-4cf7-9486-b44d780c364a
2026-03-18T11:22:31.934421,tmobile,eth1,281.31,42.31,30.97,7.28,"KamaTera, Inc.","Seattle, WA, United States",https://www.speedtest.net/result/c/02233fda-49e2-4965-99e8-8a2e8b9a669a
2026-03-18T11:37:28.829655,tmobile,eth1,223.88,40.77,36.14,7.75,Nitel,"Seattle, WA, United States",https://www.speedtest.net/result/c/3b3a3a64-f977-4ca4-adc5-ab8b3125a79f
2026-03-18T11:52:29.307536,tmobile,eth1,261.45,55.38,21.61,2.78,EZEE Fiber,"Seattle, WA, United States",https://www.speedtest.net/result/c/85acec2f-e796-4e9b-9d5f-cc45d146c975
2026-03-18T12:07:36.291550,tmobile,eth1,28.11,23.47,28.33,8.48,Astound Broadband,"Seattle, WA, United States",https://www.speedtest.net/result/c/8cf3c729-cf6c-4af0-9e70-db4fef8648be
2026-03-18T12:22:43.663770,tmobile,eth1,157.79,17.93,39.91,1.53,"KamaTera, Inc.","Seattle, WA, United States",https://www.speedtest.net/result/c/a11d3f3b-d582-44bd-affc-e0defbf01c0b
2026-03-18T12:37:29.084223,tmobile,eth1,237.19,40.21,27.93,9.43,Nobull Networks LLC,"Federal Way, WA, United States",https://www.speedtest.net/result/c/bb654478-e04d-4096-9e13-9e713bd2723d
2026-03-18T12:52:34.816280,tmobile,eth1,173.03,24.17,30.0,2.11,Nitel,"Seattle, WA, United States",https://www.speedtest.net/result/c/b86d9f9e-b650-4241-bae5-36c964b35c64
2026-03-18T13:07:31.975509,tmobile,eth1,226.89,83.83,33.56,9.95,Nobull Networks LLC,"Federal Way, WA, United States",https://www.speedtest.net/result/c/b6053283-840f-40d2-952d-6c276ca9adb8
2026-03-18T13:22:40.513986,tmobile,eth1,50.04,18.63,30.39,5.69,Astound Broadband,"Seattle, WA, United States",https://www.speedtest.net/result/c/1de9f9e5-5a81-46a0-aa44-06a69fa281c5
2026-03-18T13:37:38.355757,tmobile,eth1,265.6,41.89,27.8,2.77,Nitel,"Seattle, WA, United States",https://www.speedtest.net/result/c/51fe3e59-5115-4766-aeb3-4c1696b5f224
2026-03-18T13:52:33.709323,tmobile,eth1,282.04,47.72,32.02,11.83,GSL Networks,"Seattle, WA, United States",https://www.speedtest.net/result/c/764993c2-14ce-4a0e-99c4-6637640cf2fa
2026-03-18T14:07:37.160622,tmobile,eth1,249.73,48.86,30.65,5.43,GSL Networks,"Seattle, WA, United States",https://www.speedtest.net/result/c/a8d58506-370f-4c15-b0e0-39a60f043329
2026-03-18T14:22:26.511596,tmobile,eth1,246.65,46.18,30.02,9.51,Nitel,"Seattle, WA, United States",https://www.speedtest.net/result/c/53f9b5b0-5cda-4207-a234-54b90f2b7043
2026-03-18T14:37:35.376768,tmobile,eth1,205.62,40.85,23.23,1.78,Nobull Networks LLC,"Federal Way, WA, United States",https://www.speedtest.net/result/c/442a6dda-496e-4be0-be53-06d4b0bd5c42
2026-03-18T14:52:33.558717,tmobile,eth1,204.62,42.18,32.15,10.31,Nobull Networks LLC,"Federal Way, WA, United States",https://www.speedtest.net/result/c/b515ab12-d892-4730-8060-eb2862b365e8
2026-03-18T15:07:32.780765,tmobile,eth1,256.74,33.61,33.78,9.04,Nitel,"Seattle, WA, United States",https://www.speedtest.net/result/c/86f9bb95-75aa-4f77-956f-dd8bd5ca83ab
2026-03-18T15:22:37.887702,tmobile,eth1,214.07,40.54,23.34,4.54,EZEE Fiber,"Seattle, WA, United States",https://www.speedtest.net/result/c/874081bf-4d84-4d9c-8218-d3ec199d28fa
2026-03-18T15:37:35.185764,tmobile,eth1,238.23,43.56,27.24,6.36,Nitel,"Seattle, WA, United States",https://www.speedtest.net/result/c/97d497f2-64dc-441e-b125-57ad5480ca42
2026-03-18T15:52:36.449036,tmobile,eth1,236.38,39.1,30.21,2.88,Nitel,"Seattle, WA, United States",https://www.speedtest.net/result/c/b9994937-a668-4d0c-9957-cfcb8705a470
2026-03-18T16:07:34.886009,tmobile,eth1,221.05,42.77,28.35,6.47,Ziply Fiber,"Seattle, WA, United States",https://www.speedtest.net/result/c/19810b62-bbbd-4f06-a3de-4049f2b4b2ff
2026-03-18T16:22:32.449638,tmobile,eth1,230.49,42.91,25.19,0.61,GSL Networks,"Seattle, WA, United States",https://www.speedtest.net/result/c/c84cf564-be4c-4833-b8fc-20e5c4ce4421
2026-03-18T16:37:23.879066,tmobile,eth1,225.02,53.98,30.21,5.59,Nitel,"Seattle, WA, United States",https://www.speedtest.net/result/c/5d00ac6a-9096-4f4d-ad9a-bd014b91988b
2026-03-18T16:52:25.715655,tmobile,eth1,216.89,51.21,36.79,7.82,GSL Networks,"Seattle, WA, United States",https://www.speedtest.net/result/c/92208fc6-637d-4f10-975c-02c772dd432f
2026-03-18T17:07:37.365468,tmobile,eth1,222.25,48.16,26.65,4.39,Nitel,"Seattle, WA, United States",https://www.speedtest.net/result/c/e0dfbb7d-da08-4358-8d36-986225905180
2026-03-18T17:22:33.339853,tmobile,eth1,35.43,88.68,24.44,3.74,Astound Broadband,"Seattle, WA, United States",https://www.speedtest.net/result/c/15a341f1-2eb0-49f0-b62b-ab5384437b79
2026-03-18T17:37:40.975880,tmobile,eth1,185.58,9.95,27.19,5.48,Nitel,"Seattle, WA, United States",https://www.speedtest.net/result/c/3022400a-8c55-4607-8609-ef1800206ccc
2026-03-18T17:52:37.757837,tmobile,eth1,157.74,44.83,20.91,1.86,Nobull Networks LLC,"Federal Way, WA, United States",https://www.speedtest.net/result/c/5332c2cb-5721-4afc-a11c-8b670e108526
2026-03-18T18:07:41.074141,tmobile,eth1,205.38,43.2,24.53,7.03,Nitel,"Seattle, WA, United States",https://www.speedtest.net/result/c/f251029f-1965-40e8-b588-43cd2c767342
2026-03-18T18:22:33.377579,tmobile,eth1,170.24,47.16,38.25,4.61,Nitel,"Seattle, WA, United States",https://www.speedtest.net/result/c/6cfa221f-5ac8-4974-b87c-0eb3941a3309
2026-03-18T18:37:28.752289,tmobile,eth1,202.04,88.41,36.5,4.12,Nitel,"Seattle, WA, United States",https://www.speedtest.net/result/c/48acb32f-0301-436b-83c9-ad5deb65e780
2026-03-18T18:52:34.711922,tmobile,eth1,171.0,41.02,33.25,3.96,"KamaTera, Inc.","Seattle, WA, United States",https://www.speedtest.net/result/c/0c2c250a-9c3f-4a7b-9ec8-2d8f47c2bb57
2026-03-18T19:07:42.156257,tmobile,eth1,175.92,46.38,39.95,3.81,Nobull Networks LLC,"Federal Way, WA, United States",https://www.speedtest.net/result/c/545d9fc1-697f-4fbb-b5b0-93c1cb9ff4dd
2026-03-18T19:22:29.180640,tmobile,eth1,142.78,39.41,38.12,8.0,EZEE Fiber,"Seattle, WA, United States",https://www.speedtest.net/result/c/5d6803d4-51f3-430d-9601-909657310e94
2026-03-18T19:37:32.206142,tmobile,eth1,167.26,41.16,25.48,4.0,GSL Networks,"Seattle, WA, United States",https://www.speedtest.net/result/c/8a5ab7f1-1e59-4b71-9307-47175a02942c
2026-03-18T19:52:36.173387,tmobile,eth1,194.81,88.43,40.36,3.14,Nobull Networks LLC,"Federal Way, WA, United States",https://www.speedtest.net/result/c/9b07a532-f013-4dc4-b13d-a6598da25aa8
2026-03-18T20:07:36.447590,tmobile,eth1,173.47,47.09,25.47,1.67,Nitel,"Seattle, WA, United States",https://www.speedtest.net/result/c/bce63c96-0ec8-40fa-8508-53611dc542fe
2026-03-18T20:22:37.573576,tmobile,eth1,188.48,46.05,29.99,5.21,Ziply Fiber,"Seattle, WA, United States",https://www.speedtest.net/result/c/07355cd6-65af-47a5-b6c6-59b0b8715a48
2026-03-18T20:37:31.101742,tmobile,eth1,128.71,40.58,34.01,12.85,Rainier Connect,"Tacoma, WA, United States",https://www.speedtest.net/result/c/897d9116-733e-461c-8c4f-6ff227425a96
2026-03-18T20:52:32.175118,tmobile,eth1,138.25,44.37,29.97,10.03,Nobull Networks LLC,"Federal Way, WA, United States",https://www.speedtest.net/result/c/d01a39a2-505e-42f2-b651-aa70a816e856
2026-03-18T21:07:37.568644,tmobile,eth1,64.62,44.09,30.95,4.31,Astound Broadband,"Seattle, WA, United States",https://www.speedtest.net/result/c/c039a8bd-0cf0-4ac1-b728-23c5374fe2b8
2026-03-18T21:22:37.953677,tmobile,eth1,201.48,48.81,33.61,4.24,Ziply Fiber,"Seattle, WA, United States",https://www.speedtest.net/result/c/461e592b-72a0-4007-9792-c7d296116a67
2026-03-18T21:37:35.408313,tmobile,eth1,186.92,43.2,31.18,7.18,Nobull Networks LLC,"Federal Way, WA, United States",https://www.speedtest.net/result/c/b7b21df4-f2dc-4866-b9b7-68edc0e68c92
2026-03-18T21:52:32.648190,tmobile,eth1,177.45,43.21,39.98,0.41,Nitel,"Seattle, WA, United States",https://www.speedtest.net/result/c/57f1bb25-3d28-4107-a4f8-68b6b200f595
2026-03-18T22:07:31.737540,tmobile,eth1,153.54,40.79,39.84,4.34,Nitel,"Seattle, WA, United States",https://www.speedtest.net/result/c/a29ef058-d3b7-4c90-955e-2f15e465487f
2026-03-18T22:22:42.562736,tmobile,eth1,163.65,39.41,26.15,6.9,EZEE Fiber,"Seattle, WA, United States",https://www.speedtest.net/result/c/0765678b-1fab-4349-93cd-96b4c189fee0
2026-03-18T22:37:36.701027,tmobile,eth1,35.24,33.39,29.1,8.15,Astound Broadband,"Seattle, WA, United States",https://www.speedtest.net/result/c/70dcd12c-98fb-405a-a078-dea273a877aa
2026-03-18T22:52:33.560744,tmobile,eth1,207.81,38.8,27.31,4.84,Nobull Networks LLC,"Federal Way, WA, United States",https://www.speedtest.net/result/c/b0756093-4c58-4b5b-ba67-d8af2e4bbf4e
2026-03-18T23:07:35.668145,tmobile,eth1,214.66,37.37,31.14,9.58,Rainier Connect,"Tacoma, WA, United States",https://www.speedtest.net/result/c/1e51c235-398e-4b73-ae69-bbfe79edac42
2026-03-18T23:22:34.154846,tmobile,eth1,266.6,54.88,34.74,6.35,Nobull Networks LLC,"Federal Way, WA, United States",https://www.speedtest.net/result/c/2e3346e0-0af1-44b8-9d0a-45b1116b153b
2026-03-18T23:37:33.312464,tmobile,eth1,220.18,48.44,29.76,7.2,Nobull Networks LLC,"Federal Way, WA, United States",https://www.speedtest.net/result/c/a5427bed-9bee-4a43-8346-9e481f589b11
2026-03-18T23:52:38.534405,tmobile,eth1,218.24,22.59,26.21,3.95,Nobull Networks LLC,"Federal Way, WA, United States",https://www.speedtest.net/result/c/95303d97-9fee-470b-84fa-d4d59b7419cd
2026-03-19T00:07:38.473929,tmobile,eth1,250.12,49.99,29.98,1.41,Ziply Fiber,"Seattle, WA, United States",https://www.speedtest.net/result/c/7c1decb6-6f22-40e6-9fe2-6ede58873b20
2026-03-19T00:22:35.418365,tmobile,eth1,251.78,55.92,27.02,2.38,GSL Networks,"Seattle, WA, United States",https://www.speedtest.net/result/c/8655ebf2-5b08-4f98-909c-eb91cba8eda3
2026-03-19T00:37:30.472058,tmobile,eth1,250.58,47.25,38.43,3.81,GSL Networks,"Seattle, WA, United States",https://www.speedtest.net/result/c/5ac7407c-ae27-49ff-a2a4-acf9ee6625cb
2026-03-19T00:52:34.667294,tmobile,eth1,279.29,47.81,29.99,3.57,GSL Networks,"Seattle, WA, United States",https://www.speedtest.net/result/c/93373f61-aa35-4c20-9a1b-5006208627f9
2026-03-19T01:07:27.758350,tmobile,eth1,257.32,53.2,29.97,0.42,Nitel,"Seattle, WA, United States",https://www.speedtest.net/result/c/ac650bfa-d33e-4560-a79d-52c88a3e9465
2026-03-19T01:22:32.598428,tmobile,eth1,309.0,49.55,23.07,3.38,GSL Networks,"Seattle, WA, United States",https://www.speedtest.net/result/c/dad702bf-f78c-4f41-ac3b-7826c1afc319
2026-03-19T01:37:31.355283,tmobile,eth1,312.99,58.23,39.9,3.96,Nitel,"Seattle, WA, United States",https://www.speedtest.net/result/c/a7dc5748-7331-48a8-9731-feb7bddbcad1
2026-03-19T01:52:32.599582,tmobile,eth1,279.39,51.76,19.98,2.9,Nobull Networks LLC,"Federal Way, WA, United States",https://www.speedtest.net/result/c/431b8559-067e-4799-8261-80b9c1ba1f30
2026-03-19T02:07:33.874300,tmobile,eth1,304.21,96.97,36.91,8.55,Rainier Connect,"Tacoma, WA, United States",https://www.speedtest.net/result/c/362f12c6-a871-4f5b-a71f-ca86f686ab72
2026-03-19T02:22:29.137412,tmobile,eth1,153.74,42.42,23.44,2.46,Nobull Networks LLC,"Federal Way, WA, United States",https://www.speedtest.net/result/c/a6f1bc94-f015-4355-8083-13a1bcec84bf
2026-03-19T02:37:40.903079,tmobile,eth1,316.77,55.03,35.34,7.06,EZEE Fiber,"Seattle, WA, United States",https://www.speedtest.net/result/c/dedd0259-aaec-4944-8f44-669cff622bca
2026-03-19T02:52:36.548978,tmobile,eth1,294.4,51.93,29.91,7.05,GSL Networks,"Seattle, WA, United States",https://www.speedtest.net/result/c/95d33a1c-e1e4-4ebb-af46-6bc99695a45f
2026-03-19T03:07:37.790780,tmobile,eth1,247.48,51.01,30.69,2.73,GSL Networks,"Seattle, WA, United States",https://www.speedtest.net/result/c/1a5e958d-868d-449f-816f-db6f27b63214
2026-03-19T03:22:38.919311,tmobile,eth1,201.88,45.28,30.8,4.07,GSL Networks,"Seattle, WA, United States",https://www.speedtest.net/result/c/e2ca05ca-a82a-4b78-a791-0f8abbb67513
2026-03-19T03:37:28.106406,tmobile,eth1,226.78,52.72,27.23,7.96,Nitel,"Seattle, WA, United States",https://www.speedtest.net/result/c/29318b49-5d65-43f8-ad4d-c83a230e2712
2026-03-19T03:52:30.373991,tmobile,eth1,30.58,45.93,29.68,1.74,Astound Broadband,"Seattle, WA, United States",https://www.speedtest.net/result/c/de9d4cba-2f31-4c2d-90e5-7f3acf75e61c
2026-03-19T04:07:46.005257,tmobile,eth1,280.58,45.39,30.55,1.85,EZEE Fiber,"Seattle, WA, United States",https://www.speedtest.net/result/c/ceeafc9a-0a50-4cef-a318-24b0ba32757e
2026-03-19T04:22:35.959196,tmobile,eth1,253.67,52.87,26.43,6.87,GSL Networks,"Seattle, WA, United States",https://www.speedtest.net/result/c/be0ee70e-af15-4cad-ae87-745e16e351e1
2026-03-19T04:37:37.954181,tmobile,eth1,198.1,39.85,31.61,3.09,EZEE Fiber,"Seattle, WA, United States",https://www.speedtest.net/result/c/f2256ec9-0d57-4240-9f2b-73ba4484d61a
2026-03-19T04:52:45.024239,tmobile,eth1,260.69,48.36,29.98,7.46,Ziply Fiber,"Seattle, WA, United States",https://www.speedtest.net/result/c/88a44297-4d58-4c66-83e0-06c2fa9b0ad2
2026-03-19T05:07:36.928927,tmobile,eth1,312.11,49.25,37.1,6.54,Nitel,"Seattle, WA, United States",https://www.speedtest.net/result/c/9d75dd0d-bd6f-4591-9993-613a73400b40
2026-03-19T05:22:36.694736,tmobile,eth1,321.79,49.11,29.32,2.97,"KamaTera, Inc.","Seattle, WA, United States",https://www.speedtest.net/result/c/16b520b6-d9fb-4efb-934c-e8e55bd4e5f9
2026-03-19T05:37:43.719614,tmobile,eth1,155.9,9.67,30.14,2.85,"KamaTera, Inc.","Seattle, WA, United States",https://www.speedtest.net/result/c/226252c2-ec9e-4f91-9192-eb0ea27a4feb
2026-03-19T05:52:29.018381,tmobile,eth1,294.17,57.46,29.96,6.47,Nobull Networks LLC,"Federal Way, WA, United States",https://www.speedtest.net/result/c/357cdb84-0a94-416c-b989-d7c37da23aaf
2026-03-19T06:07:34.456536,tmobile,eth1,314.19,58.21,25.11,3.87,Nobull Networks LLC,"Federal Way, WA, United States",https://www.speedtest.net/result/c/00ef4343-8cc8-4f0d-b25d-9c87220c6de8
2026-03-19T06:37:36.651020,tmobile,eth1,291.43,58.96,39.89,8.73,"KamaTera, Inc.","Seattle, WA, United States",https://www.speedtest.net/result/c/6947de8e-c3ae-4a1f-80d6-1d37d8ebb9e0
2026-03-19T06:52:30.371955,tmobile,eth1,258.86,57.66,39.93,0.68,Nitel,"Seattle, WA, United States",https://www.speedtest.net/result/c/957e60e6-3df9-48de-ab9b-ed0f688ae868
2026-03-19T07:07:36.050733,tmobile,eth1,275.28,56.36,36.84,5.05,Nitel,"Seattle, WA, United States",https://www.speedtest.net/result/c/9b891eac-1c2e-446a-9120-809bc3f1522d
2026-03-19T07:22:32.825925,tmobile,eth1,245.49,46.03,29.94,6.61,Nitel,"Seattle, WA, United States",https://www.speedtest.net/result/c/47485637-d781-4724-a5ec-e83174cc1adf
2026-03-19T07:37:36.493996,tmobile,eth1,244.86,39.45,30.59,2.19,EZEE Fiber,"Seattle, WA, United States",https://www.speedtest.net/result/c/9f57b51b-3d2d-4675-a00e-e6d2948b2c46
2026-03-19T07:52:33.760423,tmobile,eth1,209.4,44.46,30.77,10.31,Rainier Connect,"Tacoma, WA, United States",https://www.speedtest.net/result/c/21969996-eef4-42c4-b814-7f98dfb5804c
2026-03-19T08:07:36.509592,tmobile,eth1,229.32,32.62,40.22,3.28,Nobull Networks LLC,"Federal Way, WA, United States",https://www.speedtest.net/result/c/92904c7e-27fb-417f-a431-0baf568c39f1
2026-03-19T08:22:30.171483,tmobile,eth1,239.8,29.48,29.88,0.39,Nobull Networks LLC,"Federal Way, WA, United States",https://www.speedtest.net/result/c/fbd97131-b186-4b9f-88ed-89f9b9871f88
2026-03-19T08:37:39.751535,tmobile,eth1,212.73,17.84,30.05,5.57,Rainier Connect,"Tacoma, WA, United States",https://www.speedtest.net/result/c/d3e4e4e8-b9e8-4af4-abfe-f2da1d96eefa
2026-03-19T08:52:32.339359,tmobile,eth1,227.44,22.95,33.56,6.33,Nitel,"Seattle, WA, United States",https://www.speedtest.net/result/c/86f63a10-8cb4-470d-ba2b-5ab181a2291a
2026-03-19T09:07:41.367935,tmobile,eth1,249.81,69.0,29.25,2.75,Nitel,"Seattle, WA, United States",https://www.speedtest.net/result/c/8a474238-0adc-418f-9062-76872dcde9c6
2026-03-19T09:22:43.426502,tmobile,eth1,258.91,90.16,21.74,2.08,GSL Networks,"Seattle, WA, United States",https://www.speedtest.net/result/c/85aadc69-962d-43c8-9431-63730b6752b6
2026-03-19T09:37:41.590740,tmobile,eth1,267.6,82.46,26.73,12.16,EZEE Fiber,"Seattle, WA, United States",https://www.speedtest.net/result/c/d88cf28d-6467-4e76-a4d1-1f46c6b6a5ce
2026-03-19T09:52:25.188272,tmobile,eth1,232.85,64.69,30.0,2.44,Nobull Networks LLC,"Federal Way, WA, United States",https://www.speedtest.net/result/c/c1226f7a-9c1d-46c0-ad69-7074fab7da0f
2026-03-19T10:07:37.002572,tmobile,eth1,31.86,87.8,35.31,4.74,Astound Broadband,"Seattle, WA, United States",https://www.speedtest.net/result/c/cdbd54a0-7ac2-4a1e-9290-075ed528eaf2
2026-03-19T10:22:39.235086,tmobile,eth1,220.17,80.1,29.48,2.27,Nitel,"Seattle, WA, United States",https://www.speedtest.net/result/c/ea4812c5-8000-432c-993d-8580d478b750
2026-03-19T11:52:21.591032,tmobile,eth1,204.14,53.9,15.22,3.41,T-Mobile,"Bothell, WA, United States",https://www.speedtest.net/result/c/eecabc4d-fc2d-4302-8168-e9500e0e79ea
2026-03-19T12:07:34.789929,tmobile,eth1,226.83,46.45,24.48,12.95,T-Mobile,"Bothell, WA, United States",https://www.speedtest.net/result/c/c08a5e45-5de0-4b51-81ca-72c2f16d662f
2026-03-19T12:22:20.758435,tmobile,eth1,197.42,48.45,23.4,6.24,T-Mobile,"Bothell, WA, United States",https://www.speedtest.net/result/c/ab9c6cb9-76ea-4226-a40c-d8707665ed59
2026-03-19T12:37:31.736540,tmobile,eth1,249.91,53.36,27.83,10.99,Ziply Fiber,"Seattle, WA, United States",https://www.speedtest.net/result/c/4a7611a6-10c3-4825-b9cf-65474bd2adee
2026-03-19T12:52:22.829604,tmobile,eth1,243.46,47.72,19.98,5.82,T-Mobile,"Bothell, WA, United States",https://www.speedtest.net/result/c/f60cfe65-a65f-4d1b-b511-83a9b9052cbe
2026-03-19T13:07:31.183529,tmobile,eth1,241.74,49.35,20.02,0.26,T-Mobile,"Bothell, WA, United States",https://www.speedtest.net/result/c/e4fc1141-2f63-4bd0-92aa-64105df05a91
2026-03-19T13:22:25.141385,tmobile,eth1,224.22,43.82,19.79,1.99,T-Mobile,"Bothell, WA, United States",https://www.speedtest.net/result/c/f68eb6bd-23fc-4fbc-b5d6-4db0c70cc9dc
2026-03-19T13:37:23.124931,tmobile,eth1,198.82,44.6,19.93,0.26,T-Mobile,"Bothell, WA, United States",https://www.speedtest.net/result/c/6e3e809f-4a67-4c9f-a43f-ddac77caf773
2026-03-19T13:52:26.916502,tmobile,eth1,138.62,50.02,24.49,2.07,Astound Broadband,"Seattle, WA, United States",https://www.speedtest.net/result/c/fa5e13a7-a33b-4db9-98ee-9726a8c5d2db
2026-03-19T14:07:21.500371,tmobile,eth1,208.43,45.25,15.02,3.17,T-Mobile,"Bothell, WA, United States",https://www.speedtest.net/result/c/b494e64f-7c73-4cf5-9b18-44a619fbc915
2026-03-19T14:22:30.934163,tmobile,eth1,216.58,44.07,18.31,5.12,T-Mobile,"Bothell, WA, United States",https://www.speedtest.net/result/c/dcef7aaa-1d8b-4d4f-a23f-14b00fbcb44d
2026-03-19T14:37:33.031094,tmobile,eth1,211.65,53.91,15.22,1.2,T-Mobile,"Bothell, WA, United States",https://www.speedtest.net/result/c/c13257cf-ad66-4362-b70f-2667e7645860
2026-03-19T14:52:25.708846,tmobile,eth1,129.44,30.61,15.3,1.79,T-Mobile,"Bothell, WA, United States",https://www.speedtest.net/result/c/aff9738a-9896-4b17-b6c2-e350df932c97
2026-03-19T15:07:31.365085,tmobile,eth1,181.81,48.23,15.95,3.96,T-Mobile,"Bothell, WA, United States",https://www.speedtest.net/result/c/6a7707ee-39ab-48e4-a20c-e1afb2b2f513
2026-03-19T15:22:22.258099,tmobile,eth1,173.79,44.91,15.17,3.46,T-Mobile,"Bothell, WA, United States",https://www.speedtest.net/result/c/faf5f48f-53d3-4d72-b02d-631a1ebe6199
2026-03-19T15:37:25.622071,tmobile,eth1,157.84,51.71,15.15,3.1,T-Mobile,"Bothell, WA, United States",https://www.speedtest.net/result/c/f585090a-8927-4f47-9f31-d5e9653d7cb1
2026-03-19T15:52:24.933217,tmobile,eth1,158.9,44.0,15.43,1.71,T-Mobile,"Bothell, WA, United States",https://www.speedtest.net/result/c/a1f2557c-faf8-494d-92d7-e33c696dbede
2026-03-19T16:07:22.639878,tmobile,eth1,169.98,54.95,15.22,2.7,T-Mobile,"Bothell, WA, United States",https://www.speedtest.net/result/c/1a6c2b9a-f65e-4586-b8bd-d2370560f09f
2026-03-19T16:22:24.872696,tmobile,eth1,172.9,43.88,24.12,7.28,T-Mobile,"Bothell, WA, United States",https://www.speedtest.net/result/c/c786df86-f8a9-4539-89a2-7a8187de3ab3
2026-03-19T16:37:31.501111,tmobile,eth1,195.22,50.83,29.78,17.91,T-Mobile,"Bothell, WA, United States",https://www.speedtest.net/result/c/5d4faa72-4128-42ab-b041-7e4fb757f675
2026-03-19T16:52:20.432263,tmobile,eth1,216.39,55.88,15.09,3.27,T-Mobile,"Bothell, WA, United States",https://www.speedtest.net/result/c/6931992c-e5df-4cca-81e2-388f882d7e47
2026-03-19T17:07:21.140304,tmobile,eth1,207.63,48.71,18.38,2.89,T-Mobile,"Bothell, WA, United States",https://www.speedtest.net/result/c/b3b72828-d87f-4c22-a277-b28673fc9c78
2026-03-19T17:22:26.463472,tmobile,eth1,223.16,52.47,16.59,3.19,T-Mobile,"Bothell, WA, United States",https://www.speedtest.net/result/c/434c354d-3b89-419c-8d50-f0fe81df4d85
2026-03-19T17:37:23.970494,tmobile,eth1,230.78,54.17,15.47,2.65,T-Mobile,"Bothell, WA, United States",https://www.speedtest.net/result/c/f2c4cee3-a166-4040-b68d-4708f99c201f
2026-03-19T17:52:34.368026,tmobile,eth1,144.05,14.34,20.04,7.69,T-Mobile,"Bothell, WA, United States",https://www.speedtest.net/result/c/e63a056b-48fc-4ddc-b000-7fff22cf7609
2026-03-19T18:07:27.052641,tmobile,eth1,169.63,85.83,17.33,3.92,T-Mobile,"Bothell, WA, United States",https://www.speedtest.net/result/c/52df664c-0815-43fb-9137-71a0e5cd11a0
2026-03-19T18:22:31.999626,tmobile,eth1,77.0,30.56,14.93,2.62,T-Mobile,"Bothell, WA, United States",https://www.speedtest.net/result/c/ef830f5b-1e80-42a0-891a-1c7240beac9a
2026-03-19T18:37:29.180056,tmobile,eth1,119.9,19.93,22.02,3.79,T-Mobile,"Bothell, WA, United States",https://www.speedtest.net/result/c/66cb5cc3-970e-4785-8385-5502424c7f77
2026-03-19T18:52:34.214061,tmobile,eth1,97.16,28.49,15.19,2.15,T-Mobile,"Bothell, WA, United States",https://www.speedtest.net/result/c/55c90df1-a480-4bd1-abb3-4d2b17f9c33e
2026-03-19T19:07:25.757163,tmobile,eth1,207.86,26.17,15.54,4.69,T-Mobile,"Bothell, WA, United States",https://www.speedtest.net/result/c/c01501df-b450-45ee-b0c4-cac24752293b
2026-03-19T19:22:28.306915,tmobile,eth1,165.57,55.87,15.27,2.89,T-Mobile,"Bothell, WA, United States",https://www.speedtest.net/result/c/fb03d388-0591-4e38-a8e5-76875c8e17e8
2026-03-19T19:37:34.392955,tmobile,eth1,147.86,53.15,14.95,3.76,T-Mobile,"Bothell, WA, United States",https://www.speedtest.net/result/c/7e6fdb08-936b-4a56-900c-446e3fd44640
2026-03-19T19:52:30.208963,tmobile,eth1,145.32,49.59,16.89,5.74,T-Mobile,"Bothell, WA, United States",https://www.speedtest.net/result/c/25142294-eff0-47aa-bd6c-001aee717ba3
2026-03-19T20:07:26.494765,tmobile,eth1,93.94,44.73,15.18,2.23,T-Mobile,"Bothell, WA, United States",https://www.speedtest.net/result/c/06bce405-abcb-4427-a3a8-c5d0092ca202
2026-03-19T20:22:33.326964,tmobile,eth1,103.04,14.47,16.11,2.26,T-Mobile,"Bothell, WA, United States",https://www.speedtest.net/result/c/36ce3ff5-7032-4aff-ab2c-a6ab0fea8ca4
2026-03-19T20:37:19.065387,tmobile,eth1,58.62,20.54,19.32,1.89,T-Mobile,"Bothell, WA, United States",https://www.speedtest.net/result/c/73830b3f-dc97-4ce9-9a02-366c3fd12852
2026-03-19T20:52:25.017370,tmobile,eth1,173.18,53.29,16.65,1.97,T-Mobile,"Bothell, WA, United States",https://www.speedtest.net/result/c/f23c953d-f8e1-4c70-a113-7bc57a527f2a
2026-03-19T21:07:26.981724,tmobile,eth1,177.22,47.44,15.84,4.65,T-Mobile,"Bothell, WA, United States",https://www.speedtest.net/result/c/9f9c695d-22ce-49ac-a1c5-278e469441b0
2026-03-19T21:22:23.621480,tmobile,eth1,186.63,41.73,17.6,6.54,T-Mobile,"Bothell, WA, United States",https://www.speedtest.net/result/c/2d8c8c48-c6c0-4fe6-a47a-37882915fec8
2026-03-19T21:37:26.941391,tmobile,eth1,196.74,38.85,15.16,1.65,T-Mobile,"Bothell, WA, United States",https://www.speedtest.net/result/c/b1d1295d-5036-48bc-bc23-bc763a689348
2026-03-19T21:52:23.590899,tmobile,eth1,162.15,45.54,15.68,4.71,T-Mobile,"Bothell, WA, United States",https://www.speedtest.net/result/c/8ff43dd2-2af1-4949-b6b7-ef46eacc499e
2026-03-19T22:07:24.360456,tmobile,eth1,134.22,42.76,15.81,3.08,T-Mobile,"Bothell, WA, United States",https://www.speedtest.net/result/c/a94f9b9a-a006-40c2-bc6d-092bcd17eb81
2026-03-19T22:22:20.331656,tmobile,eth1,183.63,47.53,16.8,6.86,T-Mobile,"Bothell, WA, United States",https://www.speedtest.net/result/c/2b4a3eeb-e019-42b9-a9fb-8a43241b41fe
2026-03-19T22:37:20.478636,tmobile,eth1,204.65,57.35,17.2,3.04,T-Mobile,"Bothell, WA, United States",https://www.speedtest.net/result/c/f2ee43b0-4bba-4fde-a2f3-d048bf1c5382
2026-03-19T22:52:20.168460,tmobile,eth1,185.63,56.27,16.02,3.23,T-Mobile,"Bothell, WA, United States",https://www.speedtest.net/result/c/204cdf21-006b-43d4-adaa-b46663fa4bd1
2026-03-19T23:07:28.729596,tmobile,eth1,220.21,53.35,15.8,3.4,T-Mobile,"Bothell, WA, United States",https://www.speedtest.net/result/c/62e09eb4-7cfc-4879-811d-532305d8cca1
2026-03-19T23:22:25.578141,tmobile,eth1,222.51,57.81,15.94,3.33,T-Mobile,"Bothell, WA, United States",https://www.speedtest.net/result/c/4b3c36ac-7b00-4762-8f20-a07c28523d64
2026-03-19T23:37:30.988184,tmobile,eth1,230.66,48.53,15.7,6.08,T-Mobile,"Bothell, WA, United States",https://www.speedtest.net/result/c/483d79cf-5b17-4247-bced-75f2e0d648fe
2026-03-19T23:52:25.478989,tmobile,eth1,219.84,53.58,15.08,1.41,T-Mobile,"Bothell, WA, United States",https://www.speedtest.net/result/c/92860a36-2010-41b6-ab76-314f2378a500
2026-03-20T00:07:28.770380,tmobile,eth1,235.99,51.31,18.53,2.45,T-Mobile,"Bothell, WA, United States",https://www.speedtest.net/result/c/04c3c626-822e-4973-a953-9886c943223c
2026-03-20T00:22:19.876653,tmobile,eth1,205.79,48.92,15.27,1.16,T-Mobile,"Bothell, WA, United States",https://www.speedtest.net/result/c/3c662ffa-c213-4910-8240-693f8e5a23ec
2026-03-20T00:37:23.329569,tmobile,eth1,245.54,53.08,16.62,4.9,T-Mobile,"Bothell, WA, United States",https://www.speedtest.net/result/c/189b09d7-6cdc-4e00-9b0b-7d99d4a30c77
2026-03-20T00:52:18.993754,tmobile,eth1,252.75,49.58,16.75,3.19,T-Mobile,"Bothell, WA, United States",https://www.speedtest.net/result/c/51362035-f162-4fa4-9800-df3c04fa5831
2026-03-20T01:07:29.762506,tmobile,eth1,259.92,53.54,17.17,12.11,T-Mobile,"Bothell, WA, United States",https://www.speedtest.net/result/c/b7f559f8-eea4-485e-b983-daa0e280a2ea
2026-03-20T01:22:28.390848,tmobile,eth1,264.05,51.15,15.29,2.23,T-Mobile,"Bothell, WA, United States",https://www.speedtest.net/result/c/42311994-4792-43c7-86e8-3df9bf8390bc
2026-03-20T01:37:28.868491,tmobile,eth1,138.92,35.87,15.65,2.69,T-Mobile,"Bothell, WA, United States",https://www.speedtest.net/result/c/a1047154-ad73-4d12-b778-34038f4e8461
2026-03-20T01:52:23.339110,tmobile,eth1,297.38,86.3,18.11,2.41,T-Mobile,"Bothell, WA, United States",https://www.speedtest.net/result/c/39024a94-c58d-4682-a751-40213b042dfa
2026-03-20T02:07:29.720322,tmobile,eth1,178.59,38.88,15.65,2.67,T-Mobile,"Bothell, WA, United States",https://www.speedtest.net/result/c/e172c099-f6a7-4fb1-afef-a15c98aebbd3
2026-03-20T02:22:37.245507,tmobile,eth1,104.73,12.58,23.21,7.56,T-Mobile,"Bothell, WA, United States",https://www.speedtest.net/result/c/52caa1fa-a158-4ce1-b443-bb7a95b7bef2
2026-03-20T02:37:24.597477,tmobile,eth1,272.18,53.91,18.52,4.21,T-Mobile,"Bothell, WA, United States",https://www.speedtest.net/result/c/b8d51da8-dfbd-4b4d-aba7-d1883fb6d567
2026-03-20T02:52:16.646028,tmobile,eth1,257.88,44.71,20.0,4.69,T-Mobile,"Bothell, WA, United States",https://www.speedtest.net/result/c/6ed021fb-43bb-47c8-9247-3eaf1fe8b072
2026-03-20T03:07:25.220698,tmobile,eth1,275.43,87.4,15.81,3.39,T-Mobile,"Bothell, WA, United States",https://www.speedtest.net/result/c/affd6517-ba2e-4065-9bd7-5a565afa4237
2026-03-20T03:22:22.242299,tmobile,eth1,265.12,46.54,16.43,5.93,T-Mobile,"Bothell, WA, United States",https://www.speedtest.net/result/c/5a51d46e-c57e-4295-bf0e-184008ac3530
2026-03-20T03:37:22.895843,tmobile,eth1,236.01,51.75,18.54,3.81,T-Mobile,"Bothell, WA, United States",https://www.speedtest.net/result/c/f0299e10-c661-4da3-87fd-193a320e68a7
2026-03-20T03:52:20.204337,tmobile,eth1,285.66,49.63,15.16,1.69,T-Mobile,"Bothell, WA, United States",https://www.speedtest.net/result/c/0a284f06-78b9-4eab-b727-ddf3c20bdb83
2026-03-20T04:07:17.225063,tmobile,eth1,225.97,49.44,16.44,2.14,T-Mobile,"Bothell, WA, United States",https://www.speedtest.net/result/c/5231d660-dbc8-4a51-b755-aac446d8ad95
2026-03-20T04:22:24.176526,tmobile,eth1,289.91,49.56,16.59,3.17,T-Mobile,"Bothell, WA, United States",https://www.speedtest.net/result/c/d6b2cfa0-d98b-4863-ad7f-98f4c48b2640
2026-03-20T04:37:21.254952,tmobile,eth1,285.95,94.93,18.8,4.74,T-Mobile,"Bothell, WA, United States",https://www.speedtest.net/result/c/748698e0-c5e2-4dc8-8b0a-d8a69ed8bd81
2026-03-20T04:52:23.909308,tmobile,eth1,210.8,30.81,18.92,4.98,T-Mobile,"Bothell, WA, United States",https://www.speedtest.net/result/c/c4e3485f-eff5-4f0f-9d72-74e348ecdad4
2026-03-20T05:07:13.088470,tmobile,eth1,273.19,33.88,16.96,5.88,T-Mobile,"Bothell, WA, United States",https://www.speedtest.net/result/c/b38f9921-d57f-4ef3-984b-9369b94e9c68
2026-03-20T05:22:20.593934,tmobile,eth1,287.19,31.71,16.58,6.68,T-Mobile,"Bothell, WA, United States",https://www.speedtest.net/result/c/8e91efa3-0940-4ada-9b74-e1a3247d6d91
2026-03-20T05:37:23.305208,tmobile,eth1,274.35,29.62,15.25,1.86,T-Mobile,"Bothell, WA, United States",https://www.speedtest.net/result/c/49e2f625-c613-4e4c-bdd1-3ea0fa9faf6e
2026-03-20T05:52:20.427471,tmobile,eth1,312.55,41.46,15.97,3.54,T-Mobile,"Bothell, WA, United States",https://www.speedtest.net/result/c/ad018b8a-8f26-49da-bb56-f066d1d236f8
2026-03-20T06:07:24.477406,tmobile,eth1,340.67,93.51,16.14,4.07,T-Mobile,"Bothell, WA, United States",https://www.speedtest.net/result/c/d8888644-94ab-4c90-91e7-a784c5f13491
2026-03-20T06:22:24.152685,tmobile,eth1,302.01,92.55,16.52,3.37,T-Mobile,"Bothell, WA, United States",https://www.speedtest.net/result/c/defc540a-b741-4b6b-a8ac-b333b18040ff
2026-03-20T06:37:26.555974,tmobile,eth1,239.47,91.08,26.54,4.55,Astound Broadband,"Seattle, WA, United States",https://www.speedtest.net/result/c/2ad6722c-6356-4364-8e33-e58ba72e916a
2026-03-20T06:52:27.991097,tmobile,eth1,293.4,44.46,19.83,2.6,T-Mobile,"Bothell, WA, United States",https://www.speedtest.net/result/c/ade3a8df-0b13-4a9d-8089-b3c26fe72702
2026-03-20T07:07:19.556503,tmobile,eth1,271.71,22.27,15.37,2.36,T-Mobile,"Bothell, WA, United States",https://www.speedtest.net/result/c/867c382c-40a0-402f-962b-8839069f3ffd
2026-03-20T07:22:19.340836,tmobile,eth1,254.3,81.58,15.11,10.05,T-Mobile,"Bothell, WA, United States",https://www.speedtest.net/result/c/0436b483-af51-45c1-8b6c-99e467bc4cde
2026-03-20T07:37:28.578875,tmobile,eth1,282.05,72.63,15.36,2.34,T-Mobile,"Bothell, WA, United States",https://www.speedtest.net/result/c/fbebabd3-5051-46f6-90b7-549733aa31bc
2026-03-20T07:52:20.850802,tmobile,eth1,214.81,42.19,15.36,3.12,T-Mobile,"Bothell, WA, United States",https://www.speedtest.net/result/c/52b57ade-99bb-4922-b849-1dd2f8593c51
2026-03-20T08:07:32.539108,tmobile,eth1,242.92,40.15,15.17,2.39,T-Mobile,"Bothell, WA, United States",https://www.speedtest.net/result/c/c8a50b5c-2182-47b5-a5d3-334c2b550fcb
2026-03-20T08:22:33.664236,tmobile,eth1,254.28,22.38,15.4,1.48,T-Mobile,"Bothell, WA, United States",https://www.speedtest.net/result/c/22879bc8-4851-4435-adb4-d7dc1cac347f
2026-03-20T08:37:33.163237,tmobile,eth1,93.07,17.78,36.49,8.8,Astound Broadband,"Seattle, WA, United States",https://www.speedtest.net/result/c/2e79db9b-1c8f-4f60-bbe4-9d5c83175e4b
2026-03-20T08:52:28.849632,tmobile,eth1,185.72,21.22,15.12,1.97,T-Mobile,"Bothell, WA, United States",https://www.speedtest.net/result/c/9251b8b3-ac09-4957-b221-cef3ab337a01
2026-03-20T09:07:21.919359,tmobile,eth1,217.49,47.16,15.39,1.93,T-Mobile,"Bothell, WA, United States",https://www.speedtest.net/result/c/45800af1-e992-455e-8f0c-a3843af4ae4d
2026-03-20T09:22:27.502545,tmobile,eth1,171.0,35.82,19.87,0.64,T-Mobile,"Bothell, WA, United States",https://www.speedtest.net/result/c/86dea52c-67d6-4053-a9df-f3193d52b03b
2026-03-20T09:37:19.715864,tmobile,eth1,243.57,41.72,15.28,2.96,T-Mobile,"Bothell, WA, United States",https://www.speedtest.net/result/c/488c7926-d69b-4be5-9ba1-d051998b339e
2026-03-20T09:52:25.212220,tmobile,eth1,243.14,36.95,16.0,4.16,T-Mobile,"Bothell, WA, United States",https://www.speedtest.net/result/c/be1d3112-2ce1-4464-bdcb-4dd6c21da692
2026-03-20T10:07:30.880016,tmobile,eth1,245.93,42.41,33.35,8.12,Ziply Fiber,"Seattle, WA, United States",https://www.speedtest.net/result/c/ddf86374-26bd-4da3-beb9-7725cec5e84f
2026-03-20T10:22:30.377480,tmobile,eth1,256.61,32.9,19.88,10.7,T-Mobile,"Bothell, WA, United States",https://www.speedtest.net/result/c/2769e295-b552-4bfc-a2e3-ae8902aea58a
2026-03-20T10:37:35.932498,tmobile,eth1,234.21,41.39,23.03,9.92,T-Mobile,"Bothell, WA, United States",https://www.speedtest.net/result/c/c16bf242-abd6-41d1-a8f3-760a5fb8dac9
2026-03-20T10:52:25.438091,tmobile,eth1,217.06,37.01,23.6,6.6,T-Mobile,"Bothell, WA, United States",https://www.speedtest.net/result/c/3a9b7acf-468b-4a6a-86a9-4169db92cbb3
2026-03-20T11:07:27.052334,tmobile,eth1,228.76,40.99,15.87,0.76,T-Mobile,"Bothell, WA, United States",https://www.speedtest.net/result/c/f55234df-abf8-4ea5-8eb5-9825a21cfe70
2026-03-20T11:22:33.730081,tmobile,eth1,230.26,34.27,19.11,3.84,T-Mobile,"Bothell, WA, United States",https://www.speedtest.net/result/c/2527baf1-9cb0-44c5-89b8-29ae190d353c
2026-03-20T11:37:27.077957,tmobile,eth1,200.12,28.48,15.35,2.62,T-Mobile,"Bothell, WA, United States",https://www.speedtest.net/result/c/5a79317a-6e9f-4217-8af9-d96de83806df
2026-03-20T11:52:28.264948,tmobile,eth1,248.85,32.71,16.24,4.95,T-Mobile,"Bothell, WA, United States",https://www.speedtest.net/result/c/a91e8b93-6cb1-4ce5-9aca-a0009f1a36b2
2026-03-20T12:07:25.586195,tmobile,eth1,233.04,41.98,19.77,2.37,T-Mobile,"Bothell, WA, United States",https://www.speedtest.net/result/c/8a1627d0-a5d8-4e39-a9c2-2136d10fd1bb
2026-03-20T12:22:30.634803,tmobile,eth1,206.25,29.45,16.81,5.8,T-Mobile,"Bothell, WA, United States",https://www.speedtest.net/result/c/d4867570-d576-4911-870a-0f798916d0ad
2026-03-20T12:37:36.221751,tmobile,eth1,208.94,42.93,18.39,5.5,T-Mobile,"Bothell, WA, United States",https://www.speedtest.net/result/c/c780be0c-f414-454a-8a51-7088647108ab
2026-03-20T12:52:18.568766,tmobile,eth1,227.66,51.34,37.08,9.35,T-Mobile,"Bothell, WA, United States",https://www.speedtest.net/result/c/36c3d379-c36b-4684-86c7-d0aa56196b47
2026-03-20T13:07:20.592328,tmobile,eth1,227.07,41.85,27.1,14.59,T-Mobile,"Bothell, WA, United States",https://www.speedtest.net/result/c/c93b4040-05fc-47da-9bcb-27221c2ccb1d
2026-03-20T13:22:36.526980,tmobile,eth1,156.42,17.66,24.05,6.09,T-Mobile,"Bothell, WA, United States",https://www.speedtest.net/result/c/638984e4-2905-4f15-8264-21976971581b
2026-03-20T13:37:32.351232,tmobile,eth1,259.71,47.65,15.32,2.39,T-Mobile,"Bothell, WA, United States",https://www.speedtest.net/result/c/f3324e4e-c761-478f-b4d8-9a307132ddad
2026-03-20T13:52:32.846606,tmobile,eth1,286.28,97.8,16.61,3.37,T-Mobile,"Bothell, WA, United States",https://www.speedtest.net/result/c/6b81248c-d7fa-4604-b254-db641261e0c6
2026-03-20T14:07:33.135177,tmobile,eth1,259.62,84.89,15.21,2.67,T-Mobile,"Bothell, WA, United States",https://www.speedtest.net/result/c/371ba0ff-0543-4380-932e-e88220d92623
2026-03-20T14:22:26.231210,tmobile,eth1,223.64,49.72,21.95,8.44,T-Mobile,"Bothell, WA, United States",https://www.speedtest.net/result/c/10051c75-b5f9-4ebf-9870-020d8b6bb509
2026-03-20T14:37:22.057949,tmobile,eth1,230.04,49.05,15.21,2.78,T-Mobile,"Bothell, WA, United States",https://www.speedtest.net/result/c/bf2e812d-870a-4612-95c3-66f49dc4d2ad
2026-03-20T14:52:27.106025,tmobile,eth1,229.94,77.84,15.02,3.74,T-Mobile,"Bothell, WA, United States",https://www.speedtest.net/result/c/06b1d1fd-b147-4b19-913f-a1d183f1cbf2
2026-03-20T15:07:26.792981,tmobile,eth1,237.48,52.84,15.17,2.39,T-Mobile,"Bothell, WA, United States",https://www.speedtest.net/result/c/c26b2f21-28d0-400b-a361-ce76b498e9d0
2026-03-20T15:22:24.411860,tmobile,eth1,225.73,48.52,15.24,2.52,T-Mobile,"Bothell, WA, United States",https://www.speedtest.net/result/c/c3acec1f-440d-4ae3-8fab-b5d91491c9a4
2026-03-20T15:37:27.188828,tmobile,eth1,226.03,53.62,21.52,3.89,T-Mobile,"Bothell, WA, United States",https://www.speedtest.net/result/c/1bc02387-1875-472d-b525-9f44a7563547
2026-03-20T15:52:27.309001,tmobile,eth1,205.12,47.37,15.97,3.72,T-Mobile,"Bothell, WA, United States",https://www.speedtest.net/result/c/9221f824-da42-4b80-acea-9cdc8502b6fd
2026-03-20T16:07:32.454207,tmobile,eth1,264.99,88.33,15.29,2.22,T-Mobile,"Bothell, WA, United States",https://www.speedtest.net/result/c/ddbe3182-1d4b-46b1-b096-fbbfdd5d8c52
2026-03-20T16:22:21.304636,tmobile,eth1,215.65,77.37,19.93,1.4,T-Mobile,"Bothell, WA, United States",https://www.speedtest.net/result/c/e3bf8c27-ac2a-47c1-93cd-75e0f175ff2c
2026-03-20T16:37:24.804630,tmobile,eth1,219.91,79.07,24.43,3.87,EZEE Fiber,"Seattle, WA, United States",https://www.speedtest.net/result/c/3813e2dd-3502-4d97-b087-798ccd1a5e5e
2026-03-20T16:52:15.436550,tmobile,eth1,204.64,41.07,15.01,2.85,T-Mobile,"Bothell, WA, United States",https://www.speedtest.net/result/c/908348e7-e8a8-49fa-a3f4-40028a4eb1e5
2026-03-20T17:07:23.448732,tmobile,eth1,210.38,45.83,15.34,3.05,T-Mobile,"Bothell, WA, United States",https://www.speedtest.net/result/c/329e8e51-14f0-48a6-b1ae-339c5b74c994
2026-03-20T17:22:24.632013,tmobile,eth1,212.72,14.01,17.33,3.19,T-Mobile,"Bothell, WA, United States",https://www.speedtest.net/result/c/18b08d12-294a-4494-86f2-32eda6511d86
2026-03-20T17:37:20.515886,tmobile,eth1,178.46,88.43,20.12,2.45,T-Mobile,"Bothell, WA, United States",https://www.speedtest.net/result/c/b54ff806-383c-4702-86aa-48dc993b558f
2026-03-20T17:52:27.500442,tmobile,eth1,255.74,47.68,15.28,1.65,T-Mobile,"Bothell, WA, United States",https://www.speedtest.net/result/c/a7035823-0e10-4e56-864a-79bb211ecabb
2026-03-20T18:07:25.492347,tmobile,eth1,207.43,44.39,16.52,2.51,T-Mobile,"Bothell, WA, United States",https://www.speedtest.net/result/c/5f513d5a-ddbb-4e34-b3b5-7a3500b3beb5
2026-03-20T18:22:31.551058,tmobile,eth1,189.76,35.63,21.58,5.56,T-Mobile,"Bothell, WA, United States",https://www.speedtest.net/result/c/398310d3-ed13-4c1b-8be5-65188e218b9e
2026-03-20T18:37:22.394211,tmobile,eth1,236.97,55.33,15.18,2.38,T-Mobile,"Bothell, WA, United States",https://www.speedtest.net/result/c/b52937ac-36eb-4a9f-9a55-d481212eeebe
2026-03-20T18:52:20.617710,tmobile,eth1,243.98,50.11,15.23,2.56,T-Mobile,"Bothell, WA, United States",https://www.speedtest.net/result/c/58156afe-d9f2-4cf5-8949-d283c143599e
2026-03-20T19:07:23.617065,tmobile,eth1,165.69,84.47,15.19,1.31,T-Mobile,"Bothell, WA, United States",https://www.speedtest.net/result/c/59110d51-4b78-4bdc-aceb-4d42c39ebdef
2026-03-20T19:22:23.867328,tmobile,eth1,194.25,51.71,16.56,3.18,T-Mobile,"Bothell, WA, United States",https://www.speedtest.net/result/c/f397aa67-a8b5-40ca-9f19-bc9cd1621216
2026-03-20T19:37:35.612471,tmobile,eth1,196.49,26.15,18.31,4.0,T-Mobile,"Bothell, WA, United States",https://www.speedtest.net/result/c/379fd917-562c-48b8-a8ef-b739e38cc4e2
2026-03-20T19:52:25.661572,tmobile,eth1,136.62,30.53,15.32,1.3,T-Mobile,"Bothell, WA, United States",https://www.speedtest.net/result/c/007025b9-a048-4dbb-ad5c-38e7c33c0192
2026-03-20T20:07:27.881696,tmobile,eth1,166.63,32.11,16.27,3.54,T-Mobile,"Bothell, WA, United States",https://www.speedtest.net/result/c/4d335422-0715-4ce3-93b3-d96410123b9c
2026-03-20T20:22:29.809896,tmobile,eth1,78.92,25.11,20.49,2.53,Astound Broadband,"Seattle, WA, United States",https://www.speedtest.net/result/c/d366dedc-b54c-47c7-8f11-327909e6b952
2026-03-20T20:37:30.425243,tmobile,eth1,118.25,10.68,15.34,2.94,T-Mobile,"Bothell, WA, United States",https://www.speedtest.net/result/c/a69735d6-88da-430c-9166-1fd1d09af2ed
2026-03-20T20:52:27.520291,tmobile,eth1,230.82,46.34,15.0,2.89,T-Mobile,"Bothell, WA, United States",https://www.speedtest.net/result/c/bd696053-fda7-4217-9b60-92a7c4b16b7d
2026-03-20T21:07:28.789053,tmobile,eth1,225.87,25.89,21.54,7.41,Ziply Fiber,"Seattle, WA, United States",https://www.speedtest.net/result/c/8c235416-e61a-4b49-b309-98444802815a
2026-03-20T21:22:31.472495,tmobile,eth1,146.7,27.28,19.63,1.98,T-Mobile,"Bothell, WA, United States",https://www.speedtest.net/result/c/2e32b5e9-b932-4de3-aed3-ada38a02dc85
2026-03-20T21:37:22.501228,tmobile,eth1,156.28,12.81,16.63,1.73,T-Mobile,"Bothell, WA, United States",https://www.speedtest.net/result/c/eabaa87a-1879-4035-90d6-2c202277d3e6
2026-03-20T21:52:33.007061,tmobile,eth1,132.24,19.2,20.16,2.32,T-Mobile,"Bothell, WA, United States",https://www.speedtest.net/result/c/98eca5bd-733f-48ed-b342-ae847b8fc4ce
2026-03-20T22:07:20.336276,tmobile,eth1,191.43,45.58,16.65,2.56,T-Mobile,"Bothell, WA, United States",https://www.speedtest.net/result/c/81a7558d-c483-4381-80f2-48ceb7c52f37
2026-03-20T22:22:24.637672,tmobile,eth1,183.93,38.55,23.07,20.72,T-Mobile,"Bothell, WA, United States",https://www.speedtest.net/result/c/a2b0e445-9316-4e3a-80a3-9a9c06722a71
2026-03-20T22:37:17.088355,tmobile,eth1,164.36,41.63,19.8,3.45,T-Mobile,"Bothell, WA, United States",https://www.speedtest.net/result/c/2f5acff8-f2c8-419a-9a6b-29bb9d3dacc6
2026-03-20T22:52:29.264636,tmobile,eth1,170.4,44.88,16.0,0.93,T-Mobile,"Bothell, WA, United States",https://www.speedtest.net/result/c/95067c84-85b5-46da-800e-0ae38fa61444
2026-03-20T23:07:26.919737,tmobile,eth1,170.12,48.54,14.89,3.19,T-Mobile,"Bothell, WA, United States",https://www.speedtest.net/result/c/e8f0e0b2-69a5-4348-b208-af5cd939da56
2026-03-20T23:22:23.700694,tmobile,eth1,183.16,20.91,19.84,1.41,T-Mobile,"Bothell, WA, United States",https://www.speedtest.net/result/c/01ee03eb-6037-4cd7-b952-77066589ceeb
2026-03-20T23:37:24.344790,tmobile,eth1,319.92,50.27,18.33,3.18,T-Mobile,"Bothell, WA, United States",https://www.speedtest.net/result/c/90fb3706-53ca-4dc3-9323-0d79a86870b4
2026-03-20T23:52:20.869140,tmobile,eth1,308.07,55.72,16.54,2.64,T-Mobile,"Bothell, WA, United States",https://www.speedtest.net/result/c/2cabf211-0685-49bd-8589-e1296081ba1f
2026-03-21T00:07:19.222100,tmobile,eth1,221.7,48.21,15.13,2.36,T-Mobile,"Bothell, WA, United States",https://www.speedtest.net/result/c/30a629cf-76a9-4c22-9337-810aae5e8eed
2026-03-21T00:22:23.786055,tmobile,eth1,364.23,54.41,16.71,3.92,T-Mobile,"Bothell, WA, United States",https://www.speedtest.net/result/c/ea551bc3-a39b-4b64-af31-69611dbd1576
2026-03-21T00:37:28.503592,tmobile,eth1,91.93,35.73,18.82,8.05,T-Mobile,"Bothell, WA, United States",https://www.speedtest.net/result/c/dec18540-1357-49b0-a369-187247cd11f2
2026-03-21T00:52:27.000221,tmobile,eth1,264.74,49.93,27.35,1.67,Ziply Fiber,"Seattle, WA, United States",https://www.speedtest.net/result/c/4456c7d5-ea87-4674-b9f2-5915dbf5673d
2026-03-21T01:07:32.979381,tmobile,eth1,114.87,40.9,15.65,2.95,T-Mobile,"Bothell, WA, United States",https://www.speedtest.net/result/c/0be19785-f690-48c8-a328-186a4b9fb221
2026-03-21T01:22:29.274876,tmobile,eth1,123.74,17.74,17.16,4.04,T-Mobile,"Bothell, WA, United States",https://www.speedtest.net/result/c/8b8f23ff-9c09-44ab-82d8-6a55e4e167ee
2026-03-21T01:37:30.256615,tmobile,eth1,442.97,52.75,20.01,0.18,T-Mobile,"Bothell, WA, United States",https://www.speedtest.net/result/c/82aa1d6f-f8e0-4450-bc80-6a22c7adaba1
2026-03-21T01:52:20.405195,tmobile,eth1,150.72,43.62,15.14,1.81,T-Mobile,"Bothell, WA, United States",https://www.speedtest.net/result/c/109756fa-e378-4dea-8f0d-9e333ebe4890
2026-03-21T02:07:25.061997,tmobile,eth1,429.69,54.23,16.78,3.49,T-Mobile,"Bothell, WA, United States",https://www.speedtest.net/result/c/4776a8eb-3b92-4747-86b6-06486cd6c564
2026-03-21T02:22:29.459467,tmobile,eth1,421.89,52.92,28.35,3.23,Ziply Fiber,"Seattle, WA, United States",https://www.speedtest.net/result/c/32b085c7-e7c4-4a16-b055-1630028766bb
2026-03-21T02:37:30.054898,tmobile,eth1,103.79,15.27,15.12,2.5,T-Mobile,"Bothell, WA, United States",https://www.speedtest.net/result/c/5c5661a2-7b9d-4326-a92f-08f0922be498
2026-03-21T02:52:25.617950,tmobile,eth1,256.17,49.21,15.61,4.4,T-Mobile,"Bothell, WA, United States",https://www.speedtest.net/result/c/17db3ac4-d2f3-4b32-b71f-9a7d9f36ec78
2026-03-21T03:07:28.861467,tmobile,eth1,352.95,51.05,20.11,2.01,T-Mobile,"Bothell, WA, United States",https://www.speedtest.net/result/c/8641f129-aaf4-4e1c-8d53-b5e00156dbe3
2026-03-21T03:22:29.983357,tmobile,eth1,381.23,45.66,16.58,4.75,T-Mobile,"Bothell, WA, United States",https://www.speedtest.net/result/c/c5ec4f0e-d9d1-49f0-b219-cb33ee286037
2026-03-21T03:37:30.974774,tmobile,eth1,394.49,55.2,19.8,4.5,T-Mobile,"Bothell, WA, United States",https://www.speedtest.net/result/c/d44d2ae4-08f0-4877-bf69-04e7869396b5
2026-03-21T03:52:25.541761,tmobile,eth1,184.86,34.84,18.44,1.36,T-Mobile,"Bothell, WA, United States",https://www.speedtest.net/result/c/2a06087d-5af2-4dcb-88e5-773fbec93d94
2026-03-21T04:07:27.821888,tmobile,eth1,399.77,50.64,18.5,4.45,T-Mobile,"Bothell, WA, United States",https://www.speedtest.net/result/c/ae693eed-1b24-44eb-99a5-332ebb0059d7
2026-03-21T04:22:20.393722,tmobile,eth1,303.28,48.69,16.55,7.54,T-Mobile,"Bothell, WA, United States",https://www.speedtest.net/result/c/e94d69b7-c5cb-4c27-b270-2cfb15641317
2026-03-21T04:37:30.972017,tmobile,eth1,371.05,99.01,19.98,3.65,T-Mobile,"Bothell, WA, United States",https://www.speedtest.net/result/c/a61af857-baa7-4194-8ff4-17a0d57e1709
2026-03-21T04:52:24.552214,tmobile,eth1,243.28,18.64,16.54,3.6,T-Mobile,"Bothell, WA, United States",https://www.speedtest.net/result/c/969fe8e0-0116-424d-af0f-8ac05a10dc23
2026-03-21T05:07:27.440101,tmobile,eth1,398.58,30.53,20.02,3.8,T-Mobile,"Bothell, WA, United States",https://www.speedtest.net/result/c/c4158e8f-18aa-42b9-8000-8e4c9ad686d3
2026-03-21T05:22:23.227728,tmobile,eth1,306.84,41.84,15.14,1.77,T-Mobile,"Bothell, WA, United States",https://www.speedtest.net/result/c/c40bc86f-6b8a-413c-9fc6-2d5ec9f6a868
2026-03-21T05:37:24.644132,tmobile,eth1,279.02,42.5,15.12,1.18,T-Mobile,"Bothell, WA, United States",https://www.speedtest.net/result/c/eab2296b-24c8-40ab-9c46-f666473885c1
2026-03-21T05:52:31.608911,tmobile,eth1,221.52,15.76,18.18,9.86,T-Mobile,"Bothell, WA, United States",https://www.speedtest.net/result/c/12397295-ea83-42f0-9d1c-a254c7ba7ff0
2026-03-21T06:07:26.179869,tmobile,eth1,264.66,46.51,15.0,2.69,T-Mobile,"Bothell, WA, United States",https://www.speedtest.net/result/c/758644a6-5397-4372-be74-9026b2fcf2b3
2026-03-21T06:22:31.345153,tmobile,eth1,256.87,36.18,15.22,4.75,T-Mobile,"Bothell, WA, United States",https://www.speedtest.net/result/c/56a729f3-b72e-430a-824a-90d9a9bf995f
2026-03-21T06:37:29.881791,tmobile,eth1,218.32,39.78,20.17,0.92,T-Mobile,"Bothell, WA, United States",https://www.speedtest.net/result/c/6f790923-bcbc-4d0a-89b2-f84cbb6092f9
2026-03-21T06:52:29.187042,tmobile,eth1,316.44,96.04,20.07,0.13,T-Mobile,"Bothell, WA, United States",https://www.speedtest.net/result/c/90137bde-4851-4936-ad35-f181929ddcd2
2026-03-21T07:07:27.072356,tmobile,eth1,234.12,37.22,16.6,4.91,T-Mobile,"Bothell, WA, United States",https://www.speedtest.net/result/c/7628be43-c025-422a-a365-2b80553ea6fb
2026-03-21T07:22:19.049606,tmobile,eth1,338.67,94.92,16.09,3.1,T-Mobile,"Bothell, WA, United States",https://www.speedtest.net/result/c/66f69c5f-1a3b-4582-bca4-e015c44c9ea0
2026-03-21T07:37:36.194382,tmobile,eth1,202.25,29.24,18.18,1.2,T-Mobile,"Bothell, WA, United States",https://www.speedtest.net/result/c/72297d8e-f177-41a3-ae24-a3133ca140ef
2026-03-21T07:52:27.433447,tmobile,eth1,240.05,34.92,14.97,5.35,T-Mobile,"Bothell, WA, United States",https://www.speedtest.net/result/c/defdb8a1-96e2-4937-831b-def9a0729438
2026-03-21T08:07:28.382300,tmobile,eth1,189.77,14.94,14.83,1.5,T-Mobile,"Bothell, WA, United States",https://www.speedtest.net/result/c/f4b0236b-48da-49a0-a0eb-763c04f3965d
2026-03-21T08:22:30.618873,tmobile,eth1,292.82,45.35,18.43,8.09,T-Mobile,"Bothell, WA, United States",https://www.speedtest.net/result/c/6949ca7e-3529-4ed1-a6dd-3c2471f80190
2026-03-21T08:37:27.204857,tmobile,eth1,168.31,16.59,15.21,3.32,T-Mobile,"Bothell, WA, United States",https://www.speedtest.net/result/c/394cd40c-923e-44a6-bcd5-08fdebf1d652
2026-03-21T08:52:34.481831,tmobile,eth1,249.87,24.45,18.54,2.49,T-Mobile,"Bothell, WA, United States",https://www.speedtest.net/result/c/1fcf439c-7b31-401a-9cc9-67982448b389
2026-03-21T09:07:27.609231,tmobile,eth1,248.7,31.48,17.78,6.76,T-Mobile,"Bothell, WA, United States",https://www.speedtest.net/result/c/8239d79f-f5cf-473e-9a43-c0e99b72e039
2026-03-21T09:22:19.635350,tmobile,eth1,285.25,37.43,19.99,0.2,T-Mobile,"Bothell, WA, United States",https://www.speedtest.net/result/c/3290b9b3-f4d0-410b-9825-ac91244fa196
2026-03-21T09:37:24.267624,tmobile,eth1,193.02,25.03,14.97,1.17,T-Mobile,"Bothell, WA, United States",https://www.speedtest.net/result/c/8dd334be-3aaa-44e5-94be-0773ad1e8314
2026-03-21T09:52:35.717620,tmobile,eth1,233.31,23.25,18.38,3.03,T-Mobile,"Bothell, WA, United States",https://www.speedtest.net/result/c/b519134d-3a49-4db1-be9d-2ea936a53231
2026-03-21T10:07:29.982423,tmobile,eth1,239.81,19.44,15.94,3.71,T-Mobile,"Bothell, WA, United States",https://www.speedtest.net/result/c/c1d3edbb-0900-4ecf-bac0-4cec1c20b528
2026-03-21T10:22:16.602041,tmobile,eth1,204.52,16.39,21.69,5.37,T-Mobile,"Bothell, WA, United States",https://www.speedtest.net/result/c/7ff78a8e-89a6-436a-9818-75e5b4861532
2026-03-21T10:37:28.708169,tmobile,eth1,276.94,47.15,20.09,0.21,Ziply Fiber,"Seattle, WA, United States",https://www.speedtest.net/result/c/dbdf1fc2-c984-4928-ae02-d097b118df85
2026-03-21T10:52:19.385872,tmobile,eth1,250.98,45.63,15.56,3.01,T-Mobile,"Bothell, WA, United States",https://www.speedtest.net/result/c/fe0482ae-8f28-43ab-ae44-311a1abfb4ce
2026-03-21T11:07:23.952040,tmobile,eth1,278.56,49.04,16.36,3.22,T-Mobile,"Bothell, WA, United States",https://www.speedtest.net/result/c/a3f38302-e278-4d7a-b90a-851a7ed6a47c
2026-03-21T11:22:19.171088,tmobile,eth1,324.93,51.63,19.81,2.6,T-Mobile,"Bothell, WA, United States",https://www.speedtest.net/result/c/7d11879a-c778-4107-aae7-fd6cf247a773
2026-03-21T11:37:25.139891,tmobile,eth1,346.13,54.87,18.57,2.47,T-Mobile,"Bothell, WA, United States",https://www.speedtest.net/result/c/09900e97-3b95-4012-b269-0c92ab413aa3
2026-03-21T11:52:30.520563,tmobile,eth1,207.67,24.67,16.18,2.46,T-Mobile,"Bothell, WA, United States",https://www.speedtest.net/result/c/0f2cd117-9190-434e-bd52-a2939ed7682d
2026-03-21T12:07:35.532809,tmobile,eth1,201.51,29.62,15.14,5.29,T-Mobile,"Bothell, WA, United States",https://www.speedtest.net/result/c/afe355a6-b224-434a-a656-13a51e1ee081
2026-03-21T12:22:23.118972,tmobile,eth1,284.76,82.34,15.65,2.06,T-Mobile,"Bothell, WA, United States",https://www.speedtest.net/result/c/cb3d5f05-bac4-4be7-82f2-0e78a2ea3f19
2026-03-21T12:37:27.043916,tmobile,eth1,224.51,51.81,15.21,3.04,T-Mobile,"Bothell, WA, United States",https://www.speedtest.net/result/c/a867cea9-3acd-4446-a908-27ed06c9e017
2026-03-21T12:52:23.159738,tmobile,eth1,281.81,50.43,15.34,2.34,T-Mobile,"Bothell, WA, United States",https://www.speedtest.net/result/c/78b412ec-f4e0-445c-89b8-e12df33f1789
2026-03-21T13:07:18.952011,tmobile,eth1,263.55,44.88,18.61,7.68,T-Mobile,"Bothell, WA, United States",https://www.speedtest.net/result/c/a884bd64-5794-4c3d-8a2e-62e2cd0daeef
2026-03-21T13:22:25.172529,tmobile,eth1,276.94,43.21,20.31,5.94,T-Mobile,"Bothell, WA, United States",https://www.speedtest.net/result/c/ffe24183-e14e-48eb-9bec-31ebbf374b39
2026-03-21T13:37:29.415555,tmobile,eth1,300.15,44.18,15.1,2.81,T-Mobile,"Bothell, WA, United States",https://www.speedtest.net/result/c/ee804c3a-453d-4fd3-bfe1-03dc6db75779
2026-03-21T13:52:25.414238,tmobile,eth1,253.08,42.64,15.29,5.63,T-Mobile,"Bothell, WA, United States",https://www.speedtest.net/result/c/215c4833-80b3-4660-bfc5-bf317957cb94
2026-03-21T14:07:25.489121,tmobile,eth1,216.72,43.67,26.98,2.03,EZEE Fiber,"Seattle, WA, United States",https://www.speedtest.net/result/c/6c943ded-6b82-43f4-96ce-1cc49bf39a04
2026-03-21T14:22:20.719964,tmobile,eth1,245.94,83.23,16.72,3.41,T-Mobile,"Bothell, WA, United States",https://www.speedtest.net/result/c/1d8d20d3-1bce-45ab-8524-f4a7736a2bef
2026-03-21T14:37:29.516845,tmobile,eth1,299.74,48.8,17.0,3.2,T-Mobile,"Bothell, WA, United States",https://www.speedtest.net/result/c/b2d26463-bda7-4a36-ab7c-a4e8daf2bef1
2026-03-21T14:52:34.492729,tmobile,eth1,231.18,45.7,20.14,0.83,T-Mobile,"Bothell, WA, United States",https://www.speedtest.net/result/c/0e29741d-3e9f-497d-9d0b-9223d60daee9
2026-03-21T15:07:18.451456,tmobile,eth1,288.11,52.12,14.99,2.59,T-Mobile,"Bothell, WA, United States",https://www.speedtest.net/result/c/1c66eca0-04fa-4fa6-beba-58265d439095
2026-03-21T15:22:28.256842,tmobile,eth1,287.02,86.65,20.17,2.0,T-Mobile,"Bothell, WA, United States",https://www.speedtest.net/result/c/9db411cf-6dc9-4eb1-9cd5-a80fe14e17da
2026-03-21T15:37:20.071618,tmobile,eth1,206.14,29.2,16.47,8.87,T-Mobile,"Bothell, WA, United States",https://www.speedtest.net/result/c/d7b16301-f711-41c7-a7bd-73a5e2af1ac2
2026-03-21T15:52:24.594627,tmobile,eth1,239.4,52.5,19.27,4.08,T-Mobile,"Bothell, WA, United States",https://www.speedtest.net/result/c/ea5a1b7b-f7ee-49b5-b196-3503d1d328f5
2026-03-21T16:07:28.955371,tmobile,eth1,277.22,96.1,15.22,2.2,T-Mobile,"Bothell, WA, United States",https://www.speedtest.net/result/c/fcc09578-8ce2-4298-bf6b-d075efd340c6
2026-03-21T16:22:27.040287,tmobile,eth1,290.7,54.38,15.62,2.53,T-Mobile,"Bothell, WA, United States",https://www.speedtest.net/result/c/b20da5c9-e31a-42e8-a86d-87e6a56d2581
2026-03-21T16:37:30.669707,tmobile,eth1,212.38,54.93,15.1,2.95,T-Mobile,"Bothell, WA, United States",https://www.speedtest.net/result/c/ced77426-7b12-4fc9-a522-d03444844bb3
2026-03-21T16:52:20.340130,tmobile,eth1,203.64,93.26,14.92,5.1,T-Mobile,"Bothell, WA, United States",https://www.speedtest.net/result/c/5cb573c6-5cc5-4f8f-960d-82487de6c0a1
2026-03-21T17:07:34.451526,tmobile,eth1,169.58,34.35,15.35,3.13,T-Mobile,"Bothell, WA, United States",https://www.speedtest.net/result/c/44eb36d2-51ff-415b-8a6c-c2431ca26eaf
2026-03-21T17:22:24.828409,tmobile,eth1,37.03,52.74,26.93,2.74,Astound Broadband,"Seattle, WA, United States",https://www.speedtest.net/result/c/a7f39b96-4b59-4d93-aeff-f829ef44e646
2026-03-21T17:37:18.277801,tmobile,eth1,188.16,50.47,15.25,1.46,T-Mobile,"Bothell, WA, United States",https://www.speedtest.net/result/c/32acfb10-9bc7-429a-9105-c19f5f5b137e
2026-03-21T17:52:21.209145,tmobile,eth1,229.84,50.11,16.46,5.32,T-Mobile,"Bothell, WA, United States",https://www.speedtest.net/result/c/40d8aa93-fa0d-4792-ab2c-61a73e0f8172
2026-03-21T18:07:19.385612,tmobile,eth1,216.3,43.13,15.2,2.33,T-Mobile,"Bothell, WA, United States",https://www.speedtest.net/result/c/c210adb5-6108-4359-8bd7-38ee64cf817e
2026-03-21T18:22:23.642914,tmobile,eth1,201.17,44.16,18.42,3.44,T-Mobile,"Bothell, WA, United States",https://www.speedtest.net/result/c/1055231f-50ce-485b-8067-dd88aae46926
2026-03-21T18:37:26.759449,tmobile,eth1,223.75,42.4,15.91,3.5,T-Mobile,"Bothell, WA, United States",https://www.speedtest.net/result/c/7736f934-4d11-4f6f-952a-323afeb210ef
2026-03-21T18:52:24.942727,tmobile,eth1,223.22,50.36,15.66,2.16,T-Mobile,"Bothell, WA, United States",https://www.speedtest.net/result/c/7661db2f-13d7-4db5-a59b-c9b9d4f8a52b
2026-03-21T19:07:24.732548,tmobile,eth1,204.14,21.26,16.88,4.06,T-Mobile,"Bothell, WA, United States",https://www.speedtest.net/result/c/df79a237-83c6-468f-9acb-787ca5a3fe71
2026-03-21T19:22:34.551171,tmobile,eth1,169.71,27.62,15.22,1.81,T-Mobile,"Bothell, WA, United States",https://www.speedtest.net/result/c/8c8afa22-88ed-44c3-bd81-aeabddd9463d
2026-03-21T19:37:26.136484,tmobile,eth1,117.15,26.84,16.78,2.67,T-Mobile,"Bothell, WA, United States",https://www.speedtest.net/result/c/e26532ba-e469-4124-8c42-d7cb46b83a1e
2026-03-21T19:52:26.152667,tmobile,eth1,108.16,24.12,16.73,5.62,T-Mobile,"Bothell, WA, United States",https://www.speedtest.net/result/c/ea6c749d-eab3-4be9-a5d3-b2324b8b3ed9
2026-03-21T20:07:24.348606,tmobile,eth1,116.8,12.2,15.24,2.55,T-Mobile,"Bothell, WA, United States",https://www.speedtest.net/result/c/2357d548-5db3-4be3-96fd-1e9c0bdcc3ef
2026-03-21T20:22:34.550982,tmobile,eth1,76.89,29.33,16.58,2.95,T-Mobile,"Bothell, WA, United States",https://www.speedtest.net/result/c/62bc4fd4-d066-44d0-a4a1-01210bd3b98b
2026-03-21T20:37:26.934994,tmobile,eth1,163.7,29.19,16.69,5.24,T-Mobile,"Bothell, WA, United States",https://www.speedtest.net/result/c/4c0b5791-8b4b-464f-8759-4ba3d129cd37
2026-03-21T20:52:29.853517,tmobile,eth1,150.11,27.79,15.38,3.39,T-Mobile,"Bothell, WA, United States",https://www.speedtest.net/result/c/9f670313-3daf-4e0a-9733-b11c422e1330
2026-03-21T21:07:25.830515,tmobile,eth1,264.55,96.51,15.32,2.46,T-Mobile,"Bothell, WA, United States",https://www.speedtest.net/result/c/f30c8d59-b5f5-4f72-8053-ab9d4adf2dee
2026-03-21T21:22:34.234770,tmobile,eth1,241.64,66.49,15.16,5.1,T-Mobile,"Bothell, WA, United States",https://www.speedtest.net/result/c/b108b372-131e-41e4-8b03-39a12e2a5d9c
2026-03-21T21:37:28.113754,tmobile,eth1,268.79,50.27,19.65,0.69,T-Mobile,"Bothell, WA, United States",https://www.speedtest.net/result/c/898e95bf-fc38-4415-a7b1-f3cd2f88c731
2026-03-21T21:52:30.207617,tmobile,eth1,226.95,22.9,18.6,6.38,T-Mobile,"Bothell, WA, United States",https://www.speedtest.net/result/c/83ec0e19-dc48-4520-9c77-89c2d517d371
2026-03-21T22:07:24.359976,tmobile,eth1,239.76,52.32,24.14,0.98,EZEE Fiber,"Seattle, WA, United States",https://www.speedtest.net/result/c/38f6ea7b-af32-4bf1-9fe7-b0ff0e6a8274
2026-03-21T22:22:26.732083,tmobile,eth1,275.64,43.3,15.34,2.44,T-Mobile,"Bothell, WA, United States",https://www.speedtest.net/result/c/2502183d-7d6c-4a74-8c0e-aa02f248d1e6
2026-03-21T22:37:18.867412,tmobile,eth1,209.39,51.75,18.44,6.54,T-Mobile,"Bothell, WA, United States",https://www.speedtest.net/result/c/9cff5735-396c-4df3-a294-3827c4ede2ad
2026-03-21T22:52:29.734013,tmobile,eth1,207.22,93.88,26.35,4.32,EZEE Fiber,"Seattle, WA, United States",https://www.speedtest.net/result/c/36a5d529-da2a-463d-8f50-48807e99cf5f
2026-03-21T23:07:25.617533,tmobile,eth1,288.37,49.89,15.09,1.66,T-Mobile,"Bothell, WA, United States",https://www.speedtest.net/result/c/9316e8b6-ae21-428b-8277-116d68c703f4
2026-03-21T23:22:20.443249,tmobile,eth1,297.79,51.46,18.49,1.34,T-Mobile,"Bothell, WA, United States",https://www.speedtest.net/result/c/967ddae1-31b5-4065-9895-9a9b5abe52ec
2026-03-21T23:37:27.349440,tmobile,eth1,220.49,49.79,17.68,2.28,T-Mobile,"Bothell, WA, United States",https://www.speedtest.net/result/c/b9ffd764-25f3-4e5f-b38c-cb5dc5f7ca3d
2026-03-21T23:52:24.933930,tmobile,eth1,204.7,48.03,15.25,2.54,T-Mobile,"Bothell, WA, United States",https://www.speedtest.net/result/c/a01a5ba9-20be-4370-8393-7c1167420639
2026-03-22T00:07:23.903169,tmobile,eth1,265.16,92.78,19.27,2.62,T-Mobile,"Bothell, WA, United States",https://www.speedtest.net/result/c/a6c92b0b-d247-4ae3-9303-0d0cf821ef91
2026-03-22T00:22:25.324570,tmobile,eth1,248.0,50.11,16.47,4.69,T-Mobile,"Bothell, WA, United States",https://www.speedtest.net/result/c/c73c8623-e294-4cd1-84b3-1604de8dcaca
2026-03-22T00:37:29.356611,tmobile,eth1,269.67,104.98,16.46,2.33,T-Mobile,"Bothell, WA, United States",https://www.speedtest.net/result/c/75a11b5d-c021-4f5d-a2ed-76936fe009f9
2026-03-22T00:52:35.485577,tmobile,eth1,263.56,49.87,15.94,0.89,T-Mobile,"Bothell, WA, United States",https://www.speedtest.net/result/c/710591a4-0feb-4661-9692-9125a0f1425f
2026-03-22T01:07:15.300531,tmobile,eth1,219.17,45.64,15.05,2.22,T-Mobile,"Bothell, WA, United States",https://www.speedtest.net/result/c/121281b9-fbaf-4d0e-a735-30029b60f2ed
2026-03-22T01:22:23.533378,tmobile,eth1,284.02,54.69,27.03,2.28,EZEE Fiber,"Seattle, WA, United States",https://www.speedtest.net/result/c/6c5ef6ed-bea7-4ad6-b465-d1931f7af96d
2026-03-22T01:37:18.213007,tmobile,eth1,359.24,97.65,15.4,1.82,T-Mobile,"Bothell, WA, United States",https://www.speedtest.net/result/c/5c786e65-7027-4fa4-8bb9-7f52fa93a219
2026-03-22T01:52:26.858341,tmobile,eth1,332.0,95.99,19.96,0.72,T-Mobile,"Bothell, WA, United States",https://www.speedtest.net/result/c/5aac8a25-3c83-458d-9e83-ff2eb6cba3d7
2026-03-22T02:07:29.865451,tmobile,eth1,291.74,99.05,15.45,3.1,T-Mobile,"Bothell, WA, United States",https://www.speedtest.net/result/c/f14ec60d-5e66-442e-9996-c7dda445307e
2026-03-22T02:22:25.823362,tmobile,eth1,328.92,52.2,21.68,2.77,T-Mobile,"Bothell, WA, United States",https://www.speedtest.net/result/c/5aecfba9-2fad-4bbf-a875-541a27d8fb90
2026-03-22T02:37:21.371105,tmobile,eth1,386.37,96.46,19.95,1.37,T-Mobile,"Bothell, WA, United States",https://www.speedtest.net/result/c/6d5c09fa-93b5-4543-9ade-752bb3e15415
2026-03-22T02:52:25.163006,tmobile,eth1,201.23,17.22,18.62,3.85,T-Mobile,"Bothell, WA, United States",https://www.speedtest.net/result/c/b8b7c852-9c6b-48fc-ac3a-fe940cc2831c
2026-03-22T03:07:21.803915,tmobile,eth1,405.04,51.12,18.45,4.1,T-Mobile,"Bothell, WA, United States",https://www.speedtest.net/result/c/e2152127-4f48-4466-b2d7-242f46b15d3e
2026-03-22T03:22:22.969909,tmobile,eth1,387.78,33.51,19.51,8.54,T-Mobile,"Bothell, WA, United States",https://www.speedtest.net/result/c/f2f6211a-2f19-41e1-88aa-6011f6c553a9
2026-03-22T03:37:24.607874,tmobile,eth1,274.4,47.03,15.34,4.68,T-Mobile,"Bothell, WA, United States",https://www.speedtest.net/result/c/e736e616-79a1-4dc9-8fa8-c59719de7fcb
2026-03-22T03:52:25.967509,tmobile,eth1,406.02,56.15,18.35,4.11,T-Mobile,"Bothell, WA, United States",https://www.speedtest.net/result/c/12a6042c-77f5-44b6-b3a2-901704ef2e97
2026-03-22T04:07:24.865733,tmobile,eth1,310.88,46.64,15.08,1.73,T-Mobile,"Bothell, WA, United States",https://www.speedtest.net/result/c/b6712491-f4c5-4731-b24f-534ad86abff8
2026-03-22T04:22:22.292368,tmobile,eth1,364.94,102.51,15.61,11.95,T-Mobile,"Bothell, WA, United States",https://www.speedtest.net/result/c/24453889-310a-4ce4-96c9-e911adac39bc
2026-03-22T04:37:25.760632,tmobile,eth1,323.12,43.76,19.95,1.69,T-Mobile,"Bothell, WA, United States",https://www.speedtest.net/result/c/351f0a0e-57e8-40ee-9a32-85dcc8ef3bfe
2026-03-22T04:52:30.049462,tmobile,eth1,338.08,50.08,15.3,1.7,T-Mobile,"Bothell, WA, United States",https://www.speedtest.net/result/c/4155babf-c2e0-4c97-be69-c6310cd8e386
2026-03-22T05:07:24.712064,tmobile,eth1,296.78,48.07,16.66,3.38,T-Mobile,"Bothell, WA, United States",https://www.speedtest.net/result/c/30d55183-b508-42f3-bfbc-94f33569be20
2026-03-22T05:22:23.894940,tmobile,eth1,315.99,43.95,20.02,0.53,T-Mobile,"Bothell, WA, United States",https://www.speedtest.net/result/c/17a61577-201c-412e-96c0-d4d0cc5c215f
2026-03-22T05:37:26.254082,tmobile,eth1,373.54,38.31,19.91,2.76,T-Mobile,"Bothell, WA, United States",https://www.speedtest.net/result/c/657b3986-8b25-41ec-8a76-0de21ead3843
2026-03-22T05:52:24.209712,tmobile,eth1,322.61,39.08,16.33,2.67,T-Mobile,"Bothell, WA, United States",https://www.speedtest.net/result/c/1924b9aa-3b06-4a59-a50d-46c141e035ae
2026-03-22T06:07:25.302811,tmobile,eth1,332.79,51.69,16.73,6.32,T-Mobile,"Bothell, WA, United States",https://www.speedtest.net/result/c/fe79fdf7-6d4a-49d2-8faa-947a50769f9b
2026-03-22T06:22:22.968419,tmobile,eth1,402.55,46.07,19.86,5.15,T-Mobile,"Bothell, WA, United States",https://www.speedtest.net/result/c/e82b0d05-931c-487c-aa41-49a03cd9261e
2026-03-22T06:37:23.435420,tmobile,eth1,287.79,50.04,15.23,2.2,T-Mobile,"Bothell, WA, United States",https://www.speedtest.net/result/c/f925233a-daa3-4c75-98a5-541f2feb136f
2026-03-22T06:52:30.143803,tmobile,eth1,266.17,42.6,15.51,2.44,T-Mobile,"Bothell, WA, United States",https://www.speedtest.net/result/c/7a864e3b-4347-4f18-8a59-31ef7d52bdb0
2026-03-22T07:07:24.768844,tmobile,eth1,298.35,53.95,14.92,3.71,T-Mobile,"Bothell, WA, United States",https://www.speedtest.net/result/c/1c42f871-9614-4e6a-90ee-12d105104684
2026-03-22T07:22:26.132247,tmobile,eth1,381.7,55.28,15.21,1.49,T-Mobile,"Bothell, WA, United States",https://www.speedtest.net/result/c/376bcc95-9f28-47bb-9a96-da39c8894e08
2026-03-22T07:37:28.879015,tmobile,eth1,306.13,48.61,15.9,4.83,T-Mobile,"Bothell, WA, United States",https://www.speedtest.net/result/c/5eddaa62-9777-4a08-af21-23b500498081
2026-03-22T07:52:21.637773,tmobile,eth1,201.71,49.96,17.73,1.98,T-Mobile,"Bothell, WA, United States",https://www.speedtest.net/result/c/988565cd-7abc-4f9d-ad30-e17e20144218
2026-03-22T08:07:25.016745,tmobile,eth1,233.58,44.93,16.4,3.78,T-Mobile,"Bothell, WA, United States",https://www.speedtest.net/result/c/a83b519a-f0a1-4e04-b235-50ce427fed69
2026-03-22T08:22:36.019538,tmobile,eth1,234.94,43.46,19.18,5.01,T-Mobile,"Bothell, WA, United States",https://www.speedtest.net/result/c/311d6abe-1085-4aea-9229-4ade45cc3f40
2026-03-22T08:37:24.500848,tmobile,eth1,301.48,51.66,21.41,1.73,Astound Broadband,"Seattle, WA, United States",https://www.speedtest.net/result/c/3add28c1-cec9-4fd3-ba33-5976d51b5dfc
2026-03-22T08:52:25.829276,tmobile,eth1,229.76,41.53,16.75,6.49,T-Mobile,"Bothell, WA, United States",https://www.speedtest.net/result/c/e042e9ea-b414-46d2-87e2-bb52063c5534
2026-03-22T09:07:35.020785,tmobile,eth1,205.16,33.82,15.0,1.51,T-Mobile,"Bothell, WA, United States",https://www.speedtest.net/result/c/17de8d25-4bbe-4933-ab06-bd00f4e23f16
2026-03-22T09:22:28.555001,tmobile,eth1,196.79,35.51,19.65,3.26,T-Mobile,"Bothell, WA, United States",https://www.speedtest.net/result/c/c0e01e76-0491-42a7-b322-2ff416beaecb
2026-03-22T09:37:28.986063,tmobile,eth1,312.97,99.59,16.25,3.31,T-Mobile,"Bothell, WA, United States",https://www.speedtest.net/result/c/ba00fb2b-3ae1-46c1-a258-0e0edd8f03b2
2026-03-22T09:52:26.593911,tmobile,eth1,299.81,50.04,18.56,7.17,T-Mobile,"Bothell, WA, United States",https://www.speedtest.net/result/c/2ff1bd8a-4f37-4039-bf41-7db790e8549d
2026-03-22T10:07:25.581514,tmobile,eth1,280.38,50.66,14.59,5.58,T-Mobile,"Bothell, WA, United States",https://www.speedtest.net/result/c/581720c4-15a2-4a0d-8498-63aa6bd74050
2026-03-22T10:22:32.471536,tmobile,eth1,264.28,48.09,15.18,2.61,T-Mobile,"Bothell, WA, United States",https://www.speedtest.net/result/c/4bb89ead-7e01-4001-9bb3-233f50291860
2026-03-22T10:37:34.965105,tmobile,eth1,323.47,94.59,15.27,5.33,T-Mobile,"Bothell, WA, United States",https://www.speedtest.net/result/c/eeac6ffc-0ff7-4976-a750-550c9980ad5d
2026-03-22T10:52:20.349660,tmobile,eth1,278.31,88.47,16.95,1.75,T-Mobile,"Bothell, WA, United States",https://www.speedtest.net/result/c/f87ba0fc-8430-41dc-8488-af836590cbcf
2026-03-22T11:07:28.618456,tmobile,eth1,307.58,51.59,16.01,3.1,T-Mobile,"Bothell, WA, United States",https://www.speedtest.net/result/c/0955dc04-78e6-4647-8457-babdd9ae1a0c
2026-03-22T11:22:23.839368,tmobile,eth1,132.18,40.11,28.8,5.83,Astound Broadband,"Seattle, WA, United States",https://www.speedtest.net/result/c/4ee27189-89d1-458e-be56-edd72436d4e3
2026-03-22T11:37:25.501166,tmobile,eth1,216.4,51.25,15.72,1.93,T-Mobile,"Bothell, WA, United States",https://www.speedtest.net/result/c/8fdf4d4b-3fd9-4098-9f64-f8e2600fbd20
2026-03-22T11:52:23.057915,tmobile,eth1,207.33,33.11,17.9,4.48,T-Mobile,"Bothell, WA, United States",https://www.speedtest.net/result/c/9a993872-3909-46fd-96f0-d35dcd31d214
2026-03-22T12:07:25.449449,tmobile,eth1,287.5,47.76,18.38,1.39,T-Mobile,"Bothell, WA, United States",https://www.speedtest.net/result/c/7c8ebe4a-81b1-45bf-9d42-2246ed35932b
2026-03-22T12:22:28.316142,tmobile,eth1,174.36,30.85,15.75,1.37,T-Mobile,"Bothell, WA, United States",https://www.speedtest.net/result/c/135fe805-2b70-452e-9d43-be9c7fae84e4
2026-03-22T12:37:28.023798,tmobile,eth1,301.18,52.23,16.69,1.37,T-Mobile,"Bothell, WA, United States",https://www.speedtest.net/result/c/955129e3-dfdf-4364-bbfd-093ed3667b14
2026-03-22T12:52:25.607645,tmobile,eth1,271.67,55.07,20.51,8.98,T-Mobile,"Bothell, WA, United States",https://www.speedtest.net/result/c/8ef397bd-ed21-4f5c-853a-93d246e67570
2026-03-22T13:07:23.297309,tmobile,eth1,293.73,54.29,19.73,2.12,T-Mobile,"Bothell, WA, United States",https://www.speedtest.net/result/c/d4b00749-1ecc-4d4a-b15a-4e959fcdd791
2026-03-22T13:22:24.470886,tmobile,eth1,239.78,54.69,15.8,1.53,T-Mobile,"Bothell, WA, United States",https://www.speedtest.net/result/c/10ec0933-1042-4004-a854-d5d923693487
2026-03-22T13:37:30.214638,tmobile,eth1,285.46,53.59,20.0,1.53,T-Mobile,"Bothell, WA, United States",https://www.speedtest.net/result/c/1e259113-e7d8-461d-8259-3010227b7403
2026-03-22T13:52:24.084059,tmobile,eth1,282.11,48.56,15.48,2.58,T-Mobile,"Bothell, WA, United States",https://www.speedtest.net/result/c/a2a17e24-7024-44b5-b8ea-cc798dfe1af3
2026-03-22T14:07:23.890040,tmobile,eth1,317.75,55.46,22.01,7.55,T-Mobile,"Bothell, WA, United States",https://www.speedtest.net/result/c/1f98d79d-632c-4a21-b956-865dcfe96a8a
2026-03-22T14:22:25.241036,tmobile,eth1,290.96,51.38,16.54,2.56,T-Mobile,"Bothell, WA, United States",https://www.speedtest.net/result/c/d39654b8-5451-4b0a-b32c-529849b73e89
2026-03-22T14:37:34.069508,tmobile,eth1,292.88,55.46,18.32,1.46,T-Mobile,"Bothell, WA, United States",https://www.speedtest.net/result/c/e3c0f6c8-926b-4d6b-ba9f-0a71791c8326
2026-03-22T14:52:29.783947,tmobile,eth1,258.64,51.35,19.45,6.06,T-Mobile,"Bothell, WA, United States",https://www.speedtest.net/result/c/f85637a4-c6ba-4568-ac77-5d22cc56c400
2026-03-22T15:07:22.061447,tmobile,eth1,43.01,24.2,20.47,1.62,Astound Broadband,"Seattle, WA, United States",https://www.speedtest.net/result/c/d67922b9-371f-4863-8d5b-c5c8b5a8c5db
2026-03-22T15:22:26.440074,tmobile,eth1,263.15,52.48,16.73,2.52,T-Mobile,"Bothell, WA, United States",https://www.speedtest.net/result/c/b788d9f0-bcf9-41d9-8312-398d02eb6b55
2026-03-22T15:37:29.879652,tmobile,eth1,297.63,57.09,16.64,1.4,T-Mobile,"Bothell, WA, United States",https://www.speedtest.net/result/c/70cebad5-35ec-4537-baee-582f617e1a50
2026-03-22T15:52:26.536012,tmobile,eth1,225.27,50.4,17.14,4.72,T-Mobile,"Bothell, WA, United States",https://www.speedtest.net/result/c/8a680142-ac00-484b-8a01-c3a2370e3031
2026-03-22T16:07:31.800704,tmobile,eth1,310.95,98.39,14.95,5.8,T-Mobile,"Bothell, WA, United States",https://www.speedtest.net/result/c/1eee19c2-bcd8-4391-a0e2-b3f48d26349b
2026-03-22T16:22:24.009056,tmobile,eth1,282.55,48.72,15.17,2.25,T-Mobile,"Bothell, WA, United States",https://www.speedtest.net/result/c/45ef676e-2b27-48ad-991f-1914fe874a0f
2026-03-22T16:37:28.006736,tmobile,eth1,304.91,55.09,20.15,2.56,T-Mobile,"Bothell, WA, United States",https://www.speedtest.net/result/c/69d2dcef-741a-4c9f-a0be-eb609df3228b
2026-03-22T16:52:29.954765,tmobile,eth1,257.22,91.57,20.17,2.42,T-Mobile,"Bothell, WA, United States",https://www.speedtest.net/result/c/bab1f438-41eb-4cf0-bb52-5732e6d085b7
2026-03-22T17:07:24.588591,tmobile,eth1,223.9,56.77,15.41,5.5,T-Mobile,"Bothell, WA, United States",https://www.speedtest.net/result/c/619f9339-21b6-40d6-bec4-bbea6ea779e0
2026-03-22T17:22:19.941991,tmobile,eth1,299.0,84.89,15.96,3.6,T-Mobile,"Bothell, WA, United States",https://www.speedtest.net/result/c/f789b688-704b-4515-bfe5-ce3e4786abc2
2026-03-22T17:37:27.885186,tmobile,eth1,140.36,12.29,17.91,4.37,T-Mobile,"Bothell, WA, United States",https://www.speedtest.net/result/c/0a5e92a8-15cb-41b8-ac73-c9351d045545
2026-03-22T17:52:28.799907,tmobile,eth1,334.74,95.62,15.12,1.37,T-Mobile,"Bothell, WA, United States",https://www.speedtest.net/result/c/a14da7d6-a883-4e69-8672-aa9924550bf8
2026-03-22T18:07:22.749633,tmobile,eth1,193.31,50.72,16.53,3.48,T-Mobile,"Bothell, WA, United States",https://www.speedtest.net/result/c/10aa2faa-3cc6-40ae-baea-93326fa40f87
2026-03-22T18:22:19.708825,tmobile,eth1,171.23,43.77,15.14,1.6,T-Mobile,"Bothell, WA, United States",https://www.speedtest.net/result/c/eaf732ac-beaf-4be2-b782-60e389be114f
2026-03-22T18:37:34.727552,tmobile,eth1,304.29,46.5,16.49,3.24,T-Mobile,"Bothell, WA, United States",https://www.speedtest.net/result/c/d0151fd1-de8e-4efa-8afe-3bd5b6700509
2026-03-22T18:52:28.554374,tmobile,eth1,260.91,85.94,15.09,1.58,T-Mobile,"Bothell, WA, United States",https://www.speedtest.net/result/c/8e53a988-7ef9-441b-b033-913124f8e91d
2026-03-22T19:07:25.806015,tmobile,eth1,231.95,92.99,19.88,0.23,T-Mobile,"Bothell, WA, United States",https://www.speedtest.net/result/c/5dde7535-a05c-4539-a9ca-051b890871fc
2026-03-22T19:22:21.577233,tmobile,eth1,216.97,45.36,14.97,3.7,T-Mobile,"Bothell, WA, United States",https://www.speedtest.net/result/c/585ed2cc-4254-41d4-9cc3-f00786c4077b
2026-03-22T19:37:26.171682,tmobile,eth1,135.59,16.01,15.32,2.08,T-Mobile,"Bothell, WA, United States",https://www.speedtest.net/result/c/36de97d8-7151-46f7-93be-74db84c1e1a1
2026-03-22T19:52:31.380278,tmobile,eth1,113.59,12.9,18.53,3.11,T-Mobile,"Bothell, WA, United States",https://www.speedtest.net/result/c/bc6199a5-8057-432f-a969-27d251632334
2026-03-22T20:07:24.573050,tmobile,eth1,136.46,42.53,15.54,1.93,T-Mobile,"Bothell, WA, United States",https://www.speedtest.net/result/c/eeb2fdfd-a828-4f83-8537-3867c7c14436
2026-03-22T20:22:18.086846,tmobile,eth1,171.87,45.33,15.29,0.9,T-Mobile,"Bothell, WA, United States",https://www.speedtest.net/result/c/e736ce3b-d4f4-4d36-a738-547f796eed5a
2026-03-22T20:37:23.950629,tmobile,eth1,235.98,47.89,17.97,4.09,T-Mobile,"Bothell, WA, United States",https://www.speedtest.net/result/c/fe2e6c23-9462-4942-9d43-68e31ea12d7d
2026-03-22T20:52:35.490598,tmobile,eth1,164.23,25.54,15.3,1.92,T-Mobile,"Bothell, WA, United States",https://www.speedtest.net/result/c/edd6f0e1-a5c9-41b4-abbc-b33d8c1f221f
2026-03-22T21:07:34.479575,tmobile,eth1,75.65,29.89,14.71,4.3,T-Mobile,"Bothell, WA, United States",https://www.speedtest.net/result/c/bbd3c2aa-9c85-4dd7-833e-09e11b822e1e
2026-03-22T21:22:26.813231,tmobile,eth1,124.33,24.93,26.34,4.74,fdcservers.net,"Seattle, WA, United States",https://www.speedtest.net/result/c/c475d7fb-6290-480d-a2d5-cee2089cb4fa
2026-03-22T21:37:21.868601,tmobile,eth1,239.14,49.91,15.27,2.17,T-Mobile,"Bothell, WA, United States",https://www.speedtest.net/result/c/aafcd97a-29ea-46cb-a01f-caef83d29dbf
2026-03-22T21:52:24.199871,tmobile,eth1,257.67,97.95,14.9,3.95,T-Mobile,"Bothell, WA, United States",https://www.speedtest.net/result/c/98c1b70d-1c4f-4869-8d7a-904790bb9793
2026-03-22T22:07:26.711576,tmobile,eth1,186.43,29.58,16.19,2.0,T-Mobile,"Bothell, WA, United States",https://www.speedtest.net/result/c/8e7dcc14-4a59-4ec2-8297-6d7627d0ce42
2026-03-22T22:22:19.485771,tmobile,eth1,285.67,101.08,15.73,2.24,T-Mobile,"Bothell, WA, United States",https://www.speedtest.net/result/c/1216b1ab-a513-40b0-b88b-8fe2221e5944
2026-03-22T22:37:37.307803,tmobile,eth1,266.32,23.49,18.41,1.61,T-Mobile,"Bothell, WA, United States",https://www.speedtest.net/result/c/3bc7a1f7-0522-4284-916b-11c4f62a1995
2026-03-22T22:52:21.155299,tmobile,eth1,217.0,27.27,21.57,4.44,T-Mobile,"Bothell, WA, United States",https://www.speedtest.net/result/c/a8c22de0-96db-4b76-b81d-f9cc96e41044
2026-03-22T23:07:28.043662,tmobile,eth1,225.43,32.58,15.12,2.45,T-Mobile,"Bothell, WA, United States",https://www.speedtest.net/result/c/cb047268-387b-4f5b-be8f-401ea5965e72
2026-03-22T23:22:21.580845,tmobile,eth1,247.85,99.78,16.99,2.13,T-Mobile,"Bothell, WA, United States",https://www.speedtest.net/result/c/df747cfa-7b15-4eda-a962-d4110d62a05b
2026-03-22T23:37:19.254990,tmobile,eth1,276.94,30.29,14.98,1.28,T-Mobile,"Bothell, WA, United States",https://www.speedtest.net/result/c/3f7101dd-ddfb-45db-a8b5-3e80c58f78b6
2026-03-22T23:52:22.472947,tmobile,eth1,343.2,29.83,25.64,4.4,fdcservers.net,"Seattle, WA, United States",https://www.speedtest.net/result/c/5bb00aff-976f-4588-b6e2-d505ac0f5533
2026-03-23T00:07:23.402524,tmobile,eth1,240.54,22.23,15.97,3.22,T-Mobile,"Bothell, WA, United States",https://www.speedtest.net/result/c/22d6abe4-a38e-4cd0-bf27-96e6ef60e778
2026-03-23T00:22:23.498320,tmobile,eth1,166.28,23.98,17.86,4.26,T-Mobile,"Bothell, WA, United States",https://www.speedtest.net/result/c/3bfadd78-2029-4ee2-a85e-1effffee550d
2026-03-23T00:37:33.992428,tmobile,eth1,179.45,25.6,16.8,1.94,T-Mobile,"Bothell, WA, United States",https://www.speedtest.net/result/c/c825b544-b962-459e-87ea-d134f3db6eab
2026-03-23T00:52:30.545090,tmobile,eth1,125.33,21.72,18.13,4.42,T-Mobile,"Bothell, WA, United States",https://www.speedtest.net/result/c/1e493c9f-d347-4cbd-8efa-53c28b26fab6
2026-03-23T01:07:29.308973,tmobile,eth1,184.7,31.92,15.18,1.78,T-Mobile,"Bothell, WA, United States",https://www.speedtest.net/result/c/24da7564-da22-4dfb-8712-51fc25c2343c
2026-03-23T01:22:21.822947,tmobile,eth1,363.43,109.13,19.73,5.31,T-Mobile,"Bothell, WA, United States",https://www.speedtest.net/result/c/913ad4ce-d13a-445d-a585-618ca3468bf7
2026-03-23T01:37:25.123766,tmobile,eth1,99.49,6.72,17.1,2.78,T-Mobile,"Bothell, WA, United States",https://www.speedtest.net/result/c/65e9a3b7-7810-4ec9-a485-5c107349ac0f
2026-03-23T01:52:25.243773,tmobile,eth1,201.02,31.74,16.39,3.98,T-Mobile,"Bothell, WA, United States",https://www.speedtest.net/result/c/c36088a4-aaab-4cfc-b9e7-471e857fd338
2026-03-23T02:07:22.430711,tmobile,eth1,324.9,52.0,21.55,8.67,T-Mobile,"Bothell, WA, United States",https://www.speedtest.net/result/c/b2465e99-2c73-4f7e-a9ce-89f452d66313
2026-03-23T02:22:26.287987,tmobile,eth1,332.46,53.23,15.16,2.32,T-Mobile,"Bothell, WA, United States",https://www.speedtest.net/result/c/c3a3b9ff-6502-4fbf-b50c-29f357bc361e
2026-03-23T02:37:29.307503,tmobile,eth1,351.53,53.89,18.57,5.53,T-Mobile,"Bothell, WA, United States",https://www.speedtest.net/result/c/2c807ec7-6bb7-4aa1-bba4-37ac0bae70c7
2026-03-23T02:52:23.320772,tmobile,eth1,429.66,54.51,15.09,1.85,T-Mobile,"Bothell, WA, United States",https://www.speedtest.net/result/c/d7e21227-1903-4fb3-b170-c071c1ec4ed5
2026-03-23T03:07:24.065731,tmobile,eth1,341.59,102.43,19.02,5.01,T-Mobile,"Bothell, WA, United States",https://www.speedtest.net/result/c/b9901c6c-83a2-4605-8acc-76c503c5d648
2026-03-23T03:22:20.314139,tmobile,eth1,171.59,7.5,20.0,5.41,T-Mobile,"Bothell, WA, United States",https://www.speedtest.net/result/c/14cd8d4b-93ff-458b-b00e-8030fe165858
2026-03-23T03:37:22.102460,tmobile,eth1,339.52,97.99,20.89,7.26,T-Mobile,"Bothell, WA, United States",https://www.speedtest.net/result/c/01d9e4c1-1841-4628-b2d9-e06881046253
2026-03-23T03:52:19.081729,tmobile,eth1,402.3,57.62,15.04,2.52,T-Mobile,"Bothell, WA, United States",https://www.speedtest.net/result/c/aa5df0c9-9db7-4174-840d-9de6bb0c520a
2026-03-23T04:07:25.520565,tmobile,eth1,133.66,7.05,19.63,2.09,T-Mobile,"Bothell, WA, United States",https://www.speedtest.net/result/c/7ead3dd9-d344-4a3c-aa0a-e2f47af68d8b
2026-03-23T04:22:26.754600,tmobile,eth1,427.22,51.87,16.4,5.29,T-Mobile,"Bothell, WA, United States",https://www.speedtest.net/result/c/6db3e1cb-03a4-4f32-a1d3-49f12b3796b2
2026-03-23T04:37:23.751145,tmobile,eth1,395.82,53.79,17.55,4.8,T-Mobile,"Bothell, WA, United States",https://www.speedtest.net/result/c/d8ff3481-f1c7-42c9-8df4-d486eb157ae9
2026-03-23T04:52:37.044940,tmobile,eth1,199.31,21.41,16.75,3.21,T-Mobile,"Bothell, WA, United States",https://www.speedtest.net/result/c/549d4b17-c56d-4802-8c2e-a798e22d9042
2026-03-23T05:07:36.350947,tmobile,eth1,369.08,35.08,16.05,3.42,T-Mobile,"Bothell, WA, United States",https://www.speedtest.net/result/c/7d452652-09c0-4fb5-885d-eedd59871a61
2026-03-23T05:22:23.105058,tmobile,eth1,387.63,53.39,16.56,1.56,T-Mobile,"Bothell, WA, United States",https://www.speedtest.net/result/c/dd2079fa-f3cf-466d-a238-ef5714ca868d
2026-03-23T05:37:28.365144,tmobile,eth1,354.83,53.33,15.03,2.69,T-Mobile,"Bothell, WA, United States",https://www.speedtest.net/result/c/b4262ef2-455d-48e0-93ec-fa602b68b981
2026-03-23T05:52:18.619657,tmobile,eth1,354.02,56.09,18.42,3.85,T-Mobile,"Bothell, WA, United States",https://www.speedtest.net/result/c/0f05ade9-1907-4f57-9bb3-3d7618fbd473
2026-03-23T06:07:18.341917,tmobile,eth1,286.57,33.87,15.44,3.17,T-Mobile,"Bothell, WA, United States",https://www.speedtest.net/result/c/ef292160-030d-4d1f-9438-6003e61abac7
2026-03-23T06:22:24.992368,tmobile,eth1,238.36,36.87,28.27,1.6,Rainier Connect,"Tacoma, WA, United States",https://www.speedtest.net/result/c/09f0060e-4ffe-4799-9337-81bed7a8dc45
2026-03-23T06:37:33.098093,tmobile,eth1,316.39,37.4,15.1,3.75,T-Mobile,"Bothell, WA, United States",https://www.speedtest.net/result/c/e3f1e6c6-7526-439f-bae6-962a7780ff86
2026-03-23T06:52:29.757402,tmobile,eth1,361.39,101.38,19.86,0.22,T-Mobile,"Bothell, WA, United States",https://www.speedtest.net/result/c/e73d92fd-c9cd-47e6-89a8-81232b5196fc
2026-03-23T07:07:25.460041,tmobile,eth1,311.13,46.52,19.18,9.01,T-Mobile,"Bothell, WA, United States",https://www.speedtest.net/result/c/90846ed7-8fc8-4e1c-8414-1dead6d98e2c
2026-03-23T07:22:21.234210,tmobile,eth1,252.8,25.84,14.98,1.76,T-Mobile,"Bothell, WA, United States",https://www.speedtest.net/result/c/d130b0f0-e183-4a4f-b5dd-ec8c7ded01b9
2026-03-23T07:37:25.948389,tmobile,eth1,268.36,47.38,15.12,1.41,T-Mobile,"Bothell, WA, United States",https://www.speedtest.net/result/c/56eeaadb-2077-40d3-9315-cca2a8ec2c2c
2026-03-23T07:52:34.017442,tmobile,eth1,305.38,40.36,15.02,1.75,T-Mobile,"Bothell, WA, United States",https://www.speedtest.net/result/c/d18eb8e9-ab8b-4b01-bed9-f143c3a643a7
2026-03-23T08:07:34.128417,tmobile,eth1,300.77,43.22,16.89,6.0,T-Mobile,"Bothell, WA, United States",https://www.speedtest.net/result/c/8ecf0dc1-a3c6-4bb9-951e-087c9ed53a15
2026-03-23T08:22:23.381763,tmobile,eth1,234.83,38.39,15.33,1.9,T-Mobile,"Bothell, WA, United States",https://www.speedtest.net/result/c/23d661e1-7b69-412d-ad1b-45cbf33cdc55
2026-03-23T08:37:33.929786,tmobile,eth1,295.32,90.7,15.18,1.17,T-Mobile,"Bothell, WA, United States",https://www.speedtest.net/result/c/3dd22288-b140-4795-82a6-28533e1e8e81
2026-03-23T08:52:31.484606,tmobile,eth1,284.17,87.18,15.52,2.15,T-Mobile,"Bothell, WA, United States",https://www.speedtest.net/result/c/18a801da-37d9-4f54-bdec-b4886692be3e
2026-03-23T09:07:30.652575,tmobile,eth1,254.9,46.16,16.53,3.32,T-Mobile,"Bothell, WA, United States",https://www.speedtest.net/result/c/b9fdac03-44d2-4e98-af8c-92baa2223c6a
2026-03-23T09:22:28.731528,tmobile,eth1,248.95,38.24,18.58,3.98,T-Mobile,"Bothell, WA, United States",https://www.speedtest.net/result/c/8eedde8f-5c4b-4ece-b0fc-3e343b51dec3
2026-03-23T09:37:25.747243,tmobile,eth1,192.33,44.26,15.14,1.91,T-Mobile,"Bothell, WA, United States",https://www.speedtest.net/result/c/1af19fa4-104a-49fd-ba3e-2862cbca3d8c
2026-03-23T09:52:20.316363,tmobile,eth1,213.77,41.9,15.29,1.88,T-Mobile,"Bothell, WA, United States",https://www.speedtest.net/result/c/1d0ae358-127d-4d34-91c1-603852c72041
2026-03-23T10:07:29.892290,tmobile,eth1,335.06,31.84,14.89,3.38,T-Mobile,"Bothell, WA, United States",https://www.speedtest.net/result/c/2ae30e89-0ed3-4eef-9f8e-955465da2f6b
2026-03-23T10:22:30.569256,tmobile,eth1,289.06,32.73,16.13,3.03,T-Mobile,"Bothell, WA, United States",https://www.speedtest.net/result/c/8981ccc7-9ba5-4075-9f3b-35deb2e69d2c
2026-03-23T10:37:33.936429,tmobile,eth1,265.02,18.28,15.81,4.72,T-Mobile,"Bothell, WA, United States",https://www.speedtest.net/result/c/3cbec14b-e3c6-4ad3-a916-66c602bfcf1b
2026-03-23T10:52:34.063952,tmobile,eth1,225.13,42.92,15.01,1.56,T-Mobile,"Bothell, WA, United States",https://www.speedtest.net/result/c/e4e5caf7-6f17-48c0-992f-3356bdd5baaf
2026-03-23T11:07:37.882814,tmobile,eth1,256.84,15.53,18.57,5.16,T-Mobile,"Bothell, WA, United States",https://www.speedtest.net/result/c/9403a56f-a117-4dd9-a243-2a72049aa351
2026-03-23T11:22:22.256988,tmobile,eth1,236.52,84.64,16.68,1.5,T-Mobile,"Bothell, WA, United States",https://www.speedtest.net/result/c/5c3fd332-b9e4-4120-a70d-b133ee0a0a9a
2026-03-23T11:37:31.935445,tmobile,eth1,251.86,36.85,15.14,3.12,T-Mobile,"Bothell, WA, United States",https://www.speedtest.net/result/c/e7bed2bb-1709-4c70-848d-5e06a1bf9c3e
2026-03-23T11:52:30.382651,tmobile,eth1,193.98,44.29,15.01,2.4,T-Mobile,"Bothell, WA, United States",https://www.speedtest.net/result/c/f2f3c659-610f-4c4a-b777-e85d70baa8d3
2026-03-23T12:07:25.204313,tmobile,eth1,252.6,41.42,17.48,2.32,T-Mobile,"Bothell, WA, United States",https://www.speedtest.net/result/c/94941b56-3977-442a-a197-d59aa5ad0927
2026-03-23T12:22:30.331513,tmobile,eth1,254.8,85.67,30.76,19.93,EZEE Fiber,"Seattle, WA, United States",https://www.speedtest.net/result/c/440a7678-bf03-4246-b0fa-b29db6da2738
2026-03-23T12:37:30.681506,tmobile,eth1,198.54,47.66,15.18,2.06,T-Mobile,"Bothell, WA, United States",https://www.speedtest.net/result/c/11f88a06-0f84-4a21-b4f1-f44be673e449
2026-03-23T12:52:26.362067,tmobile,eth1,234.5,95.08,15.01,2.58,T-Mobile,"Bothell, WA, United States",https://www.speedtest.net/result/c/ca58655c-4e9b-4949-8b19-22a3764d2529
2026-03-23T13:07:21.830722,tmobile,eth1,229.48,90.81,14.99,2.77,T-Mobile,"Bothell, WA, United States",https://www.speedtest.net/result/c/5b3539c9-4328-418b-ab8c-c68670a12d9e
2026-03-23T13:22:21.888250,tmobile,eth1,262.52,85.29,16.67,5.73,T-Mobile,"Bothell, WA, United States",https://www.speedtest.net/result/c/ba162159-6996-4443-a04b-436d662dae62
2026-03-23T13:37:33.207566,tmobile,eth1,259.89,48.0,17.05,4.84,T-Mobile,"Bothell, WA, United States",https://www.speedtest.net/result/c/7ffbe898-b276-4c0a-b9f3-abc86122c677
2026-03-23T13:52:30.267180,tmobile,eth1,260.45,90.52,15.18,1.7,T-Mobile,"Bothell, WA, United States",https://www.speedtest.net/result/c/ffac114e-d96e-45f3-af45-a767b3ae7451
2026-03-23T14:07:33.227631,tmobile,eth1,212.23,49.26,17.42,2.23,T-Mobile,"Bothell, WA, United States",https://www.speedtest.net/result/c/77dc51e0-60ad-4508-b8b2-5bf35d6c02a8
2026-03-23T14:22:30.001563,tmobile,eth1,205.51,45.52,15.26,1.51,T-Mobile,"Bothell, WA, United States",https://www.speedtest.net/result/c/1277fb8f-cfbf-4c94-8b9a-fab23424f28f
2026-03-23T14:37:34.968624,tmobile,eth1,256.48,87.87,16.65,2.51,T-Mobile,"Bothell, WA, United States",https://www.speedtest.net/result/c/cc810aca-61b7-460b-9bf5-c3392a6a6628
2026-03-23T14:52:33.091593,tmobile,eth1,221.37,34.43,15.37,2.33,T-Mobile,"Bothell, WA, United States",https://www.speedtest.net/result/c/0f6e22ea-d6a7-48cc-8db2-2a793570361b
2026-03-23T15:07:32.550229,tmobile,eth1,262.29,87.93,15.14,1.33,T-Mobile,"Bothell, WA, United States",https://www.speedtest.net/result/c/ce04a9a7-4bb1-401e-8acd-fbf22978b4d4
2026-03-23T15:22:19.819388,tmobile,eth1,214.26,50.48,17.03,3.25,T-Mobile,"Bothell, WA, United States",https://www.speedtest.net/result/c/5e51d7cf-014a-4021-b327-ac24fbcf9c63
2026-03-23T15:37:26.333395,tmobile,eth1,232.36,83.69,16.63,1.37,T-Mobile,"Bothell, WA, United States",https://www.speedtest.net/result/c/a73fa364-7e4d-4204-a4df-af559a318588
2026-03-23T15:52:30.393546,tmobile,eth1,192.59,51.86,21.51,4.27,EZEE Fiber,"Seattle, WA, United States",https://www.speedtest.net/result/c/d999a0cb-247b-460b-a29c-1430a581e6e3
2026-03-23T16:07:34.713100,tmobile,eth1,225.42,15.56,18.51,3.01,T-Mobile,"Bothell, WA, United States",https://www.speedtest.net/result/c/a7c8df5f-b8e4-48a8-b69e-39a5b92d60d6
2026-03-23T16:22:31.187473,tmobile,eth1,228.56,13.58,15.42,2.1,T-Mobile,"Bothell, WA, United States",https://www.speedtest.net/result/c/63667745-241d-4840-b40d-2276929522f9
2026-03-23T16:37:35.265465,tmobile,eth1,229.27,44.16,16.47,7.37,T-Mobile,"Bothell, WA, United States",https://www.speedtest.net/result/c/48abc2cc-6ffb-43f6-ae01-902672586d8c
2026-03-23T16:52:23.703773,tmobile,eth1,182.89,47.87,15.33,5.57,T-Mobile,"Bothell, WA, United States",https://www.speedtest.net/result/c/272ce290-4caa-4442-8bc2-92ad81fe3154
2026-03-23T17:07:26.073816,tmobile,eth1,233.84,92.98,16.88,3.69,T-Mobile,"Bothell, WA, United States",https://www.speedtest.net/result/c/653f0d12-b22a-4521-bb25-66958038d127
2026-03-23T17:22:22.008851,tmobile,eth1,214.32,88.19,15.62,5.46,T-Mobile,"Bothell, WA, United States",https://www.speedtest.net/result/c/3ad45e6c-9e11-43b4-9812-00e28faee57d
2026-03-23T17:37:24.686329,tmobile,eth1,215.08,46.83,18.55,1.31,T-Mobile,"Bothell, WA, United States",https://www.speedtest.net/result/c/80e1b11d-b86b-4af2-a07d-974ff4f437c9
2026-03-23T17:52:22.755002,tmobile,eth1,168.97,39.35,23.27,5.86,T-Mobile,"Bothell, WA, United States",https://www.speedtest.net/result/c/88560a3e-040f-4afd-8c02-4f3b9c57757b
2026-03-23T18:07:23.156849,tmobile,eth1,179.44,24.41,15.1,1.92,T-Mobile,"Bothell, WA, United States",https://www.speedtest.net/result/c/fe076a73-c9da-4324-8c60-faa759d54cd9
2026-03-23T18:22:28.626560,tmobile,eth1,187.39,45.55,15.88,1.6,T-Mobile,"Bothell, WA, United States",https://www.speedtest.net/result/c/233554c5-5bef-47a4-9acc-85373f185c34
2026-03-23T18:37:29.459263,tmobile,eth1,141.32,22.81,14.97,1.49,T-Mobile,"Bothell, WA, United States",https://www.speedtest.net/result/c/abdc966c-0a77-4675-aaf4-8d8da70cfc22
2026-03-23T18:52:23.911815,tmobile,eth1,152.59,47.6,16.65,2.05,T-Mobile,"Bothell, WA, United States",https://www.speedtest.net/result/c/2861ac21-9839-4ea3-900c-65be3d3b6626
2026-03-23T19:07:26.886247,tmobile,eth1,193.07,51.09,16.5,2.55,T-Mobile,"Bothell, WA, United States",https://www.speedtest.net/result/c/df88f12a-9342-4e31-abda-e1dc17b68f0a
2026-03-23T19:22:35.761284,tmobile,eth1,185.43,37.13,15.07,1.86,T-Mobile,"Bothell, WA, United States",https://www.speedtest.net/result/c/43d4d30c-7253-4668-ac3e-fa6dd14fb255
2026-03-23T19:37:26.043619,tmobile,eth1,141.18,36.22,14.67,3.56,T-Mobile,"Bothell, WA, United States",https://www.speedtest.net/result/c/08cc930f-3fe6-4478-a1e6-57b2790f3edf
2026-03-23T19:52:26.498379,tmobile,eth1,154.11,47.14,15.17,1.88,T-Mobile,"Bothell, WA, United States",https://www.speedtest.net/result/c/0893fceb-83e9-410e-8fd2-ea33fa9d9973
2026-03-23T20:07:29.774197,tmobile,eth1,164.22,46.67,16.85,2.12,T-Mobile,"Bothell, WA, United States",https://www.speedtest.net/result/c/0354df98-4366-49e7-9abf-660ca5bef3c7
2026-03-23T20:22:27.015205,tmobile,eth1,194.46,46.42,15.13,1.32,T-Mobile,"Bothell, WA, United States",https://www.speedtest.net/result/c/c6f9cc60-e637-4f5d-85f1-c632f73e8d94
2026-03-23T20:37:19.906351,tmobile,eth1,137.67,44.27,23.8,4.48,EZEE Fiber,"Seattle, WA, United States",https://www.speedtest.net/result/c/7ff7138f-403f-4d8e-b4e1-90c2c18fe4b7
2026-03-23T20:52:30.572531,tmobile,eth1,194.02,87.24,15.3,1.59,T-Mobile,"Bothell, WA, United States",https://www.speedtest.net/result/c/e4f785d5-e02e-4127-b1cd-d4e125f7aafe
2026-03-23T21:07:32.184771,tmobile,eth1,211.54,23.77,15.16,1.42,T-Mobile,"Bothell, WA, United States",https://www.speedtest.net/result/c/548276e6-670c-4fc6-ace3-fe795dd28a71
2026-03-23T21:22:27.962377,tmobile,eth1,268.29,22.55,23.8,4.1,T-Mobile,"Bothell, WA, United States",https://www.speedtest.net/result/c/aa4baa4a-a9b9-4f76-a865-05c2d591cb2b
2026-03-23T21:37:34.661420,tmobile,eth1,226.84,24.9,18.93,11.4,T-Mobile,"Bothell, WA, United States",https://www.speedtest.net/result/c/4bfdb0a3-1127-4864-96c1-fad27af2feb2
2026-03-23T21:52:28.228613,tmobile,eth1,160.77,28.21,15.48,2.24,T-Mobile,"Bothell, WA, United States",https://www.speedtest.net/result/c/b60e5beb-6ccf-4d4c-9a0e-580c2bf9f25f
2026-03-23T22:07:33.506519,tmobile,eth1,147.54,22.94,15.18,1.85,T-Mobile,"Bothell, WA, United States",https://www.speedtest.net/result/c/c46a58ba-b482-48a0-bea0-cdca576383b0
2026-03-23T22:22:21.103477,tmobile,eth1,204.92,48.03,18.46,2.82,T-Mobile,"Bothell, WA, United States",https://www.speedtest.net/result/c/22422b34-58c4-4a64-b0dc-7d9e6d059922
2026-03-23T22:37:27.695282,tmobile,eth1,195.24,28.03,16.58,6.47,T-Mobile,"Bothell, WA, United States",https://www.speedtest.net/result/c/a0570363-226a-4436-ab89-8c0497d7abc6
2026-03-23T22:52:25.194531,tmobile,eth1,209.24,51.55,15.61,0.83,T-Mobile,"Bothell, WA, United States",https://www.speedtest.net/result/c/402eaeca-072d-4820-8956-ed4c7885667b
2026-03-23T23:07:19.203034,tmobile,eth1,190.78,52.75,19.03,2.93,T-Mobile,"Bothell, WA, United States",https://www.speedtest.net/result/c/600a6bc0-ffe7-4f39-b1c0-9aa6f425ba43
2026-03-23T23:22:29.125946,tmobile,eth1,217.75,51.78,16.18,4.13,T-Mobile,"Bothell, WA, United States",https://www.speedtest.net/result/c/36126395-bd9d-43fa-8f91-79e32d35917c
2026-03-23T23:37:22.572032,tmobile,eth1,187.92,53.74,15.32,1.64,T-Mobile,"Bothell, WA, United States",https://www.speedtest.net/result/c/b4f405cd-3ce3-42e8-b4b7-32125e9f9201
2026-03-23T23:52:20.789630,tmobile,eth1,193.26,48.62,17.32,6.44,T-Mobile,"Bothell, WA, United States",https://www.speedtest.net/result/c/bf850f47-460b-411c-8661-d5a646fa3ab4
2026-03-24T00:07:36.806868,tmobile,eth1,213.68,44.43,16.55,6.32,T-Mobile,"Bothell, WA, United States",https://www.speedtest.net/result/c/2c964678-a340-4ab0-b683-d2afdb240b7e
2026-03-24T00:22:25.145108,tmobile,eth1,346.34,34.74,16.49,1.36,T-Mobile,"Bothell, WA, United States",https://www.speedtest.net/result/c/6e16b5a5-0dfb-46b6-9984-28e1cc712679
2026-03-24T00:37:32.460382,tmobile,eth1,158.86,42.06,14.98,2.87,T-Mobile,"Bothell, WA, United States",https://www.speedtest.net/result/c/fac8b593-6b2b-4a63-9f9d-823df81e2ee2
2026-03-24T00:52:25.275407,tmobile,eth1,264.33,39.45,15.57,3.47,T-Mobile,"Bothell, WA, United States",https://www.speedtest.net/result/c/3bfa0f83-fdb9-4ef1-a08f-4544fa2b9e17
2026-03-24T01:07:25.270063,tmobile,eth1,54.32,52.1,25.71,5.68,Astound Broadband,"Seattle, WA, United States",https://www.speedtest.net/result/c/cf48b328-7aad-4fa7-9682-b90085f951af
2026-03-24T01:22:26.752682,tmobile,eth1,230.22,39.98,17.23,2.18,T-Mobile,"Bothell, WA, United States",https://www.speedtest.net/result/c/61f00cb2-1608-43f0-aa7a-ea889645cbb7
2026-03-24T01:37:24.627639,tmobile,eth1,191.17,34.56,15.08,4.99,T-Mobile,"Bothell, WA, United States",https://www.speedtest.net/result/c/a7f92230-ed86-4eef-b8bb-317a0159efae
2026-03-24T01:52:30.748328,tmobile,eth1,270.16,38.05,15.08,2.5,T-Mobile,"Bothell, WA, United States",https://www.speedtest.net/result/c/a3c674ab-e350-4d29-a491-1fa97b89a81c
2026-03-24T02:07:35.337088,tmobile,eth1,249.32,29.62,15.84,2.77,T-Mobile,"Bothell, WA, United States",https://www.speedtest.net/result/c/0dd18a01-af7c-4c41-be14-baf81acb983d
2026-03-24T02:22:29.281346,tmobile,eth1,199.86,26.24,15.02,2.14,T-Mobile,"Bothell, WA, United States",https://www.speedtest.net/result/c/d97cea91-8aa2-4152-b63d-41c14be97d3c
2026-03-24T02:37:21.221478,tmobile,eth1,250.15,51.57,16.59,2.62,T-Mobile,"Bothell, WA, United States",https://www.speedtest.net/result/c/3a05db86-53af-44fe-8a9f-f2856c6d4fc1
2026-03-24T02:52:31.930374,tmobile,eth1,264.68,37.74,18.44,4.75,T-Mobile,"Bothell, WA, United States",https://www.speedtest.net/result/c/8b57baa5-c259-4673-978d-550c1be7204f
2026-03-24T03:07:33.429969,tmobile,eth1,319.35,36.13,15.41,2.9,T-Mobile,"Bothell, WA, United States",https://www.speedtest.net/result/c/57cb4e05-dd44-49cd-a1b7-fa7553970d2f
2026-03-24T03:22:27.492980,tmobile,eth1,289.81,43.14,17.15,6.97,T-Mobile,"Bothell, WA, United States",https://www.speedtest.net/result/c/b36f7b9d-b509-43ab-a5f5-185cf10ea7ea
2026-03-24T03:37:26.697064,tmobile,eth1,246.62,36.13,20.07,2.71,T-Mobile,"Bothell, WA, United States",https://www.speedtest.net/result/c/298bff57-7126-4ae7-8c00-65bcedbbdc8a
2026-03-24T03:52:25.545624,tmobile,eth1,279.11,58.79,19.91,3.85,T-Mobile,"Bothell, WA, United States",https://www.speedtest.net/result/c/dc64a89f-bc1c-4aad-be0a-b75b48bc8462
2026-03-24T04:07:23.064212,tmobile,eth1,254.16,46.76,16.55,1.39,T-Mobile,"Bothell, WA, United States",https://www.speedtest.net/result/c/aaaa3f7d-c827-4233-b77d-c95456c9bb5a
2026-03-24T04:22:37.150179,tmobile,eth1,248.62,28.91,16.68,6.46,T-Mobile,"Bothell, WA, United States",https://www.speedtest.net/result/c/1c02bd1a-b2f2-443f-a6cf-ccbaaa181bd4
2026-03-24T04:37:37.130175,tmobile,eth1,277.4,32.73,16.64,5.86,T-Mobile,"Bothell, WA, United States",https://www.speedtest.net/result/c/9e7d3cd4-405d-44cf-84d7-ba531173118d
2026-03-24T04:52:27.102951,tmobile,eth1,245.56,57.38,19.26,2.1,T-Mobile,"Bothell, WA, United States",https://www.speedtest.net/result/c/ece1f546-c5d4-45a3-a43e-b38caf6a50e8
2026-03-24T05:07:34.324763,tmobile,eth1,369.66,34.91,15.49,2.61,T-Mobile,"Bothell, WA, United States",https://www.speedtest.net/result/c/03dcf5b6-15a3-4c11-9a99-cb92ebad9f3b
2026-03-24T05:22:25.871098,tmobile,eth1,271.58,26.44,17.53,3.17,T-Mobile,"Bothell, WA, United States",https://www.speedtest.net/result/c/7da03a8b-14c0-47cb-b6cc-23113b2bc132
2026-03-24T05:37:31.545973,tmobile,eth1,265.31,38.09,19.11,5.65,T-Mobile,"Bothell, WA, United States",https://www.speedtest.net/result/c/141058c5-dd72-4e25-ae81-bd51b81a9a2d
2026-03-24T05:52:25.310278,tmobile,eth1,249.27,28.7,15.13,3.8,T-Mobile,"Bothell, WA, United States",https://www.speedtest.net/result/c/0501b2be-a840-4919-91bb-a583e8a40427
2026-03-24T06:07:31.819202,tmobile,eth1,268.02,41.48,16.7,1.9,T-Mobile,"Bothell, WA, United States",https://www.speedtest.net/result/c/f52da2cb-a891-4acf-9621-bc9493cc7eb1
2026-03-24T06:22:23.983260,tmobile,eth1,363.7,40.07,15.13,1.7,T-Mobile,"Bothell, WA, United States",https://www.speedtest.net/result/c/0564b733-4390-41fb-ae3e-c8ab1947bf16
2026-03-24T06:37:25.236461,tmobile,eth1,185.03,45.63,16.54,7.38,T-Mobile,"Bothell, WA, United States",https://www.speedtest.net/result/c/48a4af73-4d1b-4a15-a75d-50133720d03f
2026-03-24T06:52:16.464480,tmobile,eth1,343.89,38.2,15.47,3.87,T-Mobile,"Bothell, WA, United States",https://www.speedtest.net/result/c/96a2272b-6336-4c9a-bd2c-0d7b0cc15a92
2026-03-24T07:07:26.182915,tmobile,eth1,205.04,24.55,15.83,0.77,T-Mobile,"Bothell, WA, United States",https://www.speedtest.net/result/c/259bd974-a2b7-4dfb-8293-3c142a6cd2ac
2026-03-24T07:22:27.081812,tmobile,eth1,207.21,28.92,19.84,3.47,T-Mobile,"Bothell, WA, United States",https://www.speedtest.net/result/c/fa54cece-fcd6-42c2-b632-151e133304fb
2026-03-24T07:37:19.719662,tmobile,eth1,199.34,32.25,15.46,3.69,T-Mobile,"Bothell, WA, United States",https://www.speedtest.net/result/c/482c1055-854c-4d7a-9e18-6b5b3f827d37
2026-03-24T07:52:26.930364,tmobile,eth1,239.93,19.04,16.58,3.44,T-Mobile,"Bothell, WA, United States",https://www.speedtest.net/result/c/0bff9b6a-9e1f-4baf-be36-e46c8e4ccf5a
2026-03-24T08:07:21.988061,tmobile,eth1,160.32,32.91,16.51,3.77,T-Mobile,"Bothell, WA, United States",https://www.speedtest.net/result/c/44ed85de-8ed9-4add-8919-ac7619759a83
2026-03-24T08:22:32.048395,tmobile,eth1,229.35,34.12,26.52,4.05,Ziply Fiber,"Seattle, WA, United States",https://www.speedtest.net/result/c/cdb098df-7c1f-43c0-8097-3cf66a57402a
2026-03-24T08:37:21.242615,tmobile,eth1,296.49,35.27,15.96,3.21,T-Mobile,"Bothell, WA, United States",https://www.speedtest.net/result/c/d20953e5-2514-40b5-8e59-c6a4370276ec
2026-03-24T08:52:23.999203,tmobile,eth1,274.34,8.92,15.43,4.74,T-Mobile,"Bothell, WA, United States",https://www.speedtest.net/result/c/5857d758-a1b5-489c-ab00-83191cddedb2
2026-03-24T09:07:24.141336,tmobile,eth1,215.45,76.6,14.98,5.01,T-Mobile,"Bothell, WA, United States",https://www.speedtest.net/result/c/5449b602-0672-4f99-8e85-d850ef35b96e
2026-03-24T09:22:24.487124,tmobile,eth1,209.9,39.15,15.82,2.32,T-Mobile,"Bothell, WA, United States",https://www.speedtest.net/result/c/7ae8cd8e-5d4f-436e-8624-46568ecd765c
2026-03-24T09:37:20.108433,tmobile,eth1,215.92,27.11,18.12,4.5,T-Mobile,"Bothell, WA, United States",https://www.speedtest.net/result/c/e087c08a-142a-434b-85eb-0be9831332c9
2026-03-24T09:52:34.124605,tmobile,eth1,153.62,31.04,16.68,4.34,T-Mobile,"Bothell, WA, United States",https://www.speedtest.net/result/c/4cde3cec-7158-4c23-b5b3-1e39f3893167
2026-03-24T10:07:27.932992,tmobile,eth1,206.22,33.5,21.68,5.24,T-Mobile,"Bothell, WA, United States",https://www.speedtest.net/result/c/8d62e704-70ec-49f0-8a63-6210a8044d3d
2026-03-24T10:22:24.184193,tmobile,eth1,208.28,34.47,15.11,1.86,T-Mobile,"Bothell, WA, United States",https://www.speedtest.net/result/c/7aac12b2-3a6f-430b-a380-7672c141fc13
2026-03-24T10:37:29.646297,tmobile,eth1,180.45,33.98,19.75,6.12,T-Mobile,"Bothell, WA, United States",https://www.speedtest.net/result/c/8f8d56c3-3e91-4827-82cf-eee4bacd7e23
2026-03-24T10:52:29.352148,tmobile,eth1,198.63,29.92,18.46,3.24,T-Mobile,"Bothell, WA, United States",https://www.speedtest.net/result/c/c6fd1436-d3b8-437f-9eef-c50ee5747602
2026-03-24T11:07:31.134589,tmobile,eth1,221.27,29.69,15.31,2.29,T-Mobile,"Bothell, WA, United States",https://www.speedtest.net/result/c/033acf90-b1b8-468c-8b19-926b13a4fda1
2026-03-24T11:22:17.335267,tmobile,eth1,180.92,34.11,16.94,6.41,T-Mobile,"Bothell, WA, United States",https://www.speedtest.net/result/c/5097adad-885d-4561-9119-ca5ead1754b0
2026-03-24T11:37:26.480750,tmobile,eth1,206.1,40.6,19.86,5.68,T-Mobile,"Bothell, WA, United States",https://www.speedtest.net/result/c/e55f9d6a-284c-4621-993f-93ae8f911b59
2026-03-24T11:52:16.791783,tmobile,eth1,174.64,33.65,16.02,5.12,T-Mobile,"Bothell, WA, United States",https://www.speedtest.net/result/c/7fe41723-6a2b-43fe-95c6-293f8b118a76
2026-03-24T12:07:29.259712,tmobile,eth1,164.78,40.99,18.97,2.66,T-Mobile,"Bothell, WA, United States",https://www.speedtest.net/result/c/2177d83d-49f6-493e-a312-daf7ca0aded7
2026-03-24T12:22:23.645208,tmobile,eth1,238.55,37.4,16.43,4.05,T-Mobile,"Bothell, WA, United States",https://www.speedtest.net/result/c/263e5af0-3751-4567-80ed-d68c6594ec8b
2026-03-24T12:37:29.529435,tmobile,eth1,191.47,40.2,18.73,4.94,T-Mobile,"Bothell, WA, United States",https://www.speedtest.net/result/c/d3729a9e-8f6a-40e4-8870-7813cca7ccab
2026-03-24T12:52:22.985797,tmobile,eth1,208.75,41.36,15.58,2.1,T-Mobile,"Bothell, WA, United States",https://www.speedtest.net/result/c/a7b4b245-a87f-4a0f-89c2-d6ca12bb2e00
2026-03-24T13:07:22.182694,tmobile,eth1,218.14,41.81,18.1,3.49,T-Mobile,"Bothell, WA, United States",https://www.speedtest.net/result/c/e22e5cfa-5313-4be8-8040-efe031f3da8b
2026-03-24T13:22:29.417736,tmobile,eth1,250.37,41.21,15.05,1.39,T-Mobile,"Bothell, WA, United States",https://www.speedtest.net/result/c/f1895f55-3b32-4dcc-9796-11aacdf54e1b
2026-03-24T13:37:22.412398,tmobile,eth1,264.56,34.9,16.89,5.37,T-Mobile,"Bothell, WA, United States",https://www.speedtest.net/result/c/c2715a1e-435d-46d0-817f-ff28de87ed8a
2026-03-24T13:52:30.777898,tmobile,eth1,146.92,36.19,15.82,1.19,T-Mobile,"Bothell, WA, United States",https://www.speedtest.net/result/c/e5e9c4d1-24a3-455e-bd34-a045792a249a
2026-03-24T14:07:20.595504,tmobile,eth1,171.46,32.54,20.04,2.71,T-Mobile,"Bothell, WA, United States",https://www.speedtest.net/result/c/8e55b68d-30ed-4093-8ba3-8f59d53f68f0
2026-03-24T14:22:29.920629,tmobile,eth1,199.78,31.65,15.14,8.13,T-Mobile,"Bothell, WA, United States",https://www.speedtest.net/result/c/6999cb73-0226-4c1f-a82e-04f87cf180f6
2026-03-24T14:37:34.127079,tmobile,eth1,283.88,69.15,16.82,4.0,T-Mobile,"Bothell, WA, United States",https://www.speedtest.net/result/c/0574fc3f-b13e-4775-b32d-b236402035f1
2026-03-24T14:52:22.213643,tmobile,eth1,158.43,44.67,15.3,2.44,T-Mobile,"Bothell, WA, United States",https://www.speedtest.net/result/c/b449e428-f901-40b5-a49a-6c92f852971e
2026-03-24T15:07:32.188040,tmobile,eth1,249.28,23.04,18.45,7.76,T-Mobile,"Bothell, WA, United States",https://www.speedtest.net/result/c/fb342e6b-2fab-4d72-9c96-80ce5251ce4f
2026-03-24T15:22:26.770789,tmobile,eth1,146.77,79.59,15.19,1.93,T-Mobile,"Bothell, WA, United States",https://www.speedtest.net/result/c/2c1bb700-5169-45a8-b14a-1a4fb451ac8d
2026-03-24T15:37:25.617865,tmobile,eth1,184.96,20.17,14.99,3.33,T-Mobile,"Bothell, WA, United States",https://www.speedtest.net/result/c/7a75ff29-1cc0-4923-8f3c-4cef96825277
2026-03-24T15:52:27.730482,tmobile,eth1,216.85,40.98,18.49,2.1,T-Mobile,"Bothell, WA, United States",https://www.speedtest.net/result/c/d4f18e30-1e73-430b-9594-665b4f90dbc1
2026-03-24T16:07:26.200411,tmobile,eth1,231.73,49.78,16.54,2.86,T-Mobile,"Bothell, WA, United States",https://www.speedtest.net/result/c/f2650d4d-222a-4e1d-8fc7-819ee4b5f67a
2026-03-24T16:22:22.208800,tmobile,eth1,180.08,45.98,16.56,6.39,T-Mobile,"Bothell, WA, United States",https://www.speedtest.net/result/c/6889ea51-abf2-419a-991d-a9cb34a258ca
2026-03-24T16:37:25.761313,tmobile,eth1,236.76,36.24,19.74,1.64,T-Mobile,"Bothell, WA, United States",https://www.speedtest.net/result/c/f0a2256c-1e68-4f62-b3bf-a1e45b98bb45
2026-03-24T16:52:29.963766,tmobile,eth1,183.79,47.84,16.96,3.66,T-Mobile,"Bothell, WA, United States",https://www.speedtest.net/result/c/5d8377e2-b6b6-46fe-8742-450db4b59a83
2026-03-24T17:07:22.899189,tmobile,eth1,211.26,81.68,16.76,2.51,T-Mobile,"Bothell, WA, United States",https://www.speedtest.net/result/c/a7c8075a-708c-4650-87b9-16f012cca0c8
2026-03-24T17:22:18.443032,tmobile,eth1,162.08,49.92,20.54,5.01,T-Mobile,"Bothell, WA, United States",https://www.speedtest.net/result/c/ffa58b91-7d72-47fa-8e97-dcbf8ad0d215
2026-03-24T17:37:26.939812,tmobile,eth1,211.27,49.06,15.88,4.29,T-Mobile,"Bothell, WA, United States",https://www.speedtest.net/result/c/b47434e0-c861-4541-ae0a-26c4ea93ab4e
2026-03-24T17:52:26.401737,tmobile,eth1,141.03,40.88,14.97,3.49,T-Mobile,"Bothell, WA, United States",https://www.speedtest.net/result/c/2ba1a0a8-6d7e-4bd0-aaf4-45bcc9b1cf26
2026-03-24T18:07:28.481622,tmobile,eth1,239.54,45.4,15.44,1.2,T-Mobile,"Bothell, WA, United States",https://www.speedtest.net/result/c/9e38671d-c10e-4637-9e7e-cec3b49318e4
2026-03-24T18:22:27.764535,tmobile,eth1,241.04,47.3,15.37,2.22,T-Mobile,"Bothell, WA, United States",https://www.speedtest.net/result/c/5791bd83-fa9b-4512-97b4-bdd842931557
2026-03-24T18:37:22.430176,tmobile,eth1,165.11,52.37,15.11,2.72,T-Mobile,"Bothell, WA, United States",https://www.speedtest.net/result/c/f7866450-f78d-4990-aec8-870dc1562f2d
2026-03-24T18:52:36.187337,tmobile,eth1,153.88,17.32,39.87,0.61,Nobull Networks LLC,"Federal Way, WA, United States",https://www.speedtest.net/result/c/8ae23fe2-4638-4655-8e8b-b8cf66f8b949
2026-03-24T19:07:34.558835,tmobile,eth1,158.49,44.94,37.51,7.58,Ziply Fiber,"Seattle, WA, United States",https://www.speedtest.net/result/c/3aa44145-fb6c-4d1b-ad1e-7ca0629db592
2026-03-24T19:22:37.118448,tmobile,eth1,186.87,50.14,40.08,2.93,Sangoma,"Seattle, WA, United States",https://www.speedtest.net/result/c/d74645ba-d9a4-415e-b75d-c5f4b1fb1635
2026-03-24T19:37:35.696212,tmobile,eth1,188.99,69.46,39.89,0.38,Sangoma,"Seattle, WA, United States",https://www.speedtest.net/result/c/eb3a57b3-c873-4d32-bedf-6026e50fe631
2026-03-24T19:52:29.836402,tmobile,eth1,155.59,48.43,30.23,2.37,Rainier Connect,"Tacoma, WA, United States",https://www.speedtest.net/result/c/44ea3191-e8a5-4dec-b408-a5166f1fadae
2026-03-24T20:07:27.063192,tmobile,eth1,250.67,65.4,24.2,2.52,Accretive Networks,"Seattle, WA, United States",https://www.speedtest.net/result/c/15a0f3bd-0a3d-4994-839f-ddb1bf44d6f8
2026-03-24T20:22:32.656799,tmobile,eth1,225.67,50.55,23.13,5.07,Accretive Networks,"Seattle, WA, United States",https://www.speedtest.net/result/c/96ae82bf-12cf-4127-be2f-8f7205a2f4b1
2026-03-24T20:37:30.736014,tmobile,eth1,166.29,88.17,21.64,5.15,Accretive Networks,"Seattle, WA, United States",https://www.speedtest.net/result/c/9d5cf4a2-cdc6-4f42-91e0-61903e285ced
2026-03-24T20:52:35.346026,tmobile,eth1,189.71,49.18,40.06,0.57,Ziply Fiber,"Seattle, WA, United States",https://www.speedtest.net/result/c/454308e8-3837-4946-a45e-7bf399612d01
2026-03-24T21:07:39.086558,tmobile,eth1,156.79,14.68,19.93,0.75,Accretive Networks,"Seattle, WA, United States",https://www.speedtest.net/result/c/941fe466-82ce-47d1-b87b-cc17030408ae
2026-03-24T21:22:33.241520,tmobile,eth1,136.25,45.43,36.71,7.73,EZEE Fiber,"Seattle, WA, United States",https://www.speedtest.net/result/c/63ab5e73-f51f-4c48-957c-6ae6912309a5
2026-03-24T21:37:39.056816,tmobile,eth1,108.14,44.78,19.98,0.15,fdcservers.net,"Seattle, WA, United States",https://www.speedtest.net/result/c/03ddca38-8801-4f73-ba7d-df0db616219c
2026-03-24T21:52:36.849208,tmobile,eth1,239.03,48.11,19.77,0.81,Accretive Networks,"Seattle, WA, United States",https://www.speedtest.net/result/c/6fb2a1a3-c777-44f6-bbfd-65cfe8306baa
2026-03-24T22:07:38.709452,tmobile,eth1,140.33,46.8,22.15,1.96,Accretive Networks,"Seattle, WA, United States",https://www.speedtest.net/result/c/7c97d715-3575-4f6d-a499-c81da435a6a5
2026-03-24T22:22:30.578611,tmobile,eth1,232.84,82.46,24.77,6.05,Accretive Networks,"Seattle, WA, United States",https://www.speedtest.net/result/c/abf0839a-6cc6-4b7c-a16b-eff6dd6305e8
2026-03-24T22:37:37.418694,tmobile,eth1,261.9,34.11,39.97,0.64,Ziply Fiber,"Seattle, WA, United States",https://www.speedtest.net/result/c/a5b11bf8-e423-4662-950b-07c5772ab765
2026-03-24T22:52:39.949021,tmobile,eth1,132.69,15.5,27.81,11.22,Accretive Networks,"Seattle, WA, United States",https://www.speedtest.net/result/c/08e04e05-d352-4c4d-b479-9f1244b74af8
2026-03-24T23:07:44.745673,tmobile,eth1,88.48,13.53,32.34,8.64,GigabitNow,"Seattle, WA, United States",https://www.speedtest.net/result/c/4b1d4735-5cb0-4bd3-9b6f-352a94d2034e
2026-03-24T23:22:32.755908,tmobile,eth1,92.63,20.41,20.46,2.71,Accretive Networks,"Seattle, WA, United States",https://www.speedtest.net/result/c/bfe0ea16-82cc-4654-a3b7-681dd25dd5fa
2026-03-24T23:37:30.344582,tmobile,eth1,206.62,15.59,41.36,14.24,Accretive Networks,"Seattle, WA, United States",https://www.speedtest.net/result/c/07933c9d-f7b9-43ff-81fa-16f8ad4da0bb
2026-03-24T23:52:32.444257,tmobile,eth1,212.6,21.21,20.04,0.66,Accretive Networks,"Seattle, WA, United States",https://www.speedtest.net/result/c/034f99f1-c073-4a5e-8902-e8cf173fbe84
2026-03-25T00:07:43.780161,tmobile,eth1,222.79,22.03,24.07,6.71,fdcservers.net,"Seattle, WA, United States",https://www.speedtest.net/result/c/553e12cd-fb3f-42c8-a2a0-595dec6481c0
2026-03-25T00:22:41.611522,tmobile,eth1,100.79,30.57,27.17,7.72,Accretive Networks,"Seattle, WA, United States",https://www.speedtest.net/result/c/445abaf3-52c1-4510-a81a-b5a918f9ecc6
2026-03-25T00:37:29.931120,tmobile,eth1,241.21,52.9,26.17,10.85,fdcservers.net,"Seattle, WA, United States",https://www.speedtest.net/result/c/fd57a46f-c65e-4798-b1ca-dbd752a579bc
2026-03-25T00:52:34.205492,tmobile,eth1,205.41,42.48,24.93,4.75,fdcservers.net,"Seattle, WA, United States",https://www.speedtest.net/result/c/2ac0fadd-719a-4dc9-ac84-7fef7ed8d40e
2026-03-25T01:07:32.406941,tmobile,eth1,232.41,39.8,33.16,7.98,fdcservers.net,"Seattle, WA, United States",https://www.speedtest.net/result/c/df64e35c-58c7-4e6b-818a-faaf3c5a3473
2026-03-25T01:22:37.836136,tmobile,eth1,275.65,97.58,33.5,5.57,Sangoma,"Seattle, WA, United States",https://www.speedtest.net/result/c/40d4b2ea-cbcc-4347-b881-c2c35ca2825b
2026-03-25T01:37:40.421895,tmobile,eth1,280.31,31.29,24.62,7.15,Accretive Networks,"Seattle, WA, United States",https://www.speedtest.net/result/c/6ffb9352-e867-4698-aac6-c94baf43eef1
2026-03-25T01:52:28.822841,tmobile,eth1,265.0,96.28,21.71,6.18,Accretive Networks,"Seattle, WA, United States",https://www.speedtest.net/result/c/994c4b8b-450e-44d3-a82c-a16b144be90d
2026-03-25T02:07:33.240605,tmobile,eth1,262.41,43.44,19.82,0.83,Accretive Networks,"Seattle, WA, United States",https://www.speedtest.net/result/c/52163a57-fb92-4b81-b0ee-3a65662e3f7f
2026-03-25T02:22:38.786793,tmobile,eth1,281.0,42.68,29.0,1.72,fdcservers.net,"Seattle, WA, United States",https://www.speedtest.net/result/c/0984e3e7-775c-47b7-8b1d-a313a44d7c82
2026-03-25T02:37:40.587574,tmobile,eth1,199.46,13.59,25.07,4.19,fdcservers.net,"Seattle, WA, United States",https://www.speedtest.net/result/c/f49f306d-c4ac-460f-b80b-3875ffd53b19
2026-03-25T02:52:39.003897,tmobile,eth1,256.36,40.58,33.05,10.42,Sangoma,"Seattle, WA, United States",https://www.speedtest.net/result/c/30cda140-69fa-4712-85a3-d8c20ab28bc9
2026-03-25T03:07:30.119141,tmobile,eth1,226.08,25.79,21.81,6.05,Accretive Networks,"Seattle, WA, United States",https://www.speedtest.net/result/c/474aa275-7d21-4309-bed9-c135152fd7ee
2026-03-25T03:22:34.890624,tmobile,eth1,265.78,46.34,21.18,4.03,Accretive Networks,"Seattle, WA, United States",https://www.speedtest.net/result/c/e2f3c70d-197a-4083-b455-d8da49bb3afc
2026-03-25T03:37:27.485065,tmobile,eth1,288.94,38.35,20.03,1.04,Accretive Networks,"Seattle, WA, United States",https://www.speedtest.net/result/c/21641ce5-5f44-4abc-b0f8-337d41e81457
2026-03-25T03:52:37.761755,tmobile,eth1,275.31,50.76,19.98,2.76,fdcservers.net,"Seattle, WA, United States",https://www.speedtest.net/result/c/5e38e891-5b5c-4c33-b73b-f7d38ffba504
2026-03-25T04:07:39.076517,tmobile,eth1,227.67,33.6,40.14,2.74,GigabitNow,"Seattle, WA, United States",https://www.speedtest.net/result/c/2ea9cc5b-a111-49dd-9d1e-02eae6d8df3e
2026-03-25T04:22:30.202582,tmobile,eth1,268.73,46.18,20.0,1.2,Accretive Networks,"Seattle, WA, United States",https://www.speedtest.net/result/c/5a2903e0-9d6d-445a-b822-9be4156c58a1
2026-03-25T04:37:41.004800,tmobile,eth1,38.56,49.17,29.76,8.8,Astound Broadband,"Seattle, WA, United States",https://www.speedtest.net/result/c/b9221204-2394-4f9c-9acf-72907c1981f7
2026-03-25T04:52:36.079857,tmobile,eth1,370.27,99.54,32.41,11.99,Accretive Networks,"Seattle, WA, United States",https://www.speedtest.net/result/c/dc870d14-35dd-41b9-bc02-d8791b20ea80
2026-03-25T05:07:28.540837,tmobile,eth1,286.22,43.33,20.07,0.65,Accretive Networks,"Seattle, WA, United States",https://www.speedtest.net/result/c/2a22f33e-ac7f-48d9-9107-3f166ca65a95
2026-03-25T05:22:39.180670,tmobile,eth1,268.12,32.82,23.85,10.75,Accretive Networks,"Seattle, WA, United States",https://www.speedtest.net/result/c/36f762e6-38f1-46dc-a0de-84456b37c5c1
2026-03-25T05:37:32.361689,tmobile,eth1,302.68,32.69,19.62,1.2,Accretive Networks,"Seattle, WA, United States",https://www.speedtest.net/result/c/52a3b668-5645-4789-97d0-f8a4c38ed4eb
2026-03-25T05:52:30.016096,tmobile,eth1,278.1,24.93,24.02,3.88,Accretive Networks,"Seattle, WA, United States",https://www.speedtest.net/result/c/1212c603-e71c-477e-a089-7e9b9a92858d
2026-03-25T06:07:31.198381,tmobile,eth1,292.54,25.01,20.02,1.08,Accretive Networks,"Seattle, WA, United States",https://www.speedtest.net/result/c/fff9d59a-acc9-4546-8a31-017a79a8c94f
2026-03-25T06:22:32.652821,tmobile,eth1,203.94,43.8,25.53,6.37,Accretive Networks,"Seattle, WA, United States",https://www.speedtest.net/result/c/28119f91-be4d-4745-9c60-2ea7ad9ab84f
2026-03-25T06:37:35.823987,tmobile,eth1,266.1,102.97,31.55,1.4,GSL Networks,"Seattle, WA, United States",https://www.speedtest.net/result/c/90c93a36-5b39-43e4-bf3b-a5b17900f605
2026-03-25T06:52:31.567372,tmobile,eth1,268.35,29.83,23.18,4.55,Accretive Networks,"Seattle, WA, United States",https://www.speedtest.net/result/c/e5711858-7050-4f80-8c87-51bab4714001
2026-03-25T07:07:30.602865,tmobile,eth1,250.17,15.1,20.18,1.75,fdcservers.net,"Seattle, WA, United States",https://www.speedtest.net/result/c/6be17b86-287b-4624-b557-5a138ae48e5d
2026-03-25T07:22:28.487962,tmobile,eth1,351.41,37.16,26.28,8.75,fdcservers.net,"Seattle, WA, United States",https://www.speedtest.net/result/c/5887b976-ecae-432e-948d-b3e70e2a6f87
2026-03-25T07:37:32.342202,tmobile,eth1,218.9,89.43,19.98,0.07,fdcservers.net,"Seattle, WA, United States",https://www.speedtest.net/result/c/a5188fdc-57b2-4e1d-928e-1fab97adbb89
2026-03-25T07:52:34.352985,tmobile,eth1,289.08,33.34,40.07,0.41,fdcservers.net,"Seattle, WA, United States",https://www.speedtest.net/result/c/88437672-d0d2-4a34-8ccb-1551a9c5a1ce
2026-03-25T08:07:25.416940,tmobile,eth1,336.21,37.38,22.18,6.24,Accretive Networks,"Seattle, WA, United States",https://www.speedtest.net/result/c/fef75486-a757-4c01-a41e-ae83318de2ad
2026-03-25T08:22:29.059762,tmobile,eth1,323.86,32.39,19.92,1.17,Accretive Networks,"Seattle, WA, United States",https://www.speedtest.net/result/c/c0f57c1f-745d-4340-9ddb-660853a706c6
2026-03-25T08:37:35.681961,tmobile,eth1,247.22,42.71,23.87,5.07,Accretive Networks,"Seattle, WA, United States",https://www.speedtest.net/result/c/af37f1b9-5ad2-40c1-8ec4-889a65f8a876
2026-03-25T08:52:38.852413,tmobile,eth1,316.9,31.11,23.87,4.03,Accretive Networks,"Seattle, WA, United States",https://www.speedtest.net/result/c/674421f9-302d-4cbe-9532-0d49897206f4
2026-03-25T09:07:36.648387,tmobile,eth1,323.38,42.33,20.37,2.46,Accretive Networks,"Seattle, WA, United States",https://www.speedtest.net/result/c/797cb8c4-e9c0-4740-a297-6eaba2f406a2
2026-03-25T09:22:33.062542,tmobile,eth1,161.35,8.11,21.54,4.64,Accretive Networks,"Seattle, WA, United States",https://www.speedtest.net/result/c/74698e66-0e75-483d-813a-383cafd96c84
2026-03-25T09:37:32.097715,tmobile,eth1,215.11,51.23,19.97,0.41,Accretive Networks,"Seattle, WA, United States",https://www.speedtest.net/result/c/bf88d86a-b786-4bad-8b98-ef0b6f3ab718
2026-03-25T09:52:39.891811,tmobile,eth1,167.93,47.62,21.55,6.55,fdcservers.net,"Seattle, WA, United States",https://www.speedtest.net/result/c/e1550e39-eeda-4618-b510-9c7b04822004
2026-03-25T10:07:40.702060,tmobile,eth1,290.28,40.64,19.85,1.55,Accretive Networks,"Seattle, WA, United States",https://www.speedtest.net/result/c/211c9d5a-2b57-4742-9887-c240e314163c
2026-03-25T10:22:40.918442,tmobile,eth1,326.59,42.34,26.61,2.49,Accretive Networks,"Seattle, WA, United States",https://www.speedtest.net/result/c/75fbf912-8122-4150-89b2-fc2c1eb4a3fd
2026-03-25T10:37:29.070980,tmobile,eth1,138.57,54.77,27.8,8.74,fdcservers.net,"Seattle, WA, United States",https://www.speedtest.net/result/c/c1c1da7f-c66e-4878-9021-822cf4f163b1
2026-03-25T10:52:29.621074,tmobile,eth1,218.04,41.64,28.39,3.63,Accretive Networks,"Seattle, WA, United States",https://www.speedtest.net/result/c/d146279a-c9d4-4e92-a040-6a19d2384298
2026-03-25T11:07:30.088346,tmobile,eth1,198.63,35.53,20.35,0.65,Accretive Networks,"Seattle, WA, United States",https://www.speedtest.net/result/c/0778030b-5555-4557-9ad2-93f133054d29
2026-03-25T11:22:28.415377,tmobile,eth1,245.07,42.45,19.93,0.83,Accretive Networks,"Seattle, WA, United States",https://www.speedtest.net/result/c/765cc7e7-cea5-482d-8a1c-3e5759265168
2026-03-25T11:37:32.482208,tmobile,eth1,253.8,33.74,20.36,1.56,Accretive Networks,"Seattle, WA, United States",https://www.speedtest.net/result/c/0eb0c45a-3a4a-4e74-a69e-ddc6d03c596f
2026-03-25T11:52:28.335330,tmobile,eth1,281.61,27.89,20.06,0.77,Accretive Networks,"Seattle, WA, United States",https://www.speedtest.net/result/c/aa3d9f32-5875-4cde-9051-123f4b3e1c22
2026-03-25T12:07:30.865426,tmobile,eth1,198.78,38.38,26.5,6.11,Accretive Networks,"Seattle, WA, United States",https://www.speedtest.net/result/c/a84475b1-3d70-4fb3-82dc-189eb3f75743
2026-03-25T12:22:31.651860,tmobile,eth1,231.63,25.88,20.05,0.41,Accretive Networks,"Seattle, WA, United States",https://www.speedtest.net/result/c/7fc3e65f-88c1-4052-99c6-64b1d299f9ca
2026-03-25T12:37:36.071259,tmobile,eth1,262.78,23.17,38.48,6.2,fdcservers.net,"Seattle, WA, United States",https://www.speedtest.net/result/c/40e35d19-4414-46a3-bd06-1c0e5a7942d4
2026-03-25T12:52:33.229533,tmobile,eth1,159.74,40.09,35.23,11.74,fdcservers.net,"Seattle, WA, United States",https://www.speedtest.net/result/c/e2abe4a4-7105-4ac6-96eb-b2a2822b4eac
2026-03-25T13:07:30.826424,tmobile,eth1,188.4,20.49,25.12,4.1,Accretive Networks,"Seattle, WA, United States",https://www.speedtest.net/result/c/f325ff6f-9488-4a64-abb5-8f7a7645c6e1
2026-03-25T13:22:37.042167,tmobile,eth1,145.76,19.83,20.36,4.05,Accretive Networks,"Seattle, WA, United States",https://www.speedtest.net/result/c/7ef6110a-d24d-4322-bb8f-a3063889690b
2026-03-25T13:37:36.735669,tmobile,eth1,151.8,22.64,33.27,11.45,fdcservers.net,"Seattle, WA, United States",https://www.speedtest.net/result/c/1bad8e36-67c2-47b1-99b3-2c5d2c2f98fc
2026-03-25T13:52:34.317381,tmobile,eth1,223.52,22.13,24.13,4.28,Accretive Networks,"Seattle, WA, United States",https://www.speedtest.net/result/c/88580fce-a93d-4500-b8b7-f2c3f4cb1b36
2026-03-25T14:07:36.267513,tmobile,eth1,146.21,7.58,27.42,4.62,Accretive Networks,"Seattle, WA, United States",https://www.speedtest.net/result/c/392a50e7-e324-4ba1-9086-e84a203fd0d6
2026-03-25T14:22:35.631948,tmobile,eth1,221.48,21.27,20.37,3.76,Accretive Networks,"Seattle, WA, United States",https://www.speedtest.net/result/c/c2f62ef9-e001-4f4d-8b77-b5740102812d
2026-03-25T14:37:33.883735,tmobile,eth1,300.4,20.98,20.33,3.64,fdcservers.net,"Seattle, WA, United States",https://www.speedtest.net/result/c/02c133cf-c7d7-49ae-9d57-2ce6b6f36740
2026-03-25T14:52:42.705378,tmobile,eth1,133.4,18.67,29.1,18.57,Accretive Networks,"Seattle, WA, United States",https://www.speedtest.net/result/c/7d66b8b4-32da-444a-815a-39a2cd554b3c
2026-03-25T15:07:41.560649,tmobile,eth1,272.15,46.51,32.97,15.43,fdcservers.net,"Seattle, WA, United States",https://www.speedtest.net/result/c/88527167-44b5-4f07-8282-5fe2c075badf
2026-03-25T15:22:24.854062,tmobile,eth1,205.13,39.81,19.97,5.22,Accretive Networks,"Seattle, WA, United States",https://www.speedtest.net/result/c/266e16b8-08de-4d0a-b6f1-c10af73e70a0
2026-03-25T15:37:36.487239,tmobile,eth1,272.32,22.77,24.2,7.33,Accretive Networks,"Seattle, WA, United States",https://www.speedtest.net/result/c/0c1a733b-c19d-475a-9ca6-2d7f0b54b881
2026-03-25T15:52:32.331413,tmobile,eth1,232.16,24.0,19.56,3.09,Accretive Networks,"Seattle, WA, United States",https://www.speedtest.net/result/c/f8b80ed5-c605-4f5c-9d6d-6842f8d0bf9c
2026-03-25T16:07:30.181248,tmobile,eth1,224.47,55.85,31.75,9.36,Accretive Networks,"Seattle, WA, United States",https://www.speedtest.net/result/c/1d8e42dc-619c-4401-b766-f817dc3975b8
2026-03-25T16:22:37.215426,tmobile,eth1,200.24,45.11,37.96,3.17,EZEE Fiber,"Seattle, WA, United States",https://www.speedtest.net/result/c/f17b1b6d-aaa5-4ee6-9fb2-fc76e664e241
2026-03-25T16:37:39.627268,tmobile,eth1,219.89,44.95,32.29,6.61,Sangoma,"Seattle, WA, United States",https://www.speedtest.net/result/c/8cf6fc51-a557-4e7a-b8b1-fa16a542264f
2026-03-25T16:52:25.539573,tmobile,eth1,196.35,44.21,23.49,8.8,Accretive Networks,"Seattle, WA, United States",https://www.speedtest.net/result/c/cfca4c3d-e499-4bbc-8b36-aba7c4df064e
2026-03-25T17:07:30.425644,tmobile,eth1,206.98,47.42,19.61,2.68,Accretive Networks,"Seattle, WA, United States",https://www.speedtest.net/result/c/91f95187-c8b2-45d4-a42b-3c789d37c381
2026-03-25T17:22:27.028654,tmobile,eth1,197.79,46.0,20.49,7.0,Accretive Networks,"Seattle, WA, United States",https://www.speedtest.net/result/c/2b6b8950-016f-48e6-a0db-1d263caaa488
2026-03-25T17:37:35.452919,tmobile,eth1,251.18,41.32,25.05,7.71,Accretive Networks,"Seattle, WA, United States",https://www.speedtest.net/result/c/58b196f3-3df4-4341-99f0-d73859dc0fce
2026-03-25T17:52:41.226731,tmobile,eth1,184.53,17.75,31.24,9.24,Accretive Networks,"Seattle, WA, United States",https://www.speedtest.net/result/c/6f95a82d-e4a3-4eb5-94ab-eefe3c182c31
2026-03-25T18:07:39.217303,tmobile,eth1,243.25,47.86,19.97,0.61,Accretive Networks,"Seattle, WA, United States",https://www.speedtest.net/result/c/b0e24ea2-48b6-42bd-af6c-e64149eaf69a
2026-03-25T18:22:32.874908,tmobile,eth1,251.48,37.98,26.55,6.94,Accretive Networks,"Seattle, WA, United States",https://www.speedtest.net/result/c/9e93de50-660c-4d60-a1f0-855244d24fc2
2026-03-25T18:37:35.187269,tmobile,eth1,186.35,34.71,21.54,7.7,Accretive Networks,"Seattle, WA, United States",https://www.speedtest.net/result/c/ff55325e-8c66-4e5d-9ca4-e33c93fb8122
2026-03-25T18:52:33.122222,tmobile,eth1,268.12,79.91,23.39,9.03,Accretive Networks,"Seattle, WA, United States",https://www.speedtest.net/result/c/951bf300-9d66-4764-a433-27fdff821114
2026-03-25T19:07:30.836917,tmobile,eth1,222.23,38.61,19.97,0.26,Accretive Networks,"Seattle, WA, United States",https://www.speedtest.net/result/c/28424327-1226-4384-9b11-25682c132708
2026-03-25T19:22:29.390689,tmobile,eth1,241.58,38.53,38.36,6.39,Accretive Networks,"Seattle, WA, United States",https://www.speedtest.net/result/c/7d9ffd48-0982-483a-a704-c22057e19369
2026-03-25T19:37:29.544730,tmobile,eth1,223.31,36.08,20.29,1.18,Accretive Networks,"Seattle, WA, United States",https://www.speedtest.net/result/c/fbe1593e-35de-426a-8d71-f71c4d2c48e4
2026-03-25T19:52:34.434805,tmobile,eth1,231.67,16.99,20.35,9.86,Accretive Networks,"Seattle, WA, United States",https://www.speedtest.net/result/c/b275d314-c430-4d4b-8f6b-c19dd3c4df12
2026-03-25T20:07:35.161545,tmobile,eth1,203.32,12.43,25.24,13.71,Accretive Networks,"Seattle, WA, United States",https://www.speedtest.net/result/c/4654408d-ac81-4286-956d-aeb17dcab173
2026-03-25T20:22:36.883708,tmobile,eth1,103.62,8.51,23.46,9.81,Accretive Networks,"Seattle, WA, United States",https://www.speedtest.net/result/c/8b6d0032-4000-448d-9378-c96dc8f4fe36
2026-03-25T20:37:41.160898,tmobile,eth1,132.77,16.84,27.09,6.64,Accretive Networks,"Seattle, WA, United States",https://www.speedtest.net/result/c/00a07a12-7ccc-4931-8cf0-4ef162e9e3ce
2026-03-25T20:52:38.065320,tmobile,eth1,142.23,19.38,39.97,0.13,Accretive Networks,"Seattle, WA, United States",https://www.speedtest.net/result/c/361bf13a-7fe7-4d75-a184-23f021a07fd1
2026-03-25T21:07:32.594899,tmobile,eth1,123.07,23.72,21.6,7.93,Accretive Networks,"Seattle, WA, United States",https://www.speedtest.net/result/c/aa57f82a-a937-4358-ae0a-f4480ce212bb
2026-03-25T21:22:38.523046,tmobile,eth1,123.42,23.9,32.28,6.05,Accretive Networks,"Seattle, WA, United States",https://www.speedtest.net/result/c/cf8e50f2-38ce-4082-8e02-542fa4e88490
2026-03-25T21:37:26.225753,tmobile,eth1,114.98,4.8,24.1,3.74,Accretive Networks,"Seattle, WA, United States",https://www.speedtest.net/result/c/bf509126-9f5e-4300-8166-b877fbddd45f
2026-03-25T21:52:35.566788,tmobile,eth1,221.5,36.44,25.6,3.73,fdcservers.net,"Seattle, WA, United States",https://www.speedtest.net/result/c/b0fa1e77-36bb-42de-a98e-0bd95c36f76d
2026-03-25T22:07:37.646813,tmobile,eth1,89.53,3.07,24.0,4.99,Accretive Networks,"Seattle, WA, United States",https://www.speedtest.net/result/c/47aabf69-49f3-4f94-8069-66cce275df56
2026-03-25T22:22:42.491436,tmobile,eth1,191.11,14.73,34.7,10.52,Accretive Networks,"Seattle, WA, United States",https://www.speedtest.net/result/c/2c3b1fe1-7a3d-4338-bbd3-abdc0953e2b2
2026-03-25T22:37:42.266819,tmobile,eth1,162.75,24.99,29.74,7.08,Ziply Fiber,"Seattle, WA, United States",https://www.speedtest.net/result/c/de6e943b-d2ea-4029-9e5a-451e62127e55
2026-03-25T22:52:45.825834,tmobile,eth1,269.87,32.02,30.02,2.67,fdcservers.net,"Seattle, WA, United States",https://www.speedtest.net/result/c/c8950610-b26c-4075-b5e1-d3a7a384f4aa
2026-03-25T23:07:34.338705,tmobile,eth1,220.68,25.75,39.73,10.6,Accretive Networks,"Seattle, WA, United States",https://www.speedtest.net/result/c/4d3e06ae-0bc0-465a-8663-626270eae89e
2026-03-25T23:22:26.190017,tmobile,eth1,213.27,43.89,28.09,7.9,Accretive Networks,"Seattle, WA, United States",https://www.speedtest.net/result/c/af7c16e4-6356-4e2b-88f4-41e754e07dc1
2026-03-25T23:37:31.085154,tmobile,eth1,144.27,29.09,19.99,0.78,Accretive Networks,"Seattle, WA, United States",https://www.speedtest.net/result/c/d310b1f4-a600-4ef6-aa8a-fcd8dd83b98e
2026-03-25T23:52:30.873009,tmobile,eth1,262.33,41.77,21.18,6.37,Accretive Networks,"Seattle, WA, United States",https://www.speedtest.net/result/c/16d0bd45-f905-4dd6-9547-d6f198581921
2026-03-26T00:07:33.106572,tmobile,eth1,255.12,37.65,19.79,1.58,Accretive Networks,"Seattle, WA, United States",https://www.speedtest.net/result/c/d5dd0c20-eb43-464c-b1d9-701a46ae20af
2026-03-26T00:22:34.554763,tmobile,eth1,324.28,31.62,21.98,5.93,Accretive Networks,"Seattle, WA, United States",https://www.speedtest.net/result/c/070fa15a-0366-4d76-b86e-0af04e031031
2026-03-26T00:37:24.141714,tmobile,eth1,305.65,89.39,26.68,14.06,Accretive Networks,"Seattle, WA, United States",https://www.speedtest.net/result/c/39bf466b-b84d-4957-9a37-70dc391fd9a4
2026-03-26T00:52:39.867861,tmobile,eth1,131.08,31.48,39.96,0.12,fdcservers.net,"Seattle, WA, United States",https://www.speedtest.net/result/c/c15eee43-404b-4025-b19d-d698a957aa62
2026-03-26T01:07:30.632733,tmobile,eth1,315.32,24.37,20.44,4.32,fdcservers.net,"Seattle, WA, United States",https://www.speedtest.net/result/c/08a6e251-5003-4b44-b26a-05dba4c3f16f
2026-03-26T01:22:24.474521,tmobile,eth1,300.42,106.26,21.67,4.58,Accretive Networks,"Seattle, WA, United States",https://www.speedtest.net/result/c/c8416c2d-057d-47ea-9ea8-1d403c04e31e
2026-03-26T01:37:37.789990,tmobile,eth1,241.57,4.95,28.82,11.56,Accretive Networks,"Seattle, WA, United States",https://www.speedtest.net/result/c/1196391f-8760-4284-8423-e434cf26a5ed
2026-03-26T01:52:41.614718,tmobile,eth1,235.37,26.03,26.53,10.1,Accretive Networks,"Seattle, WA, United States",https://www.speedtest.net/result/c/7eb897a8-0013-4c5f-8edf-b3b5b10ccec1
2026-03-26T02:07:33.148132,tmobile,eth1,256.81,28.41,23.32,5.78,Accretive Networks,"Seattle, WA, United States",https://www.speedtest.net/result/c/c053e8e7-3281-47a8-970b-5ef028696764
2026-03-26T02:22:36.907723,tmobile,eth1,269.3,30.15,20.07,1.27,Accretive Networks,"Seattle, WA, United States",https://www.speedtest.net/result/c/1ba783ce-2382-44bd-8686-cea508faa087
2026-03-26T02:37:27.912877,tmobile,eth1,297.8,33.9,23.92,5.01,Accretive Networks,"Seattle, WA, United States",https://www.speedtest.net/result/c/e2adf8b1-6bc9-4bb1-970a-6fa42409f0fb
2026-03-26T02:52:27.554995,tmobile,eth1,301.97,16.72,23.66,4.9,Accretive Networks,"Seattle, WA, United States",https://www.speedtest.net/result/c/debb6aee-d7b1-4135-872c-385d39bad312
2026-03-26T03:07:29.206456,tmobile,eth1,278.55,16.71,25.7,5.53,Accretive Networks,"Seattle, WA, United States",https://www.speedtest.net/result/c/0d6a40d3-5548-4fa2-b96c-8e4aca87692f
2026-03-26T03:22:35.260733,tmobile,eth1,295.1,34.13,21.73,4.1,Accretive Networks,"Seattle, WA, United States",https://www.speedtest.net/result/c/dcf48d8f-85fa-4cbe-99eb-f2a78b6fe76d
2026-03-26T03:37:31.625601,tmobile,eth1,269.18,35.65,20.4,1.95,Accretive Networks,"Seattle, WA, United States",https://www.speedtest.net/result/c/b9e155a9-119f-45c1-8bd6-6485737a7c4b
2026-03-26T03:52:38.051958,tmobile,eth1,349.25,40.04,19.95,0.14,Accretive Networks,"Seattle, WA, United States",https://www.speedtest.net/result/c/86d4d3bd-0637-4e23-8bee-f02dece02100
2026-03-26T04:07:36.487301,tmobile,eth1,299.69,44.92,28.29,6.49,Accretive Networks,"Seattle, WA, United States",https://www.speedtest.net/result/c/cd779e5b-27d6-41ed-8a97-75fcc9839806
2026-03-26T04:22:30.144223,tmobile,eth1,302.46,47.13,22.18,5.42,Accretive Networks,"Seattle, WA, United States",https://www.speedtest.net/result/c/a06da7e7-5210-47e1-9266-fb75f3af2ff2
2026-03-26T04:37:29.579919,tmobile,eth1,346.58,42.06,21.68,6.45,Accretive Networks,"Seattle, WA, United States",https://www.speedtest.net/result/c/490d4da6-4e4f-4255-a03c-c23c89958bd4
2026-03-26T04:52:35.394615,tmobile,eth1,328.37,109.97,39.72,5.03,Accretive Networks,"Seattle, WA, United States",https://www.speedtest.net/result/c/400ea15e-8e96-4529-b8d6-d787cbbb5cb7
2026-03-26T05:07:24.925679,tmobile,eth1,256.84,43.18,39.84,1.78,Accretive Networks,"Seattle, WA, United States",https://www.speedtest.net/result/c/94e11a23-0380-4fb9-a7e4-48873b52973b
2026-03-26T05:22:36.956108,tmobile,eth1,317.86,41.82,28.39,12.16,Accretive Networks,"Seattle, WA, United States",https://www.speedtest.net/result/c/45a30579-a531-4303-b98e-f9ca94fe2f44
2026-03-26T05:37:26.011645,tmobile,eth1,271.39,48.04,26.35,3.45,Accretive Networks,"Seattle, WA, United States",https://www.speedtest.net/result/c/6ab90815-02ce-4c4e-82ce-6c0196ef3cde
2026-03-26T05:52:36.150636,tmobile,eth1,278.95,44.1,29.78,3.92,fdcservers.net,"Seattle, WA, United States",https://www.speedtest.net/result/c/01513ddb-973d-4802-af30-457e5e703b43
2026-03-26T06:07:40.489069,tmobile,eth1,259.03,34.15,20.13,0.73,Accretive Networks,"Seattle, WA, United States",https://www.speedtest.net/result/c/5b06c4ee-96b4-4ef4-aace-7d202e313cf5
2026-03-26T06:22:38.379622,tmobile,eth1,316.92,35.87,21.64,3.4,Accretive Networks,"Seattle, WA, United States",https://www.speedtest.net/result/c/9b820538-d7ae-4bfa-a35f-f609e61effd0
2026-03-26T06:37:33.170890,tmobile,eth1,278.0,31.82,19.76,0.98,Accretive Networks,"Seattle, WA, United States",https://www.speedtest.net/result/c/c3b32b7e-b2ec-45d3-a7c7-9454c5b9eef5
2026-03-26T06:52:32.298950,tmobile,eth1,238.42,38.2,20.01,0.87,Accretive Networks,"Seattle, WA, United States",https://www.speedtest.net/result/c/30291b47-4df5-4e1e-aeb2-7d93c6dd3788
2026-03-26T07:07:37.332359,tmobile,eth1,272.18,92.39,33.23,3.4,GSL Networks,"Seattle, WA, United States",https://www.speedtest.net/result/c/d9a1d670-e81e-4af2-8d74-b088f1837e52
2026-03-26T07:22:43.546324,tmobile,eth1,302.66,32.37,40.02,0.64,EZEE Fiber,"Seattle, WA, United States",https://www.speedtest.net/result/c/6f7020ce-a380-4ebf-8dca-c7a523956f0c
2026-03-26T07:37:29.760484,tmobile,eth1,264.1,33.93,30.44,9.08,Astound Broadband,"Seattle, WA, United States",https://www.speedtest.net/result/c/d833a035-4367-4ecd-a957-e0d3cd3fbced
2026-03-26T07:52:45.591123,tmobile,eth1,243.04,23.62,19.95,0.96,Accretive Networks,"Seattle, WA, United States",https://www.speedtest.net/result/c/34e272ca-c3ba-4c18-943b-8389114ac662
2026-03-26T08:07:36.885569,tmobile,eth1,235.03,29.97,20.62,1.94,Accretive Networks,"Seattle, WA, United States",https://www.speedtest.net/result/c/5a6294e1-6f1d-416c-820b-846f3c0d07e9
2026-03-26T08:22:39.641160,tmobile,eth1,216.64,77.4,20.08,0.13,fdcservers.net,"Seattle, WA, United States",https://www.speedtest.net/result/c/ca41fd9a-ad40-4ae1-b98e-3359bd6f0acf
2026-03-26T08:37:36.153824,tmobile,eth1,254.22,33.22,25.75,3.35,Accretive Networks,"Seattle, WA, United States",https://www.speedtest.net/result/c/28435428-c90f-44ce-b7ee-16b8e4afee75
2026-03-26T08:52:33.106829,tmobile,eth1,167.28,44.87,37.29,5.08,Astound Broadband,"Seattle, WA, United States",https://www.speedtest.net/result/c/1cb4afe4-e073-43e7-b525-63c79c7de15d
2026-03-26T09:07:30.416018,tmobile,eth1,229.73,72.67,27.75,5.44,fdcservers.net,"Seattle, WA, United States",https://www.speedtest.net/result/c/cd2ca5ae-b557-4577-b7f7-f6f7b1eca400
2026-03-26T09:22:34.932243,tmobile,eth1,244.73,81.67,40.14,2.45,fdcservers.net,"Seattle, WA, United States",https://www.speedtest.net/result/c/35aafa6c-e3e7-41e0-abf3-ce4327276b50
2026-03-26T09:37:33.457134,tmobile,eth1,250.91,38.08,29.05,8.94,Accretive Networks,"Seattle, WA, United States",https://www.speedtest.net/result/c/b4ab0df1-3ece-42a3-a865-af347ed7db75
2026-03-26T09:52:30.307451,tmobile,eth1,352.77,22.6,38.41,4.75,Accretive Networks,"Seattle, WA, United States",https://www.speedtest.net/result/c/bd2387cd-1c26-4501-b619-88a389e609cf
2026-03-26T10:07:30.426664,tmobile,eth1,241.24,82.01,36.55,5.17,fdcservers.net,"Seattle, WA, United States",https://www.speedtest.net/result/c/2c4b4884-4446-45db-bb99-cb32cc5c2aa5
2026-03-26T10:22:42.099448,tmobile,eth1,296.93,28.85,39.92,3.27,fdcservers.net,"Seattle, WA, United States",https://www.speedtest.net/result/c/84d8036d-085b-4707-9153-4c8db8e6865f
2026-03-26T10:37:40.672440,tmobile,eth1,298.04,32.27,39.66,9.48,Accretive Networks,"Seattle, WA, United States",https://www.speedtest.net/result/c/dbd572cb-ab46-439e-840e-3d95913688e0
2026-03-26T10:52:30.798847,tmobile,eth1,271.26,23.02,21.59,2.29,Accretive Networks,"Seattle, WA, United States",https://www.speedtest.net/result/c/1a6f3099-9720-429c-b1de-70899d1e2dbf
2026-03-26T11:07:45.084528,tmobile,eth1,228.26,40.52,28.92,7.06,Sangoma,"Seattle, WA, United States",https://www.speedtest.net/result/c/24aed9d8-dc41-409c-8e56-4d80e859e8dd
2026-03-26T11:22:29.884201,tmobile,eth1,205.92,50.77,19.75,3.2,Accretive Networks,"Seattle, WA, United States",https://www.speedtest.net/result/c/847afcc7-9240-48a1-86b2-b1df1ac17be8
2026-03-26T11:37:38.640022,tmobile,eth1,203.8,46.0,20.03,0.18,Accretive Networks,"Seattle, WA, United States",https://www.speedtest.net/result/c/05b1c1c8-a188-40d5-8cb1-60740f87ba91
2026-03-26T11:52:25.551268,tmobile,eth1,225.69,24.71,21.91,5.2,Accretive Networks,"Seattle, WA, United States",https://www.speedtest.net/result/c/5f299e00-5ab7-4a4b-bc16-d5fe4874d091
2026-03-26T12:07:30.580584,tmobile,eth1,151.73,39.31,19.73,1.55,Accretive Networks,"Seattle, WA, United States",https://www.speedtest.net/result/c/674e8830-1365-4fde-b7f2-cc5496e08845
2026-03-26T12:22:24.322789,tmobile,eth1,198.01,24.21,24.79,7.84,Accretive Networks,"Seattle, WA, United States",https://www.speedtest.net/result/c/2bccee48-8134-4e2e-b187-65813b4c0097
2026-03-26T12:37:27.621801,tmobile,eth1,226.85,93.85,29.37,13.27,Accretive Networks,"Seattle, WA, United States",https://www.speedtest.net/result/c/47d1774a-31b9-45d1-87f1-37adec795b83
2026-03-26T12:52:39.794939,tmobile,eth1,194.17,15.79,25.1,2.95,Accretive Networks,"Seattle, WA, United States",https://www.speedtest.net/result/c/3dc6fc49-f5ca-4fe2-828a-9c9d50fc4a75
2026-03-26T13:07:40.477111,tmobile,eth1,194.63,10.43,33.93,3.32,Accretive Networks,"Seattle, WA, United States",https://www.speedtest.net/result/c/2c31881b-12a3-4673-801a-42eba145e7db
2026-03-26T13:22:33.179939,tmobile,eth1,233.29,77.99,23.53,5.73,Accretive Networks,"Seattle, WA, United States",https://www.speedtest.net/result/c/131a8660-65b9-48f2-96c6-0637a3607b4f
2026-03-26T13:37:31.596379,tmobile,eth1,131.76,14.32,20.09,1.13,Accretive Networks,"Seattle, WA, United States",https://www.speedtest.net/result/c/5104b8a2-d713-46d7-b885-41f7875768b0
2026-03-26T13:52:40.824057,tmobile,eth1,144.1,43.45,26.68,7.98,Accretive Networks,"Seattle, WA, United States",https://www.speedtest.net/result/c/d31b48a6-6fa3-42f4-bf1f-891c3103f75c
2026-03-26T14:07:34.055890,tmobile,eth1,185.92,40.89,26.69,5.68,Accretive Networks,"Seattle, WA, United States",https://www.speedtest.net/result/c/f484b4a3-7223-46c0-aa5c-9fda9e690750
2026-03-26T14:22:29.800454,tmobile,eth1,239.76,52.55,20.16,1.54,Accretive Networks,"Seattle, WA, United States",https://www.speedtest.net/result/c/5f7b36cb-b45a-48cf-8dce-17db64b6b7f4
2026-03-26T14:37:44.150111,tmobile,eth1,251.26,49.07,28.29,4.35,fdcservers.net,"Seattle, WA, United States",https://www.speedtest.net/result/c/9b343021-cf78-4ae4-8ccc-f7017286ee84
2026-03-26T14:52:29.407894,tmobile,eth1,269.28,48.06,30.71,6.86,fdcservers.net,"Seattle, WA, United States",https://www.speedtest.net/result/c/f21ef1a0-017c-4937-93fe-2d0b08b8e75a
2026-03-26T15:07:32.075342,tmobile,eth1,262.09,84.76,19.98,0.45,Accretive Networks,"Seattle, WA, United States",https://www.speedtest.net/result/c/73c0270e-3680-471e-825d-47f49e5d5a7f
2026-03-26T15:22:27.085660,tmobile,eth1,176.8,74.72,20.18,1.05,Accretive Networks,"Seattle, WA, United States",https://www.speedtest.net/result/c/1fe0c38e-7c9f-47da-94c9-d577df67251c
2026-03-26T15:37:38.125154,tmobile,eth1,63.49,67.61,29.27,7.98,Astound Broadband,"Seattle, WA, United States",https://www.speedtest.net/result/c/f9fa28f9-5dee-4f71-a980-c72fe644147d
2026-03-26T15:52:40.700470,tmobile,eth1,235.8,21.64,40.48,2.17,fdcservers.net,"Seattle, WA, United States",https://www.speedtest.net/result/c/03ea5325-6dc8-47d2-8d90-bec49a185a8c
2026-03-26T16:07:40.287294,tmobile,eth1,227.81,17.49,19.98,0.39,Accretive Networks,"Seattle, WA, United States",https://www.speedtest.net/result/c/d455cd68-3f01-450e-bf24-7e8cba0224c7
2026-03-26T16:22:42.783497,tmobile,eth1,195.74,48.61,29.25,5.71,GSL Networks,"Seattle, WA, United States",https://www.speedtest.net/result/c/ed93013c-5b35-4ac0-9c6f-f0957d8675f8
2026-03-26T16:37:26.512050,tmobile,eth1,210.92,51.13,21.66,7.44,Accretive Networks,"Seattle, WA, United States",https://www.speedtest.net/result/c/f263256f-37db-4cf2-9829-7b2709531318
2026-03-26T16:52:35.635943,tmobile,eth1,100.53,20.9,21.52,9.4,Accretive Networks,"Seattle, WA, United States",https://www.speedtest.net/result/c/59ddf056-90e8-4ed5-9f54-c6f1ed40f806
2026-03-26T17:07:36.458856,tmobile,eth1,197.94,97.96,36.64,10.9,fdcservers.net,"Seattle, WA, United States",https://www.speedtest.net/result/c/3ce02a3e-b709-49d5-93d4-d957fc0b040c
2026-03-26T17:22:33.965015,tmobile,eth1,250.41,57.85,20.0,0.39,Accretive Networks,"Seattle, WA, United States",https://www.speedtest.net/result/c/11abdbc0-0cb0-4a63-8340-69686622d58a
2026-03-26T17:37:34.011277,tmobile,eth1,274.66,94.92,20.16,0.51,Accretive Networks,"Seattle, WA, United States",https://www.speedtest.net/result/c/d6e887bf-7628-45a5-91dc-74d66d802dde
2026-03-26T17:52:38.469567,tmobile,eth1,80.17,58.57,32.89,6.7,Astound Broadband,"Seattle, WA, United States",https://www.speedtest.net/result/c/d731c487-b677-4b38-9211-155685794832
2026-03-26T18:07:33.385550,tmobile,eth1,166.67,95.52,20.02,0.54,Accretive Networks,"Seattle, WA, United States",https://www.speedtest.net/result/c/13242f82-9903-488b-80ab-17576efb0b67
2026-03-26T18:22:30.301015,tmobile,eth1,216.45,84.0,20.06,0.65,Accretive Networks,"Seattle, WA, United States",https://www.speedtest.net/result/c/26c0e7d7-73e6-4ea6-9c8a-e8d96e4de903
2026-03-26T18:37:33.800988,tmobile,eth1,175.09,45.53,23.2,5.19,Accretive Networks,"Seattle, WA, United States",https://www.speedtest.net/result/c/66c862de-37b2-4c16-be72-f46ccfc897ac
2026-03-26T18:52:35.655577,tmobile,eth1,151.74,24.97,36.71,5.25,fdcservers.net,"Seattle, WA, United States",https://www.speedtest.net/result/c/d34ec47e-5b9d-404f-a4a4-4088b189541e
2026-03-26T19:07:35.030227,tmobile,eth1,241.17,49.37,31.29,5.19,Accretive Networks,"Seattle, WA, United States",https://www.speedtest.net/result/c/ca1f34dc-212a-4d62-a1b7-97b6521fdd6c
2026-03-26T19:22:30.725991,tmobile,eth1,180.71,48.7,25.25,2.12,GSL Networks,"Seattle, WA, United States",https://www.speedtest.net/result/c/aada76e9-e43e-4839-85e7-b66f56ad50f2
2026-03-26T19:37:32.601374,tmobile,eth1,172.92,43.28,39.83,1.47,Accretive Networks,"Seattle, WA, United States",https://www.speedtest.net/result/c/708b8a44-d43f-4c6b-9b13-372245a8e069
2026-03-26T19:52:30.869153,tmobile,eth1,170.5,44.98,21.67,2.96,Accretive Networks,"Seattle, WA, United States",https://www.speedtest.net/result/c/dca4dd74-9007-432c-8085-bbf1b80f814a
2026-03-26T20:07:44.070434,tmobile,eth1,153.88,42.13,20.31,9.45,fdcservers.net,"Seattle, WA, United States",https://www.speedtest.net/result/c/80e3f558-7257-4e99-bf59-ede16a0e1872
2026-03-26T20:22:29.108701,tmobile,eth1,136.31,48.81,22.99,7.44,fdcservers.net,"Seattle, WA, United States",https://www.speedtest.net/result/c/d4fffdfc-0f33-45f0-bf36-14492bff1db6
2026-03-26T20:37:36.379131,tmobile,eth1,174.82,79.6,25.19,9.48,Accretive Networks,"Seattle, WA, United States",https://www.speedtest.net/result/c/86afba23-688c-4e03-b6c0-8318c9301b8b
2026-03-26T20:52:26.644272,tmobile,eth1,140.15,49.23,19.9,0.17,Accretive Networks,"Seattle, WA, United States",https://www.speedtest.net/result/c/d63b069c-65e2-466a-8a02-348451e6459a
2026-03-26T21:07:26.863918,tmobile,eth1,139.05,48.29,21.68,3.61,Accretive Networks,"Seattle, WA, United States",https://www.speedtest.net/result/c/1db925bf-f81a-43d8-9244-9cf381507fae
2026-03-26T21:22:33.788714,tmobile,eth1,199.43,74.31,20.05,1.33,Accretive Networks,"Seattle, WA, United States",https://www.speedtest.net/result/c/f55c4786-ac4e-46a3-9731-094fabbb551f
2026-03-26T21:37:35.332601,tmobile,eth1,102.16,10.74,20.31,1.22,Accretive Networks,"Seattle, WA, United States",https://www.speedtest.net/result/c/8b9cbf36-0cb1-46b1-ad3f-1cd33ea6ff7a
2026-03-26T21:52:33.018490,tmobile,eth1,119.21,17.78,21.92,7.63,Accretive Networks,"Seattle, WA, United States",https://www.speedtest.net/result/c/c825d0dc-5641-44f3-910f-fbbfc18f26cc
2026-03-26T22:07:29.586722,tmobile,eth1,186.91,55.64,38.35,8.24,Accretive Networks,"Seattle, WA, United States",https://www.speedtest.net/result/c/9faf7020-d2bd-4d26-8532-1a491741153d
2026-03-26T22:22:26.184729,tmobile,eth1,205.24,46.06,19.85,0.85,Accretive Networks,"Seattle, WA, United States",https://www.speedtest.net/result/c/b2650204-e2c8-448a-830e-643eec128aaf
2026-03-26T22:37:41.111522,tmobile,eth1,203.84,24.45,22.57,4.92,fdcservers.net,"Seattle, WA, United States",https://www.speedtest.net/result/c/6f8e708d-cc3b-45d5-adb8-09fda5b7b6b0
2026-03-26T22:52:30.762098,tmobile,eth1,247.63,83.82,27.05,5.28,Accretive Networks,"Seattle, WA, United States",https://www.speedtest.net/result/c/89530e48-e4f9-475e-b5c5-4b0d4b6233af
2026-03-26T23:07:27.885387,tmobile,eth1,173.66,88.07,38.16,5.93,Accretive Networks,"Seattle, WA, United States",https://www.speedtest.net/result/c/2e9396c1-0a47-437b-ada8-ba2605a53416
2026-03-26T23:22:33.566421,tmobile,eth1,218.58,45.5,33.01,12.04,Accretive Networks,"Seattle, WA, United States",https://www.speedtest.net/result/c/88726a50-56f0-489a-90dc-a19c8db8905a
2026-03-26T23:37:39.857809,tmobile,eth1,229.28,41.48,21.68,5.17,Accretive Networks,"Seattle, WA, United States",https://www.speedtest.net/result/c/5efec249-8d4b-4369-b4ac-34accec26f9c
2026-03-26T23:52:36.070147,tmobile,eth1,229.96,98.72,37.34,5.09,Sangoma,"Seattle, WA, United States",https://www.speedtest.net/result/c/8eb9fdd9-afcc-4803-bfb8-0bdfd3aca7b5
2026-03-27T00:07:34.806177,tmobile,eth1,265.24,31.35,39.97,0.14,Ziply Fiber,"Seattle, WA, United States",https://www.speedtest.net/result/c/347a40b2-e228-4ceb-bfc1-20bec7c4b5c0
2026-03-27T00:22:29.101506,tmobile,eth1,261.62,105.09,23.96,3.18,Accretive Networks,"Seattle, WA, United States",https://www.speedtest.net/result/c/405e4cfc-5903-4959-ac45-7488046361c2
2026-03-27T00:37:37.222680,tmobile,eth1,252.83,37.89,39.93,0.23,fdcservers.net,"Seattle, WA, United States",https://www.speedtest.net/result/c/c0365b95-458f-4bee-aba1-366fafa03d36
2026-03-27T00:52:37.296360,tmobile,eth1,204.75,28.77,21.54,1.71,Accretive Networks,"Seattle, WA, United States",https://www.speedtest.net/result/c/a1b5bea3-9287-4ec7-9e34-63b758f9999a
2026-03-27T01:07:30.752918,tmobile,eth1,248.1,43.83,30.69,4.78,GigabitNow,"Seattle, WA, United States",https://www.speedtest.net/result/c/87b8ab21-07d9-45c4-98da-df3914843d2f
2026-03-27T01:22:35.250364,tmobile,eth1,204.35,38.68,32.37,9.2,Accretive Networks,"Seattle, WA, United States",https://www.speedtest.net/result/c/7ef169ae-c555-4d1c-a782-62ea379f3612
2026-03-27T01:37:35.245716,tmobile,eth1,248.99,43.99,36.65,5.7,Accretive Networks,"Seattle, WA, United States",https://www.speedtest.net/result/c/9672d48b-28c1-4bfb-8bb9-f507a206686c
2026-03-27T01:52:36.671681,tmobile,eth1,265.11,44.16,19.99,0.86,Accretive Networks,"Seattle, WA, United States",https://www.speedtest.net/result/c/5820e39f-3a90-4732-8529-041f359dd9f5
2026-03-27T02:07:31.366769,tmobile,eth1,270.01,47.82,38.13,8.08,GigabitNow,"Seattle, WA, United States",https://www.speedtest.net/result/c/664c43ca-8a73-4c5d-9adf-650e212ce593
2026-03-27T02:22:35.659418,tmobile,eth1,262.74,49.81,33.4,6.72,Ziply Fiber,"Seattle, WA, United States",https://www.speedtest.net/result/c/610b4e22-337a-481c-8054-38d6fcffcf62
2026-03-27T02:37:35.046746,tmobile,eth1,326.15,98.76,19.93,0.17,fdcservers.net,"Seattle, WA, United States",https://www.speedtest.net/result/c/22f39675-8009-4e32-b472-d4878cc7754b
2026-03-27T02:52:38.080885,tmobile,eth1,274.26,51.89,26.67,11.26,Accretive Networks,"Seattle, WA, United States",https://www.speedtest.net/result/c/8dbbd13d-874a-4a77-a5f2-2eb316a39c49
2026-03-27T03:07:29.260278,tmobile,eth1,236.01,107.86,30.64,2.72,fdcservers.net,"Seattle, WA, United States",https://www.speedtest.net/result/c/370e13ae-5e8a-4f19-a1b3-ac3edfa4ff92
2026-03-27T03:22:37.084736,tmobile,eth1,287.33,45.03,21.66,5.66,Accretive Networks,"Seattle, WA, United States",https://www.speedtest.net/result/c/58a6cc65-e65f-48ce-889b-bd3a3e273baa
2026-03-27T03:37:34.925501,tmobile,eth1,259.91,34.98,20.02,0.09,Accretive Networks,"Seattle, WA, United States",https://www.speedtest.net/result/c/e877c894-b833-4331-84ec-38537f6c1f12
2026-03-27T03:52:33.121553,tmobile,eth1,283.52,55.04,32.13,7.55,fdcservers.net,"Seattle, WA, United States",https://www.speedtest.net/result/c/e51013ee-8032-4be5-9941-272ead72a68a
2026-03-27T04:07:29.290679,tmobile,eth1,270.93,54.21,21.7,3.97,Accretive Networks,"Seattle, WA, United States",https://www.speedtest.net/result/c/d56c03f0-1bb4-4891-8380-f626c9a4b034
2026-03-27T04:22:37.126858,tmobile,eth1,167.42,35.72,27.31,5.6,Accretive Networks,"Seattle, WA, United States",https://www.speedtest.net/result/c/13fa64c3-e62f-421e-bb37-c607005be94f
2026-03-27T04:37:41.807274,tmobile,eth1,281.12,27.64,25.0,7.58,Accretive Networks,"Seattle, WA, United States",https://www.speedtest.net/result/c/a39ca2af-e048-4125-a045-ce0da1c68b0c
2026-03-27T04:52:36.154341,tmobile,eth1,271.61,41.99,21.71,6.28,Accretive Networks,"Seattle, WA, United States",https://www.speedtest.net/result/c/ec092429-2aff-4177-a3a1-aa037f84ccbd
2026-03-27T05:07:34.001634,tmobile,eth1,360.16,47.37,22.23,4.31,Accretive Networks,"Seattle, WA, United States",https://www.speedtest.net/result/c/4cc2fe1f-43ba-4917-9288-fa07f99e7a66
2026-03-27T05:22:30.165605,tmobile,eth1,429.95,45.32,25.91,11.34,fdcservers.net,"Seattle, WA, United States",https://www.speedtest.net/result/c/ed53158e-9db0-4b07-ad82-56fc0770408e
2026-03-27T05:37:36.211885,tmobile,eth1,387.43,42.17,26.86,6.07,Accretive Networks,"Seattle, WA, United States",https://www.speedtest.net/result/c/0759ba4f-22d3-4cf0-b1c0-57413569c59c
2026-03-27T05:52:29.727708,tmobile,eth1,251.65,51.56,20.39,4.19,Accretive Networks,"Seattle, WA, United States",https://www.speedtest.net/result/c/7cc7d0c7-39cc-4226-8187-f4952b7ba918
2026-03-27T06:07:31.436645,tmobile,eth1,301.67,37.6,23.33,5.13,Accretive Networks,"Seattle, WA, United States",https://www.speedtest.net/result/c/58153e8d-6243-4763-aec2-9d0d9893b508
2026-03-27T06:22:40.186700,tmobile,eth1,278.28,49.74,26.18,7.11,fdcservers.net,"Seattle, WA, United States",https://www.speedtest.net/result/c/32f2672a-823f-4d8c-b8a2-54f05620b992
2026-03-27T06:37:26.277674,tmobile,eth1,274.42,103.76,20.13,1.41,Accretive Networks,"Seattle, WA, United States",https://www.speedtest.net/result/c/bdc999b9-096e-4865-a200-5d5b0a75cc87
2026-03-27T06:52:41.459827,tmobile,eth1,306.29,27.93,20.92,4.33,Accretive Networks,"Seattle, WA, United States",https://www.speedtest.net/result/c/69d41fbd-39ee-41b6-9248-639fed148b42
2026-03-27T07:07:33.811576,tmobile,eth1,351.86,32.51,20.0,1.17,Accretive Networks,"Seattle, WA, United States",https://www.speedtest.net/result/c/cf8e8b6f-422e-4cb9-9fdc-38b6f0929a97
2026-03-27T07:22:32.619357,tmobile,eth1,242.21,44.14,23.44,4.86,Accretive Networks,"Seattle, WA, United States",https://www.speedtest.net/result/c/4c19c415-5bc5-476d-9bf5-9fb1c53f9f0a
2026-03-27T07:37:36.731658,tmobile,eth1,304.59,28.83,40.13,1.72,Accretive Networks,"Seattle, WA, United States",https://www.speedtest.net/result/c/5b194594-cdb7-4d76-adf4-9371f2f2c2be
2026-03-27T07:52:35.272045,tmobile,eth1,213.5,44.18,25.02,5.68,Accretive Networks,"Seattle, WA, United States",https://www.speedtest.net/result/c/7b0eddf4-4d2f-4c0d-a1c0-73cfe620c065
2026-03-27T08:07:34.050130,tmobile,eth1,265.53,28.9,32.79,8.71,fdcservers.net,"Seattle, WA, United States",https://www.speedtest.net/result/c/ead3d2d6-e208-4325-ab7a-5c326f186748
2026-03-27T08:22:29.640945,tmobile,eth1,274.87,22.91,20.04,2.8,Accretive Networks,"Seattle, WA, United States",https://www.speedtest.net/result/c/fde00460-57b6-440d-aad5-f51f42d611ca
2026-03-27T08:37:35.334684,tmobile,eth1,227.83,48.88,34.05,9.86,Accretive Networks,"Seattle, WA, United States",https://www.speedtest.net/result/c/8f126064-d2fb-466c-a778-3207bce19f49
2026-03-27T08:52:44.272267,tmobile,eth1,250.08,22.98,19.98,3.89,fdcservers.net,"Seattle, WA, United States",https://www.speedtest.net/result/c/283c01e9-1cc5-4446-9a7d-6d512d1efb25
2026-03-27T09:07:40.890796,tmobile,eth1,255.82,28.13,21.03,4.88,Accretive Networks,"Seattle, WA, United States",https://www.speedtest.net/result/c/d6bc2496-3bba-4556-9e4a-87488aaf3d14
2026-03-27T09:22:34.787137,tmobile,eth1,255.62,52.98,24.77,4.09,Accretive Networks,"Seattle, WA, United States",https://www.speedtest.net/result/c/e318d2e7-11c8-41a4-bf2e-9ed8702ced02
2026-03-27T09:37:43.387240,tmobile,eth1,218.33,22.05,32.78,3.69,fdcservers.net,"Seattle, WA, United States",https://www.speedtest.net/result/c/da6c12ce-95af-4e13-9c8c-2e44ba5348cc
2026-03-27T09:52:30.982178,tmobile,eth1,219.72,42.06,21.2,2.37,Accretive Networks,"Seattle, WA, United States",https://www.speedtest.net/result/c/99aed579-8ccb-4a55-9251-caaad763b5e4
2026-03-27T10:07:28.678079,tmobile,eth1,190.29,42.72,19.73,0.72,Accretive Networks,"Seattle, WA, United States",https://www.speedtest.net/result/c/f56474f2-6b3d-432d-9832-11ddbd17a9c8
2026-03-27T10:22:29.374891,tmobile,eth1,217.01,94.5,21.6,3.46,Accretive Networks,"Seattle, WA, United States",https://www.speedtest.net/result/c/7054422c-1cee-42d9-a1cc-2656909df1af
2026-03-27T10:37:36.119837,tmobile,eth1,262.01,27.71,34.72,7.2,fdcservers.net,"Seattle, WA, United States",https://www.speedtest.net/result/c/66ffa530-4b4f-4f43-9177-415a1654211d
2026-03-27T10:52:35.527712,tmobile,eth1,144.33,37.89,29.89,3.92,Ziply Fiber,"Seattle, WA, United States",https://www.speedtest.net/result/c/60826508-fba8-400e-9e94-8fccea4be892
2026-03-27T11:07:33.120336,tmobile,eth1,179.95,43.53,19.95,0.21,Accretive Networks,"Seattle, WA, United States",https://www.speedtest.net/result/c/68e84435-3ac3-4222-8446-8f27ea22097b
2026-03-27T11:22:34.704445,tmobile,eth1,244.38,84.13,40.32,0.87,fdcservers.net,"Seattle, WA, United States",https://www.speedtest.net/result/c/02ac346c-a60c-4938-9298-8a8523532114
2026-03-27T11:37:43.799640,tmobile,eth1,172.79,38.5,30.04,1.01,Ziply Fiber,"Seattle, WA, United States",https://www.speedtest.net/result/c/eb8e6abf-f60d-4b19-8ff6-7a57910cd0f3
2026-03-27T11:52:34.923980,tmobile,eth1,193.22,43.34,32.56,10.17,Sangoma,"Seattle, WA, United States",https://www.speedtest.net/result/c/93eaa8ec-90e9-4ab6-a4b9-29efdf511ec1
2026-03-27T12:07:38.667492,tmobile,eth1,242.33,26.24,40.12,0.71,fdcservers.net,"Seattle, WA, United States",https://www.speedtest.net/result/c/b93a0d76-cbf3-481c-b309-5bc2fb90e994
2026-03-27T12:37:30.558007,tmobile,eth1,164.86,41.66,26.55,10.48,fdcservers.net,"Seattle, WA, United States",https://www.speedtest.net/result/c/2ce88ab5-db9b-4c48-980d-0d6fcf5d7892
2026-03-27T12:52:29.856676,tmobile,eth1,258.89,30.92,26.59,9.16,fdcservers.net,"Seattle, WA, United States",https://www.speedtest.net/result/c/a70951dd-5eae-4541-b625-936551ab5bc2
2026-03-27T13:07:40.079903,tmobile,eth1,237.9,43.28,30.09,10.49,Accretive Networks,"Seattle, WA, United States",https://www.speedtest.net/result/c/74bc5ab3-10c3-41fd-8e77-365d931f2b8d
2026-03-27T13:37:33.026903,tmobile,eth1,331.02,93.01,26.54,9.79,Accretive Networks,"Seattle, WA, United States",https://www.speedtest.net/result/c/1619f21d-25a3-49d2-a603-711c6e763676
2026-03-27T13:52:29.247523,tmobile,eth1,230.09,30.05,25.3,5.77,Accretive Networks,"Seattle, WA, United States",https://www.speedtest.net/result/c/142ca67e-0932-4e4f-9c8b-57c8527b8165
2026-03-27T14:07:43.338740,tmobile,eth1,265.43,37.41,20.04,4.98,fdcservers.net,"Seattle, WA, United States",https://www.speedtest.net/result/c/8763d46d-0b05-4efa-b433-e8fa2678f16f
2026-03-27T14:22:36.372381,tmobile,eth1,226.36,20.98,20.93,8.22,Accretive Networks,"Seattle, WA, United States",https://www.speedtest.net/result/c/44332d8e-0bbf-4789-b023-660e2053c639
2026-03-27T14:37:30.518757,tmobile,eth1,170.99,24.6,33.3,12.82,Accretive Networks,"Seattle, WA, United States",https://www.speedtest.net/result/c/7d5e5605-e2e4-41df-9e5d-2a83bc03a395
2026-03-27T14:52:28.109217,tmobile,eth1,82.42,47.11,38.67,5.06,Astound Broadband,"Seattle, WA, United States",https://www.speedtest.net/result/c/d450e6f5-8010-4a8c-bf2b-b2e1aee2572d
2026-03-27T15:07:27.378027,tmobile,eth1,293.49,55.96,19.98,0.28,Accretive Networks,"Seattle, WA, United States",https://www.speedtest.net/result/c/06c08171-2f34-41e6-9e5a-eb860c7570b0
2026-03-27T15:22:33.288160,tmobile,eth1,314.56,94.9,21.46,3.26,fdcservers.net,"Seattle, WA, United States",https://www.speedtest.net/result/c/b9bb6668-b53e-40a8-b04e-de8cb2e53cb1
2026-03-27T15:37:26.402746,tmobile,eth1,180.96,39.02,31.69,9.08,Accretive Networks,"Seattle, WA, United States",https://www.speedtest.net/result/c/3fc41b69-5bce-4808-a939-4ec332ea2077
2026-03-27T15:52:34.087743,tmobile,eth1,274.98,44.66,25.03,7.71,Accretive Networks,"Seattle, WA, United States",https://www.speedtest.net/result/c/f183230d-93ae-49f0-9a7e-ff38f29dd017
2026-03-27T16:07:28.732573,tmobile,eth1,133.88,46.29,19.94,0.23,Accretive Networks,"Seattle, WA, United States",https://www.speedtest.net/result/c/a815200b-4b57-4862-a3f9-65056aeb98bd
2026-03-27T16:22:21.926241,tmobile,eth1,175.04,28.95,20.05,0.32,Accretive Networks,"Seattle, WA, United States",https://www.speedtest.net/result/c/6c8ffb6c-43f6-453b-97c8-68d44bb44916
2026-03-27T16:37:43.147257,tmobile,eth1,282.66,95.73,37.37,6.8,EZEE Fiber,"Seattle, WA, United States",https://www.speedtest.net/result/c/b0b50ef7-104a-4056-97ae-5f12b7e2b920
2026-03-27T16:52:35.717660,tmobile,eth1,209.19,84.85,33.42,10.89,EZEE Fiber,"Seattle, WA, United States",https://www.speedtest.net/result/c/76b92fd2-5d1c-4ddd-9e3e-5664b2d175db
2026-03-27T17:07:29.905834,tmobile,eth1,279.82,44.58,40.0,3.83,Accretive Networks,"Seattle, WA, United States",https://www.speedtest.net/result/c/5ef9ea4d-b922-46e6-a4a1-c42995235df5
2026-03-27T17:22:37.293681,tmobile,eth1,235.65,14.57,20.06,0.56,Accretive Networks,"Seattle, WA, United States",https://www.speedtest.net/result/c/70ec1056-4915-4c74-9d32-18c74349551a
2026-03-27T17:37:39.323804,tmobile,eth1,230.31,11.2,19.78,0.64,Accretive Networks,"Seattle, WA, United States",https://www.speedtest.net/result/c/8282d58a-396e-4fb0-913f-095a40458d95
2026-03-27T17:52:40.240946,tmobile,eth1,209.39,19.7,19.9,0.83,Accretive Networks,"Seattle, WA, United States",https://www.speedtest.net/result/c/75866f3f-7320-4214-b81e-d141c2974c2d
2026-03-27T18:07:28.914669,tmobile,eth1,253.66,45.89,20.0,0.15,Accretive Networks,"Seattle, WA, United States",https://www.speedtest.net/result/c/30dda096-6de5-4963-ac7c-dd93f840aa54
2026-03-27T18:22:39.235640,tmobile,eth1,171.29,24.53,21.93,1.72,Accretive Networks,"Seattle, WA, United States",https://www.speedtest.net/result/c/ce8c1dbe-b4c0-49ea-8479-07215a0b548d
2026-03-27T18:37:32.264221,tmobile,eth1,169.57,42.97,20.13,0.58,Accretive Networks,"Seattle, WA, United States",https://www.speedtest.net/result/c/1cfc15b3-f435-421f-8609-3817b9dfc67b
2026-03-27T18:52:28.686380,tmobile,eth1,209.85,82.29,19.85,0.57,Accretive Networks,"Seattle, WA, United States",https://www.speedtest.net/result/c/5d79bd13-5332-4915-ab31-210a5d34db07
2026-03-27T19:07:39.765813,tmobile,eth1,177.17,42.71,20.01,0.12,Accretive Networks,"Seattle, WA, United States",https://www.speedtest.net/result/c/fbda7f67-eea7-4aea-b58f-67cf61a59559
2026-03-27T19:22:35.954921,tmobile,eth1,164.17,39.44,33.33,9.39,fdcservers.net,"Seattle, WA, United States",https://www.speedtest.net/result/c/3ab6fec1-1b6d-4cad-a821-060e4b618258
2026-03-27T19:37:38.843417,tmobile,eth1,153.7,44.92,26.45,1.68,Accretive Networks,"Seattle, WA, United States",https://www.speedtest.net/result/c/63e5e114-f541-4f6f-80c3-294ed61c9a03
2026-03-27T19:52:26.834474,tmobile,eth1,162.06,49.79,24.77,8.81,Accretive Networks,"Seattle, WA, United States",https://www.speedtest.net/result/c/2f186a26-80a2-46b4-a244-240eb2f6fe52
2026-03-27T20:07:33.900632,tmobile,eth1,176.77,41.21,31.35,8.37,fdcservers.net,"Seattle, WA, United States",https://www.speedtest.net/result/c/537adf16-62b1-453a-bbab-7b9a220dfdbe
2026-03-27T20:22:33.821803,tmobile,eth1,126.04,29.5,20.04,0.12,Accretive Networks,"Seattle, WA, United States",https://www.speedtest.net/result/c/24810fda-744c-42ce-a701-5216610cfed1
2026-03-27T20:37:29.755023,tmobile,eth1,166.23,76.22,28.26,6.38,Accretive Networks,"Seattle, WA, United States",https://www.speedtest.net/result/c/8dc48507-9961-4ebb-a563-4a808550112d
2026-03-27T20:52:29.745440,tmobile,eth1,122.12,43.64,38.49,7.88,Accretive Networks,"Seattle, WA, United States",https://www.speedtest.net/result/c/9083bf07-4263-4736-a5c8-329860968319
2026-03-27T21:07:33.415437,tmobile,eth1,134.5,42.24,38.59,2.44,GSL Networks,"Seattle, WA, United States",https://www.speedtest.net/result/c/ad6a7e1b-0ebf-4fca-b819-89fe9714db5b
2026-03-27T21:22:32.508474,tmobile,eth1,111.36,37.4,21.94,7.99,Accretive Networks,"Seattle, WA, United States",https://www.speedtest.net/result/c/9d2d8e84-47ad-47e9-b0d0-c98581e0c1e4
2026-03-27T21:37:33.847641,tmobile,eth1,141.01,42.89,23.36,5.04,fdcservers.net,"Seattle, WA, United States",https://www.speedtest.net/result/c/58ac914e-86d1-4c0f-965c-2f16c846408f
2026-03-27T21:52:35.564782,tmobile,eth1,191.71,79.6,20.05,0.21,Accretive Networks,"Seattle, WA, United States",https://www.speedtest.net/result/c/ef05e91c-4bcd-445c-932d-182ae2cec609
2026-03-27T22:07:41.557947,tmobile,eth1,155.03,11.31,40.28,5.22,GSL Networks,"Seattle, WA, United States",https://www.speedtest.net/result/c/a443972e-4e87-4252-9332-85a53b32f3a8
2026-03-27T22:22:31.083425,tmobile,eth1,169.84,18.26,33.01,17.09,fdcservers.net,"Seattle, WA, United States",https://www.speedtest.net/result/c/7ba13677-91a8-42af-80c6-7f78ecfd84eb
2026-03-27T22:37:32.783348,tmobile,eth1,107.91,15.51,21.72,6.89,fdcservers.net,"Seattle, WA, United States",https://www.speedtest.net/result/c/9f7bd1d4-dfb2-4318-9242-718407b0be1e
2026-03-27T22:52:38.481483,tmobile,eth1,241.5,50.76,30.8,6.23,fdcservers.net,"Seattle, WA, United States",https://www.speedtest.net/result/c/d9e01060-1953-4f4e-ba83-443b5a824c5b
2026-03-27T23:07:38.046966,tmobile,eth1,163.74,25.64,20.14,1.09,Accretive Networks,"Seattle, WA, United States",https://www.speedtest.net/result/c/07625658-abb0-4440-8749-6c10e25e6ebd
2026-03-27T23:22:32.794517,tmobile,eth1,267.7,49.73,25.58,8.37,Accretive Networks,"Seattle, WA, United States",https://www.speedtest.net/result/c/ecb55813-4611-46aa-8756-cd3fb372f9e7
2026-03-27T23:37:39.203733,tmobile,eth1,253.12,51.17,34.49,6.17,fdcservers.net,"Seattle, WA, United States",https://www.speedtest.net/result/c/65d2bfac-c413-4f71-bd83-a3ee4100f0ef
2026-03-27T23:52:30.473113,tmobile,eth1,255.33,95.19,19.9,2.79,Accretive Networks,"Seattle, WA, United States",https://www.speedtest.net/result/c/97df4235-5598-48cb-9e8f-454f02d9de55
2026-03-28T00:07:38.501192,tmobile,eth1,206.63,53.09,39.82,0.37,fdcservers.net,"Seattle, WA, United States",https://www.speedtest.net/result/c/7b246260-f6c3-49c8-8108-0eb1d51a88bf
2026-03-28T00:22:34.694925,tmobile,eth1,226.13,33.52,20.03,3.72,Accretive Networks,"Seattle, WA, United States",https://www.speedtest.net/result/c/ce3c1010-7a01-4bf4-8bf8-643fc9f6675e
2026-03-28T00:37:31.375548,tmobile,eth1,218.02,53.28,33.85,6.76,Accretive Networks,"Seattle, WA, United States",https://www.speedtest.net/result/c/c2c5f0af-59dc-4bdd-86e0-a38eca76df20
2026-03-28T00:52:40.462513,tmobile,eth1,134.44,32.94,19.99,8.32,Accretive Networks,"Seattle, WA, United States",https://www.speedtest.net/result/c/23d0f610-2c26-44ef-b3ae-f5a7a13ac7aa
2026-03-28T01:07:34.831424,tmobile,eth1,251.64,39.04,19.97,0.39,fdcservers.net,"Seattle, WA, United States",https://www.speedtest.net/result/c/47667727-ece8-4abf-be99-5d68fde293e4
2026-03-28T01:22:36.745415,tmobile,eth1,108.94,41.1,27.73,10.72,Accretive Networks,"Seattle, WA, United States",https://www.speedtest.net/result/c/6d36d366-5a24-42b9-8950-cd14da59541a
2026-03-28T01:37:24.484229,tmobile,eth1,90.84,16.07,20.15,1.58,fdcservers.net,"Seattle, WA, United States",https://www.speedtest.net/result/c/51a45d21-29c3-4e9f-8224-b25df940b2cc
2026-03-28T01:52:43.966923,tmobile,eth1,180.08,45.56,33.4,6.3,EZEE Fiber,"Seattle, WA, United States",https://www.speedtest.net/result/c/d2694134-742c-48ef-8476-aeb49fe2ec7e
2026-03-28T02:07:34.119650,tmobile,eth1,238.01,48.48,21.3,2.61,Accretive Networks,"Seattle, WA, United States",https://www.speedtest.net/result/c/50a4baa1-7b88-41e5-a0cb-76da51861f27
2026-03-28T02:22:37.283460,tmobile,eth1,260.1,52.16,23.87,8.8,Accretive Networks,"Seattle, WA, United States",https://www.speedtest.net/result/c/00437107-261e-4728-9fe8-38fd319ad985
2026-03-28T02:37:35.004104,tmobile,eth1,270.06,44.98,28.01,14.57,Accretive Networks,"Seattle, WA, United States",https://www.speedtest.net/result/c/3258a221-115c-4593-be9c-33893567c269
2026-03-28T02:52:35.765177,tmobile,eth1,308.27,104.24,20.23,2.75,Accretive Networks,"Seattle, WA, United States",https://www.speedtest.net/result/c/a007fda9-965a-447e-b3fe-3cabed728032
2026-03-28T03:07:27.751732,tmobile,eth1,263.9,41.44,23.49,7.38,Accretive Networks,"Seattle, WA, United States",https://www.speedtest.net/result/c/c60696ec-5081-4e59-a756-fe6081be9ca7
2026-03-28T03:22:35.230067,tmobile,eth1,201.36,47.08,40.06,1.62,Accretive Networks,"Seattle, WA, United States",https://www.speedtest.net/result/c/e3e2b4b7-1713-4595-86db-4416ee586b15
2026-03-28T03:37:37.340588,tmobile,eth1,136.27,46.68,21.06,3.63,Accretive Networks,"Seattle, WA, United States",https://www.speedtest.net/result/c/6c04c62c-1cf4-4d84-be59-0bcb732e589a
2026-03-28T03:52:33.589630,tmobile,eth1,172.21,39.4,20.05,0.78,Accretive Networks,"Seattle, WA, United States",https://www.speedtest.net/result/c/b971d5d7-44f4-4bec-a81a-27a03d5145fc
2026-03-28T04:07:37.671007,tmobile,eth1,293.87,44.35,26.74,8.32,Accretive Networks,"Seattle, WA, United States",https://www.speedtest.net/result/c/efc1c752-c1cd-4a92-a6cd-af556afe25d5
2026-03-28T04:22:35.819723,tmobile,eth1,233.95,50.34,29.81,7.4,GigabitNow,"Seattle, WA, United States",https://www.speedtest.net/result/c/c69676dd-a8f6-40d0-92d3-507f3ee03ca3
2026-03-28T04:37:32.138786,tmobile,eth1,190.5,32.52,20.38,2.48,Accretive Networks,"Seattle, WA, United States",https://www.speedtest.net/result/c/2477d2b4-deb5-413e-bcd6-65697eae8cde
2026-03-28T04:52:38.365008,tmobile,eth1,236.25,48.98,29.99,4.74,EZEE Fiber,"Seattle, WA, United States",https://www.speedtest.net/result/c/55399a17-b763-42c6-a8a6-b4cb50a697b5
2026-03-28T05:07:31.465666,tmobile,eth1,289.41,42.39,39.92,5.29,Accretive Networks,"Seattle, WA, United States",https://www.speedtest.net/result/c/a8096f34-1faa-46f4-b4c8-ff65eebb1e38
2026-03-28T05:22:36.125175,tmobile,eth1,259.83,48.45,37.96,7.23,Accretive Networks,"Seattle, WA, United States",https://www.speedtest.net/result/c/ab79246d-5a7e-4af6-aa6b-ad453695c969
2026-03-28T05:37:36.411563,tmobile,eth1,370.52,36.42,19.89,0.38,Accretive Networks,"Seattle, WA, United States",https://www.speedtest.net/result/c/5bd42d01-b7ff-4fa0-9d0c-f0177078907d
2026-03-28T05:52:32.454783,tmobile,eth1,418.05,43.84,24.95,7.83,Accretive Networks,"Seattle, WA, United States",https://www.speedtest.net/result/c/e6257118-9dc1-42f3-93b9-a4a71300dc97
2026-03-28T06:07:43.877190,tmobile,eth1,414.76,43.24,21.99,4.34,fdcservers.net,"Seattle, WA, United States",https://www.speedtest.net/result/c/d327af6b-e897-4224-ad28-f9ccf1bc45f8
2026-03-28T06:22:39.487196,tmobile,eth1,97.8,44.04,29.79,4.57,fdcservers.net,"Seattle, WA, United States",https://www.speedtest.net/result/c/0093b737-89ea-46ec-a69a-31200a9ef51b
2026-03-28T06:37:32.820211,tmobile,eth1,355.11,43.94,25.72,7.97,Accretive Networks,"Seattle, WA, United States",https://www.speedtest.net/result/c/72e278f6-7792-41e7-9b51-bdd116cb24fd
2026-03-28T06:52:36.675638,tmobile,eth1,298.01,38.64,20.05,1.35,Accretive Networks,"Seattle, WA, United States",https://www.speedtest.net/result/c/fadb573c-dd4f-428a-99e9-d3efc195cdfe
2026-03-28T07:07:36.725498,tmobile,eth1,300.42,38.78,37.64,4.13,fdcservers.net,"Seattle, WA, United States",https://www.speedtest.net/result/c/0cac1464-d94c-403e-8637-982c8b97b0ba
2026-03-28T07:22:30.925394,tmobile,eth1,273.07,34.39,21.89,3.1,Accretive Networks,"Seattle, WA, United States",https://www.speedtest.net/result/c/2ed75d74-fc4c-472f-b095-7ab02213e362
2026-03-28T07:37:31.496482,tmobile,eth1,223.95,46.62,29.92,0.59,EZEE Fiber,"Seattle, WA, United States",https://www.speedtest.net/result/c/96e1fe90-4093-40b0-9b36-16a6b7f788a5
2026-03-28T07:52:37.351398,tmobile,eth1,242.57,32.64,21.52,3.94,Accretive Networks,"Seattle, WA, United States",https://www.speedtest.net/result/c/d160f2b0-edea-4a05-9336-ef439ff2e4a5
2026-03-28T08:07:30.725154,tmobile,eth1,228.07,47.5,21.22,2.2,Accretive Networks,"Seattle, WA, United States",https://www.speedtest.net/result/c/717edce5-3523-4cca-8bd9-251b8261f84f
2026-03-28T08:22:30.006820,tmobile,eth1,213.63,17.5,19.48,1.89,Accretive Networks,"Seattle, WA, United States",https://www.speedtest.net/result/c/8c616e30-303d-412d-be06-9a49403c2a22
2026-03-28T08:37:40.184287,tmobile,eth1,221.65,30.48,32.05,12.62,Accretive Networks,"Seattle, WA, United States",https://www.speedtest.net/result/c/7cae761f-84c8-4f57-b48a-36f859b02010
2026-03-28T08:52:35.241648,tmobile,eth1,225.03,28.86,38.08,6.09,fdcservers.net,"Seattle, WA, United States",https://www.speedtest.net/result/c/b70f4f9a-6c54-4b6e-8a51-97daee58dc8f
2026-03-28T09:07:32.169575,tmobile,eth1,193.54,32.56,20.49,2.9,Accretive Networks,"Seattle, WA, United States",https://www.speedtest.net/result/c/0fd523f6-e8c1-4f39-aaf7-b060766b7ad2
2026-03-28T09:22:34.965295,tmobile,eth1,210.35,44.74,21.38,9.35,Accretive Networks,"Seattle, WA, United States",https://www.speedtest.net/result/c/287d564d-3518-477d-b103-e2d5246c7aef
2026-03-28T09:37:38.070552,tmobile,eth1,211.45,29.23,22.13,4.9,Accretive Networks,"Seattle, WA, United States",https://www.speedtest.net/result/c/65d89880-4bbb-4dce-95d7-a16f3d14f450
2026-03-28T09:52:43.313563,tmobile,eth1,183.75,30.09,33.63,5.91,Ziply Fiber,"Seattle, WA, United States",https://www.speedtest.net/result/c/d3daa1be-e941-4099-b09f-8586d44f0053
2026-03-28T10:07:35.685336,tmobile,eth1,275.26,91.11,20.18,0.76,Accretive Networks,"Seattle, WA, United States",https://www.speedtest.net/result/c/57e68977-f7fe-42cc-97ef-d165b8b7e277
2026-03-28T10:22:33.644185,tmobile,eth1,197.47,27.6,19.87,1.04,Accretive Networks,"Seattle, WA, United States",https://www.speedtest.net/result/c/3737099d-d1f6-4c86-af0c-52a995c42ee0
2026-03-28T10:37:37.363503,tmobile,eth1,209.34,48.72,24.88,3.79,Accretive Networks,"Seattle, WA, United States",https://www.speedtest.net/result/c/c7d42d47-ea71-4518-b0e7-0d31432e9856
2026-03-28T10:52:38.345956,tmobile,eth1,163.03,17.7,23.39,1.28,Accretive Networks,"Seattle, WA, United States",https://www.speedtest.net/result/c/ab5d1d1d-0505-4d24-8f65-45f349c774b0
2026-03-28T11:07:39.591076,tmobile,eth1,244.54,47.46,25.05,7.99,fdcservers.net,"Seattle, WA, United States",https://www.speedtest.net/result/c/9448e28d-957c-4950-bb6c-02d0f8c443c1
2026-03-28T11:22:35.940442,tmobile,eth1,177.96,23.11,30.66,2.41,EZEE Fiber,"Seattle, WA, United States",https://www.speedtest.net/result/c/eddc0bba-d2d1-4880-945d-485140d84402
2026-03-28T11:37:32.255854,tmobile,eth1,211.01,48.89,23.05,9.23,Accretive Networks,"Seattle, WA, United States",https://www.speedtest.net/result/c/0b75881f-30ae-4772-9e23-91ceff225b60
2026-03-28T11:52:29.017407,tmobile,eth1,259.67,84.98,19.98,0.22,Accretive Networks,"Seattle, WA, United States",https://www.speedtest.net/result/c/9e11d4d5-5d8e-4e64-807c-753dcb6bb3e1
2026-03-28T12:07:42.888370,tmobile,eth1,140.51,43.22,39.95,0.71,Ziply Fiber,"Seattle, WA, United States",https://www.speedtest.net/result/c/dccc3d20-939c-4edb-9701-ceab0c8443c4
2026-03-28T12:22:37.930076,tmobile,eth1,180.56,16.53,19.97,3.62,fdcservers.net,"Seattle, WA, United States",https://www.speedtest.net/result/c/6b7fd26a-d1d2-400d-acf0-66f1d2c602f5
2026-03-28T12:37:31.967806,tmobile,eth1,210.2,17.6,19.99,1.85,Accretive Networks,"Seattle, WA, United States",https://www.speedtest.net/result/c/a09067a5-d5a5-4030-99bf-061c66b34a08
2026-03-28T12:52:31.708398,tmobile,eth1,170.04,39.69,20.35,1.34,Accretive Networks,"Seattle, WA, United States",https://www.speedtest.net/result/c/2cd9a675-28d2-4c9f-baa8-fc854c314d93
2026-03-28T13:07:28.356477,tmobile,eth1,200.76,74.74,19.99,0.3,Accretive Networks,"Seattle, WA, United States",https://www.speedtest.net/result/c/0b89319a-2112-4625-9846-5511e082740d
2026-03-28T13:22:29.556452,tmobile,eth1,222.56,83.03,23.69,3.44,Accretive Networks,"Seattle, WA, United States",https://www.speedtest.net/result/c/f9dc45bd-1a16-4ed5-bc45-0cfc32d7016c
2026-03-28T13:37:36.374182,tmobile,eth1,168.28,57.07,40.11,6.63,Ziply Fiber,"Seattle, WA, United States",https://www.speedtest.net/result/c/4726eedd-97b1-47b2-a993-0a4885871dab
2026-03-28T13:52:33.036582,tmobile,eth1,195.19,60.52,20.13,2.91,Accretive Networks,"Seattle, WA, United States",https://www.speedtest.net/result/c/99779a28-1b6d-488a-9574-b1c269854a9c
2026-03-28T14:07:39.618946,tmobile,eth1,285.79,84.96,33.48,4.27,Sangoma,"Seattle, WA, United States",https://www.speedtest.net/result/c/804fd8c1-9e69-46ac-8160-a621aa1983cc
2026-03-28T14:22:25.112846,tmobile,eth1,181.57,25.06,20.01,0.1,Accretive Networks,"Seattle, WA, United States",https://www.speedtest.net/result/c/a5708eb7-33f6-4876-bea6-4fd569e9f94e
2026-03-28T14:37:27.393362,tmobile,eth1,211.12,52.94,20.54,3.76,Accretive Networks,"Seattle, WA, United States",https://www.speedtest.net/result/c/73b81668-a4dc-4df1-b4a9-bcebd1b7f4f6
2026-03-28T14:52:36.634572,tmobile,eth1,274.4,30.96,29.21,3.87,GSL Networks,"Seattle, WA, United States",https://www.speedtest.net/result/c/f2af77eb-2834-409e-9801-14083a552a5b
2026-03-28T15:07:29.147315,tmobile,eth1,161.93,91.33,19.79,0.6,Accretive Networks,"Seattle, WA, United States",https://www.speedtest.net/result/c/af03ee65-ddd4-40f7-9e2e-1403180d813c
2026-03-28T15:22:35.147855,tmobile,eth1,268.68,28.67,19.94,0.86,Accretive Networks,"Seattle, WA, United States",https://www.speedtest.net/result/c/3f823848-fecb-49eb-b4d8-cab991939010
2026-03-28T15:37:38.126427,tmobile,eth1,164.27,45.9,20.02,0.75,Accretive Networks,"Seattle, WA, United States",https://www.speedtest.net/result/c/73d0661d-7f7b-49c4-93b7-25fec1ab16b9
2026-03-28T15:52:37.770687,tmobile,eth1,239.73,50.79,25.27,2.84,fdcservers.net,"Seattle, WA, United States",https://www.speedtest.net/result/c/5bdbd7a9-cf5e-4131-8fa7-3bb8a40f0544
2026-03-28T16:07:40.965530,tmobile,eth1,188.47,21.71,22.26,7.37,Accretive Networks,"Seattle, WA, United States",https://www.speedtest.net/result/c/c3628753-b2dc-4d68-9800-10ca6590459a
2026-03-28T16:22:34.921553,tmobile,eth1,211.2,25.96,22.13,8.06,Accretive Networks,"Seattle, WA, United States",https://www.speedtest.net/result/c/cf539459-abca-4752-b319-1eca18bdfd31
2026-03-28T16:37:40.753553,tmobile,eth1,199.71,18.53,28.64,10.1,Accretive Networks,"Seattle, WA, United States",https://www.speedtest.net/result/c/755c510f-9690-4790-a9e2-1b34410c0d75
2026-03-28T16:52:31.485730,tmobile,eth1,176.68,45.86,20.42,3.38,Accretive Networks,"Seattle, WA, United States",https://www.speedtest.net/result/c/12e64912-13d6-4c35-8de2-2fe0b46e4eac
2026-03-28T17:07:35.198588,tmobile,eth1,170.3,73.21,20.5,1.62,Accretive Networks,"Seattle, WA, United States",https://www.speedtest.net/result/c/bf84459a-615e-4639-8996-289c26b922c5
2026-03-28T17:22:37.371490,tmobile,eth1,144.15,24.75,37.54,7.67,Sangoma,"Seattle, WA, United States",https://www.speedtest.net/result/c/99000c26-0bcc-4cfa-9fd9-83cde1c34c36
2026-03-28T17:37:33.817708,tmobile,eth1,139.24,28.7,26.18,6.99,Accretive Networks,"Seattle, WA, United States",https://www.speedtest.net/result/c/97dd3bab-b427-4395-baf4-215fe7a0c5f3
2026-03-28T17:52:31.306378,tmobile,eth1,158.13,23.63,26.15,4.49,Accretive Networks,"Seattle, WA, United States",https://www.speedtest.net/result/c/6d24515d-8c46-4315-aafd-a719409ed838
2026-03-28T18:07:43.317312,tmobile,eth1,82.92,11.03,21.67,2.29,Accretive Networks,"Seattle, WA, United States",https://www.speedtest.net/result/c/2614f950-c269-488b-928b-8066b5629172
2026-03-28T18:22:37.875158,tmobile,eth1,103.15,22.76,20.21,5.22,Accretive Networks,"Seattle, WA, United States",https://www.speedtest.net/result/c/ff50dbec-16e2-47d9-a2f1-ecdc6c1f59a1
2026-03-28T18:37:42.220759,tmobile,eth1,77.72,7.96,29.8,9.23,fdcservers.net,"Seattle, WA, United States",https://www.speedtest.net/result/c/370255cc-db78-4bb1-840c-14e0265ae14f
2026-03-28T18:52:39.157289,tmobile,eth1,86.06,5.76,26.42,6.94,Accretive Networks,"Seattle, WA, United States",https://www.speedtest.net/result/c/2ff2ada8-db5e-4806-9b2a-d79d425e806e
2026-03-28T19:07:41.953917,tmobile,eth1,95.38,9.23,25.09,7.42,Accretive Networks,"Seattle, WA, United States",https://www.speedtest.net/result/c/fc9d6c56-cbc5-419e-8e1d-1ab51e11aa13
2026-03-28T19:22:33.679320,tmobile,eth1,168.64,80.3,40.05,1.04,GSL Networks,"Seattle, WA, United States",https://www.speedtest.net/result/c/2b128366-0e14-4c0c-be75-5f4df19629d2
2026-03-28T19:37:28.493864,tmobile,eth1,147.46,41.08,33.37,4.25,fdcservers.net,"Seattle, WA, United States",https://www.speedtest.net/result/c/cbb687c2-0301-4467-afe1-67a050a01cb9
2026-03-28T19:52:28.561488,tmobile,eth1,157.53,13.72,20.03,1.52,Accretive Networks,"Seattle, WA, United States",https://www.speedtest.net/result/c/6375dd1c-3008-4cb8-b13c-4a1f7ffcf1c6
2026-03-28T20:07:40.282292,tmobile,eth1,194.67,45.58,29.88,12.79,Accretive Networks,"Seattle, WA, United States",https://www.speedtest.net/result/c/ed8d4d32-0919-4700-aa24-f411dd52d510
2026-03-28T20:22:31.703369,tmobile,eth1,231.47,77.65,19.88,0.29,Accretive Networks,"Seattle, WA, United States",https://www.speedtest.net/result/c/b55187e8-1b5a-4ffb-81eb-f99c8af714f5
2026-03-28T20:37:32.196976,tmobile,eth1,174.35,39.14,21.25,4.15,Accretive Networks,"Seattle, WA, United States",https://www.speedtest.net/result/c/d72c1343-4569-432a-a401-ec085f5f8b0e
2026-03-28T20:52:37.069015,tmobile,eth1,266.37,89.35,39.95,1.39,Accretive Networks,"Seattle, WA, United States",https://www.speedtest.net/result/c/106272f4-913b-448d-8cf2-862dbf198e2c
2026-03-28T21:07:33.172144,tmobile,eth1,208.72,43.08,21.41,8.69,Accretive Networks,"Seattle, WA, United States",https://www.speedtest.net/result/c/9a9640e0-6462-4378-a91f-7e04d4c2aa81
2026-03-28T21:22:32.602534,tmobile,eth1,280.06,89.31,21.36,4.28,Accretive Networks,"Seattle, WA, United States",https://www.speedtest.net/result/c/13021cf1-d323-4343-96c8-17674be68eae
2026-03-28T21:37:32.527242,tmobile,eth1,81.46,14.94,21.76,8.68,Accretive Networks,"Seattle, WA, United States",https://www.speedtest.net/result/c/301060b9-9e49-4d4f-ad38-94be1c347b87
2026-03-28T21:52:28.893319,tmobile,eth1,204.34,92.47,19.77,0.97,Accretive Networks,"Seattle, WA, United States",https://www.speedtest.net/result/c/d984948b-fad3-4250-900b-150e09eb5efc
2026-03-28T22:07:37.467938,tmobile,eth1,261.87,87.99,29.59,2.1,GSL Networks,"Seattle, WA, United States",https://www.speedtest.net/result/c/390c61a2-4ff8-4850-bd54-eb2cfa6be941
2026-03-28T22:22:29.376112,tmobile,eth1,106.08,10.44,32.27,10.04,Accretive Networks,"Seattle, WA, United States",https://www.speedtest.net/result/c/6411e8b6-cca3-4f5b-a32b-f68d2eabfe9a
2026-03-28T22:37:28.371557,tmobile,eth1,87.62,10.26,21.41,6.71,Accretive Networks,"Seattle, WA, United States",https://www.speedtest.net/result/c/e2cfc905-43ad-4977-b3ab-80f3f97583fc
2026-03-28T22:52:30.793883,tmobile,eth1,187.39,45.02,20.04,0.34,Accretive Networks,"Seattle, WA, United States",https://www.speedtest.net/result/c/193ece6a-1c06-4ece-99ee-5c37f915f32e
2026-03-28T23:07:37.017716,tmobile,eth1,111.99,13.18,21.83,7.22,Accretive Networks,"Seattle, WA, United States",https://www.speedtest.net/result/c/2376311b-f807-4d9e-9992-46740cdac83a
2026-03-28T23:22:34.125781,tmobile,eth1,129.33,12.13,23.27,7.8,Accretive Networks,"Seattle, WA, United States",https://www.speedtest.net/result/c/3defa40f-e1d4-48ae-86ad-e3607e68eb70
2026-03-28T23:37:37.315732,tmobile,eth1,96.69,16.74,19.97,10.23,Accretive Networks,"Seattle, WA, United States",https://www.speedtest.net/result/c/59c033fe-eeb6-46ef-a36c-ba1aed1436ed
2026-03-28T23:52:37.529856,tmobile,eth1,150.71,8.05,20.0,0.21,Accretive Networks,"Seattle, WA, United States",https://www.speedtest.net/result/c/7ca7d690-9487-4253-8ddd-1dfe291368f4
2026-03-29T00:07:40.299208,tmobile,eth1,317.54,95.76,26.63,6.15,fdcservers.net,"Seattle, WA, United States",https://www.speedtest.net/result/c/575bef98-7173-458c-b393-7e02da5d8e18
2026-03-29T00:22:36.262895,tmobile,eth1,247.78,52.88,26.98,5.2,Astound Broadband,"Seattle, WA, United States",https://www.speedtest.net/result/c/7d9fc569-af86-4b47-b4f7-19ea338e8ec1
2026-03-29T00:37:31.079605,tmobile,eth1,249.93,47.2,22.94,6.27,Accretive Networks,"Seattle, WA, United States",https://www.speedtest.net/result/c/10307cd6-a485-4fe0-bd4d-de92f34da36c
2026-03-29T00:52:26.258781,tmobile,eth1,98.69,6.18,26.82,3.28,Accretive Networks,"Seattle, WA, United States",https://www.speedtest.net/result/c/2a766634-91ba-462b-b143-5423571e2ede
2026-03-29T01:07:30.598794,tmobile,eth1,121.16,30.13,24.75,10.91,Accretive Networks,"Seattle, WA, United States",https://www.speedtest.net/result/c/d11b438b-5bbf-4274-a57e-07cf8642abac
2026-03-29T01:22:28.420870,tmobile,eth1,142.64,39.41,21.57,3.89,Accretive Networks,"Seattle, WA, United States",https://www.speedtest.net/result/c/4a3884c4-9439-4555-a42c-fca00b8fc9cf
2026-03-29T01:37:38.300319,tmobile,eth1,256.72,48.66,19.73,0.78,Accretive Networks,"Seattle, WA, United States",https://www.speedtest.net/result/c/d6212344-b047-407b-8c73-5aef85f2bd1d
2026-03-29T01:52:30.790178,tmobile,eth1,256.47,32.68,21.92,5.04,Accretive Networks,"Seattle, WA, United States",https://www.speedtest.net/result/c/b9cb8aba-2cc0-4832-bdd4-913ba78f1408
2026-03-29T02:07:28.644804,tmobile,eth1,260.72,35.03,39.32,5.51,Accretive Networks,"Seattle, WA, United States",https://www.speedtest.net/result/c/e45d1efe-941d-45c8-8bcf-d3325ec103a5
2026-03-29T02:22:35.951374,tmobile,eth1,260.27,38.09,25.29,8.49,Accretive Networks,"Seattle, WA, United States",https://www.speedtest.net/result/c/147e8da1-4dfe-4ba2-84d2-20a50de1a15d
2026-03-29T02:37:32.969098,tmobile,eth1,322.42,105.0,34.74,9.17,Accretive Networks,"Seattle, WA, United States",https://www.speedtest.net/result/c/5d44f06f-8baf-4f38-b98d-5a91fcc0dedf
2026-03-29T02:52:36.567312,tmobile,eth1,132.62,36.27,26.65,10.27,Accretive Networks,"Seattle, WA, United States",https://www.speedtest.net/result/c/477ebd03-60fe-4596-96c8-37c06e6bb84d
2026-03-29T03:07:28.827268,tmobile,eth1,145.16,50.78,25.03,8.12,Accretive Networks,"Seattle, WA, United States",https://www.speedtest.net/result/c/c51cd3c0-5efe-4502-a3a3-45f87bff83eb
2026-03-29T03:22:32.126883,tmobile,eth1,147.78,47.17,20.34,3.34,Accretive Networks,"Seattle, WA, United States",https://www.speedtest.net/result/c/f06f0a5e-0f99-4252-b775-3fd5abd95e46
2026-03-29T03:37:31.372996,tmobile,eth1,141.94,47.67,26.79,5.24,Accretive Networks,"Seattle, WA, United States",https://www.speedtest.net/result/c/41b9328a-9e1b-4d26-87b1-c9ebbe09b75f
2026-03-29T03:52:34.253067,tmobile,eth1,157.64,29.24,23.62,2.63,Accretive Networks,"Seattle, WA, United States",https://www.speedtest.net/result/c/fef10095-181b-4f7d-b857-7007a1467384
2026-03-29T04:07:34.823823,tmobile,eth1,138.31,48.64,30.62,12.8,GSL Networks,"Seattle, WA, United States",https://www.speedtest.net/result/c/1603c45e-6730-4872-ba91-24a33104d733
2026-03-29T04:22:34.617264,tmobile,eth1,141.29,44.38,20.71,3.86,Accretive Networks,"Seattle, WA, United States",https://www.speedtest.net/result/c/096b3432-a484-41b3-bab1-47a918fb34f1
2026-03-29T04:37:33.901347,tmobile,eth1,158.01,51.22,21.66,2.95,Accretive Networks,"Seattle, WA, United States",https://www.speedtest.net/result/c/f6907440-4fe9-4074-af09-899e34143aaa
2026-03-29T05:07:29.960256,tmobile,eth1,222.13,39.63,22.12,2.6,Accretive Networks,"Seattle, WA, United States",https://www.speedtest.net/result/c/d9f918ce-54d5-4b09-b280-4ef295029564
2026-03-29T05:22:24.331188,tmobile,eth1,236.82,48.11,38.49,7.86,Accretive Networks,"Seattle, WA, United States",https://www.speedtest.net/result/c/99bc03fa-8ce3-4773-b5d2-1d06e25c25df
2026-03-29T05:37:28.559938,tmobile,eth1,221.15,38.54,29.6,9.6,Accretive Networks,"Seattle, WA, United States",https://www.speedtest.net/result/c/fa1188f9-23eb-4769-97c1-6139997df17d
2026-03-29T05:52:35.915665,tmobile,eth1,296.2,49.67,21.59,7.69,Accretive Networks,"Seattle, WA, United States",https://www.speedtest.net/result/c/ddfa85b7-3cb6-4721-88ed-17544b40eab5
2026-03-29T06:07:31.284256,tmobile,eth1,279.13,47.3,34.03,4.07,fdcservers.net,"Seattle, WA, United States",https://www.speedtest.net/result/c/5469082f-9057-43e6-b55d-05c020bc1af4
2026-03-29T06:22:37.284386,tmobile,eth1,178.88,42.37,21.76,7.43,Accretive Networks,"Seattle, WA, United States",https://www.speedtest.net/result/c/6c4794b7-14c2-486e-8cbf-24839177a47c
2026-03-29T06:37:25.404148,tmobile,eth1,175.72,41.88,24.94,7.57,fdcservers.net,"Seattle, WA, United States",https://www.speedtest.net/result/c/c2423124-c5f0-43b8-a511-48f9cbb93621
2026-03-29T06:52:38.679842,tmobile,eth1,312.75,35.76,19.92,0.64,fdcservers.net,"Seattle, WA, United States",https://www.speedtest.net/result/c/08dc14b4-2245-4ba8-b985-bcbc52dc1f5b
2026-03-29T07:07:30.924622,tmobile,eth1,378.69,42.88,25.0,7.64,Accretive Networks,"Seattle, WA, United States",https://www.speedtest.net/result/c/65a40c34-c2d1-430c-9a71-9a0ae9f7e577
2026-03-29T07:22:33.600370,tmobile,eth1,342.39,42.94,28.66,8.75,Sangoma,"Seattle, WA, United States",https://www.speedtest.net/result/c/0007cba4-911c-49d5-ad01-ce2f1a632105
2026-03-29T07:37:33.360702,tmobile,eth1,299.66,30.84,26.48,6.45,Accretive Networks,"Seattle, WA, United States",https://www.speedtest.net/result/c/6590119d-2a62-438c-9130-67292fd59bc7
2026-03-29T07:52:44.132988,tmobile,eth1,278.01,19.67,31.65,6.54,Ziply Fiber,"Seattle, WA, United States",https://www.speedtest.net/result/c/8cc02764-de78-4a0d-b927-a4154a1c047c
2026-03-29T08:07:30.434124,tmobile,eth1,256.82,34.01,23.98,3.91,Accretive Networks,"Seattle, WA, United States",https://www.speedtest.net/result/c/f919a76f-3126-4bac-ac95-66fd2d79e6ee
2026-03-29T08:22:34.935671,tmobile,eth1,234.53,28.62,19.91,0.31,Accretive Networks,"Seattle, WA, United States",https://www.speedtest.net/result/c/200dd5b9-c5e4-4d14-9402-0f7f8570a361
2026-03-29T08:37:33.329311,tmobile,eth1,239.18,30.77,32.93,11.68,GigabitNow,"Seattle, WA, United States",https://www.speedtest.net/result/c/5001a3b9-beb2-4976-a6c7-173d2eb35219
2026-03-29T08:52:26.125054,tmobile,eth1,271.67,48.71,19.99,0.72,Accretive Networks,"Seattle, WA, United States",https://www.speedtest.net/result/c/7ad2d7ec-b4b5-4ed6-bbf6-d0e0fcfafbe1
2026-03-29T09:07:29.906982,tmobile,eth1,250.87,44.22,21.74,3.52,Accretive Networks,"Seattle, WA, United States",https://www.speedtest.net/result/c/d15fe507-2644-4f31-93c1-821a544c363c
2026-03-29T09:22:36.855879,tmobile,eth1,301.13,44.01,27.95,11.19,fdcservers.net,"Seattle, WA, United States",https://www.speedtest.net/result/c/ba59b461-bffc-4d70-b27c-c8c33d7812c6
2026-03-29T09:37:35.047479,tmobile,eth1,268.86,31.43,27.97,8.98,Accretive Networks,"Seattle, WA, United States",https://www.speedtest.net/result/c/3143eea2-aefe-466e-8ae5-0519e481a9c1
2026-03-29T09:52:35.930923,tmobile,eth1,197.95,31.83,25.27,13.08,Accretive Networks,"Seattle, WA, United States",https://www.speedtest.net/result/c/119b9f2b-5825-4fd6-a639-71397fa71a45
2026-03-29T10:07:33.525965,tmobile,eth1,141.07,34.58,37.11,7.59,Accretive Networks,"Seattle, WA, United States",https://www.speedtest.net/result/c/34e55afc-4c79-4e55-9a50-16430296a744
2026-03-29T10:22:28.506508,tmobile,eth1,191.95,32.45,28.46,6.37,Accretive Networks,"Seattle, WA, United States",https://www.speedtest.net/result/c/44a2b2dc-5bb4-4f11-b2a7-d4fb37e5a447
2026-03-29T10:37:40.434970,tmobile,eth1,193.75,19.33,21.7,5.04,Accretive Networks,"Seattle, WA, United States",https://www.speedtest.net/result/c/ad06169d-65d1-4acd-9b02-7edbd2199478
2026-03-29T10:52:22.641052,tmobile,eth1,199.82,27.22,26.54,10.22,Accretive Networks,"Seattle, WA, United States",https://www.speedtest.net/result/c/e970d028-8ab6-4406-b44d-b9d8569bd599
2026-03-29T11:07:35.445922,tmobile,eth1,177.1,22.31,40.17,1.12,Ziply Fiber,"Seattle, WA, United States",https://www.speedtest.net/result/c/c8b5658a-699e-4ab9-b377-0c66de004944
2026-03-29T11:22:30.425972,tmobile,eth1,189.76,16.95,20.14,0.58,Accretive Networks,"Seattle, WA, United States",https://www.speedtest.net/result/c/69480f13-eca8-4022-84da-fbcfc0c6f4d1
2026-03-29T11:37:27.510727,tmobile,eth1,258.77,30.34,28.07,11.56,Accretive Networks,"Seattle, WA, United States",https://www.speedtest.net/result/c/b7df3d9e-2ef7-42f4-8df6-db41d73cd468
2026-03-29T11:52:31.091218,tmobile,eth1,220.4,30.45,21.45,1.52,Accretive Networks,"Seattle, WA, United States",https://www.speedtest.net/result/c/e38dabfc-a87e-46b2-848f-35f43a7105ba
2026-03-29T12:07:44.721701,tmobile,eth1,73.23,3.44,40.53,6.83,Ziply Fiber,"Seattle, WA, United States",https://www.speedtest.net/result/c/f64dffe7-5669-4dff-bf26-9068c670002a
2026-03-29T12:22:37.557609,tmobile,eth1,151.93,15.07,24.9,5.94,Accretive Networks,"Seattle, WA, United States",https://www.speedtest.net/result/c/af4831c8-7939-4fda-853c-182a6c553cee
2026-03-29T12:37:39.539690,tmobile,eth1,189.86,25.36,28.59,4.86,Accretive Networks,"Seattle, WA, United States",https://www.speedtest.net/result/c/c6d8ce69-24c0-47a7-b232-a7faba427fa9
2026-03-29T12:52:41.688285,tmobile,eth1,198.34,15.25,23.47,5.78,Accretive Networks,"Seattle, WA, United States",https://www.speedtest.net/result/c/5b994536-5db3-4e09-8086-a4b8e1be88e7
2026-03-29T13:07:41.021698,tmobile,eth1,129.85,21.6,26.0,9.23,Accretive Networks,"Seattle, WA, United States",https://www.speedtest.net/result/c/a07e45ba-5bdb-417e-8f8a-779aa2021b7e
2026-03-29T13:22:40.960042,tmobile,eth1,170.31,21.34,20.45,3.76,Accretive Networks,"Seattle, WA, United States",https://www.speedtest.net/result/c/220c57b6-ac57-4b61-8e90-66194f136fed
2026-03-29T13:37:40.569373,tmobile,eth1,187.88,16.62,21.41,7.16,Accretive Networks,"Seattle, WA, United States",https://www.speedtest.net/result/c/bb61e289-4fb6-41bf-8b37-6e636e20d87e
2026-03-29T13:52:36.064414,tmobile,eth1,175.82,14.85,23.24,5.55,Accretive Networks,"Seattle, WA, United States",https://www.speedtest.net/result/c/d5e93b77-c5de-4673-a073-c75816c8301b
2026-03-29T14:07:35.807553,tmobile,eth1,184.24,40.17,30.0,3.85,Accretive Networks,"Seattle, WA, United States",https://www.speedtest.net/result/c/2b283c08-d69a-4abe-a1ed-5dd0b20add9f
2026-03-29T14:22:28.004983,tmobile,eth1,227.53,71.94,19.99,0.13,Accretive Networks,"Seattle, WA, United States",https://www.speedtest.net/result/c/c5a83632-e576-4721-b83c-aed6db0a1a33
2026-03-29T14:37:36.090358,tmobile,eth1,156.63,38.58,19.82,0.48,Accretive Networks,"Seattle, WA, United States",https://www.speedtest.net/result/c/6e5437ac-9e38-4876-b453-bc7e957f5a62
2026-03-29T14:52:34.675192,tmobile,eth1,137.98,41.23,20.44,3.3,Accretive Networks,"Seattle, WA, United States",https://www.speedtest.net/result/c/10a33368-5a09-4c13-868b-00825c0a5906
2026-03-29T15:07:43.145200,tmobile,eth1,229.89,19.19,19.96,1.08,Accretive Networks,"Seattle, WA, United States",https://www.speedtest.net/result/c/a8b850de-673d-4dc2-89d1-b33b4022c47c
2026-03-29T15:22:32.912824,tmobile,eth1,146.4,60.09,23.93,8.18,Accretive Networks,"Seattle, WA, United States",https://www.speedtest.net/result/c/81ec3975-94cb-43ae-8002-d2006206806f
2026-03-29T15:37:33.600243,tmobile,eth1,141.29,29.47,36.41,4.44,Sangoma,"Seattle, WA, United States",https://www.speedtest.net/result/c/c4626d86-711f-40fc-86ed-8de252410b46
2026-03-29T15:52:41.764605,tmobile,eth1,162.76,30.7,30.04,5.02,Sangoma,"Seattle, WA, United States",https://www.speedtest.net/result/c/06ad400e-481c-4cc1-90d2-8febac93bb6e
2026-03-29T16:07:33.100775,tmobile,eth1,151.41,24.23,28.16,9.41,Accretive Networks,"Seattle, WA, United States",https://www.speedtest.net/result/c/980a8671-d657-441b-8892-34110e72f997
2026-03-29T16:22:34.048066,tmobile,eth1,119.6,28.0,20.04,0.45,Accretive Networks,"Seattle, WA, United States",https://www.speedtest.net/result/c/c1dd5585-a71c-4fdf-b928-04d45fa2f1f9
2026-03-29T16:37:31.347154,tmobile,eth1,173.06,23.79,20.65,5.7,Accretive Networks,"Seattle, WA, United States",https://www.speedtest.net/result/c/b4602c4d-f315-489d-b804-3dc31c9d879d
2026-03-29T16:52:34.979763,tmobile,eth1,167.87,16.92,26.1,9.54,Accretive Networks,"Seattle, WA, United States",https://www.speedtest.net/result/c/52036ed1-b698-4ac9-94c0-6f225141dcd4
2026-03-29T17:07:31.755306,tmobile,eth1,132.24,27.32,20.16,1.17,Accretive Networks,"Seattle, WA, United States",https://www.speedtest.net/result/c/798554b8-ccae-441e-942d-2135f9dfda57
2026-03-29T17:22:39.173197,tmobile,eth1,105.96,19.85,20.45,1.79,Accretive Networks,"Seattle, WA, United States",https://www.speedtest.net/result/c/07b57197-e69b-4794-877d-ec8b72bb7b21
2026-03-29T17:37:32.085995,tmobile,eth1,163.22,26.49,22.06,3.39,Accretive Networks,"Seattle, WA, United States",https://www.speedtest.net/result/c/7a96f764-3455-47e9-afac-16c5229a5af3
2026-03-29T17:52:41.735146,tmobile,eth1,179.64,22.83,40.35,5.87,fdcservers.net,"Seattle, WA, United States",https://www.speedtest.net/result/c/536307f7-c8cd-4cc5-b0e0-e14e7a5b86e8
2026-03-29T18:07:35.860674,tmobile,eth1,165.37,84.57,21.77,4.06,Accretive Networks,"Seattle, WA, United States",https://www.speedtest.net/result/c/12d667fc-887c-4660-9438-be6a97afeb66
2026-03-29T18:22:33.935384,tmobile,eth1,112.83,34.07,20.01,1.54,Accretive Networks,"Seattle, WA, United States",https://www.speedtest.net/result/c/99c12ac2-15bc-4005-8509-968aa3571f45
2026-03-29T18:37:38.555367,tmobile,eth1,148.44,39.52,23.75,7.94,Accretive Networks,"Seattle, WA, United States",https://www.speedtest.net/result/c/23ebe717-ca94-45bb-8ce5-7a69a33f2003
2026-03-29T18:52:29.906894,tmobile,eth1,202.59,43.7,26.97,2.91,Accretive Networks,"Seattle, WA, United States",https://www.speedtest.net/result/c/6bc5722e-5e83-4bc6-a924-e3e31b9c427a
2026-03-29T19:07:32.446478,tmobile,eth1,195.38,42.38,32.57,7.3,Accretive Networks,"Seattle, WA, United States",https://www.speedtest.net/result/c/e3a09838-6bd8-4877-961c-666b1edb67e7
2026-03-29T19:22:39.140746,tmobile,eth1,116.1,20.16,19.99,0.73,Accretive Networks,"Seattle, WA, United States",https://www.speedtest.net/result/c/cfb699bd-12a2-4ffc-bf88-043b4de0d9c2
2026-03-29T19:37:31.847945,tmobile,eth1,134.73,14.84,39.17,8.1,Accretive Networks,"Seattle, WA, United States",https://www.speedtest.net/result/c/4089fef9-973a-4d15-aa10-d24d8c0486eb
2026-03-29T19:52:38.693352,tmobile,eth1,110.36,17.74,19.69,0.58,fdcservers.net,"Seattle, WA, United States",https://www.speedtest.net/result/c/c453ed5d-3678-4593-9519-1e1249ae99ae
2026-03-29T20:07:28.793110,tmobile,eth1,182.41,13.57,23.81,5.21,Accretive Networks,"Seattle, WA, United States",https://www.speedtest.net/result/c/fb934e73-e7b2-40a0-9dc2-4b7cb74ada8a
2026-03-29T20:22:31.482306,tmobile,eth1,179.22,22.65,26.93,8.22,Accretive Networks,"Seattle, WA, United States",https://www.speedtest.net/result/c/ebeaa937-08cf-4556-9ac7-5d322cb6a15c
2026-03-29T20:37:31.725067,tmobile,eth1,113.2,22.08,19.94,0.98,Accretive Networks,"Seattle, WA, United States",https://www.speedtest.net/result/c/f2b1bb8c-24c9-479e-8d89-b6b0f8490468
2026-03-29T20:52:34.176316,tmobile,eth1,191.22,80.11,29.92,1.26,GigabitNow,"Seattle, WA, United States",https://www.speedtest.net/result/c/bbc37b31-061f-4fd2-9b4d-bb455a5ea6db
2026-03-29T21:07:36.080077,tmobile,eth1,60.64,17.34,20.13,0.56,Accretive Networks,"Seattle, WA, United States",https://www.speedtest.net/result/c/bb800863-80ae-4066-93c3-81a43b0866cd
2026-03-29T21:22:39.313746,tmobile,eth1,152.22,16.45,21.79,5.89,Accretive Networks,"Seattle, WA, United States",https://www.speedtest.net/result/c/19ff6a92-2a9d-4f04-923f-80734724a7aa
2026-03-29T21:37:41.577070,tmobile,eth1,101.15,10.93,23.61,3.3,Accretive Networks,"Seattle, WA, United States",https://www.speedtest.net/result/c/d1b9633a-ffa6-41e1-b0b1-0f01162cdf83
2026-03-29T21:52:41.319307,tmobile,eth1,124.55,15.28,21.62,3.77,Accretive Networks,"Seattle, WA, United States",https://www.speedtest.net/result/c/ebd47040-5901-45d8-9e18-509f725c86f5
2026-03-29T22:07:32.925794,tmobile,eth1,137.47,22.3,19.97,1.42,fdcservers.net,"Seattle, WA, United States",https://www.speedtest.net/result/c/604af502-7634-4ba6-986b-d944613f28fa
2026-03-29T22:22:30.276015,tmobile,eth1,178.2,17.61,20.0,0.73,fdcservers.net,"Seattle, WA, United States",https://www.speedtest.net/result/c/6381f181-ff9d-4d1c-a374-dc4768dcd32e
2026-03-29T22:37:36.335004,tmobile,eth1,209.9,20.02,32.72,14.0,Accretive Networks,"Seattle, WA, United States",https://www.speedtest.net/result/c/0f4bd03e-b972-45a7-81d5-08764afa67c4
2026-03-29T22:52:39.680327,tmobile,eth1,234.78,24.3,21.44,7.59,Accretive Networks,"Seattle, WA, United States",https://www.speedtest.net/result/c/167417b5-311a-4f92-824d-10eb9be83ffc
2026-03-29T23:07:34.953113,tmobile,eth1,243.69,21.4,39.97,0.25,EZEE Fiber,"Seattle, WA, United States",https://www.speedtest.net/result/c/c71d2816-ce4c-4416-b0b5-d135444fe513
2026-03-29T23:22:31.198499,tmobile,eth1,210.82,21.24,20.04,0.55,Accretive Networks,"Seattle, WA, United States",https://www.speedtest.net/result/c/879c3087-e385-474d-890a-ccfc53c80da9
2026-03-29T23:37:30.263052,tmobile,eth1,228.36,25.41,20.27,9.52,Accretive Networks,"Seattle, WA, United States",https://www.speedtest.net/result/c/46f32461-cd56-421f-ad49-bd08ee048d96
2026-03-29T23:52:27.048802,tmobile,eth1,257.08,23.57,20.0,0.27,Accretive Networks,"Seattle, WA, United States",https://www.speedtest.net/result/c/156924ac-b14d-4104-a17a-5babb559b55a
2026-03-30T00:07:32.600201,tmobile,eth1,186.82,25.26,20.04,0.12,Accretive Networks,"Seattle, WA, United States",https://www.speedtest.net/result/c/abb9cc2a-e7b9-4cfa-8320-518f4f7e0c45
2026-03-30T00:22:33.299526,tmobile,eth1,80.48,29.37,20.04,0.48,Accretive Networks,"Seattle, WA, United States",https://www.speedtest.net/result/c/e01e34d4-6ba2-43ce-8e3a-e4d517614fcd
2026-03-30T00:37:34.717308,tmobile,eth1,102.95,20.76,20.68,3.06,Accretive Networks,"Seattle, WA, United States",https://www.speedtest.net/result/c/6af86d46-e428-41c9-b04f-ed71bc009c40
2026-03-30T00:52:31.260140,tmobile,eth1,144.62,30.9,27.88,10.85,Accretive Networks,"Seattle, WA, United States",https://www.speedtest.net/result/c/898c87e0-ad57-407a-a5f3-ce70de07d3bd
2026-03-30T01:07:33.040187,tmobile,eth1,145.0,25.65,20.02,0.57,Accretive Networks,"Seattle, WA, United States",https://www.speedtest.net/result/c/1026f4a5-400c-447d-9c67-1ea821a0a652
2026-03-30T01:22:32.664577,tmobile,eth1,333.12,80.38,21.41,1.31,fdcservers.net,"Seattle, WA, United States",https://www.speedtest.net/result/c/28a85d65-6b89-44f1-9506-fd9ae68c9cc2
2026-03-30T01:37:33.334076,tmobile,eth1,314.58,92.15,21.66,3.77,Accretive Networks,"Seattle, WA, United States",https://www.speedtest.net/result/c/4888ee33-52d5-4bdb-8989-42dc9cf978f2
2026-03-30T01:52:35.896754,tmobile,eth1,181.7,39.44,20.15,3.69,fdcservers.net,"Seattle, WA, United States",https://www.speedtest.net/result/c/460614d3-7dd8-41fc-a2ee-7b4595e2228e
2026-03-30T02:07:37.299566,tmobile,eth1,267.02,42.14,30.06,7.62,Sangoma,"Seattle, WA, United States",https://www.speedtest.net/result/c/aa33c992-c999-481f-8827-d1171e53a8a5
2026-03-30T02:22:35.726657,tmobile,eth1,271.51,44.77,26.47,6.33,Accretive Networks,"Seattle, WA, United States",https://www.speedtest.net/result/c/3a855624-b63f-4fbe-aed5-485516868376
2026-03-30T02:37:37.166124,tmobile,eth1,218.21,39.31,20.03,0.24,Accretive Networks,"Seattle, WA, United States",https://www.speedtest.net/result/c/8774637e-0f8a-4727-91e9-32fd183aa530
2026-03-30T02:52:32.392408,tmobile,eth1,329.64,33.27,26.84,4.8,Accretive Networks,"Seattle, WA, United States",https://www.speedtest.net/result/c/e8232979-ce2e-435b-8e44-7f1319f09b8e
2026-03-30T03:07:36.765102,tmobile,eth1,299.95,48.82,22.75,8.78,Accretive Networks,"Seattle, WA, United States",https://www.speedtest.net/result/c/35e17bd3-ea2f-4051-a4c6-0ae6b4bb00c4
2026-03-30T03:22:39.560013,tmobile,eth1,323.04,38.71,19.92,0.81,Accretive Networks,"Seattle, WA, United States",https://www.speedtest.net/result/c/34066290-d8bf-45cd-92b4-99dc2be1810a
2026-03-30T03:37:34.904779,tmobile,eth1,360.64,57.05,20.24,2.09,Accretive Networks,"Seattle, WA, United States",https://www.speedtest.net/result/c/fec1e09e-c41a-456f-9cee-f644d7ef206d
2026-03-30T03:52:31.939419,tmobile,eth1,290.22,28.09,20.05,0.13,Accretive Networks,"Seattle, WA, United States",https://www.speedtest.net/result/c/6687d9a3-6221-4d1e-a4b2-d7279cc887a0
2026-03-30T04:07:37.681923,tmobile,eth1,346.56,64.63,29.77,2.63,fdcservers.net,"Seattle, WA, United States",https://www.speedtest.net/result/c/082063ad-7074-4b87-860a-7be38e9d87a0
2026-03-30T04:22:28.898788,tmobile,eth1,286.44,43.59,20.01,1.22,fdcservers.net,"Seattle, WA, United States",https://www.speedtest.net/result/c/023c5660-58d2-4659-a17f-1b8a442dadf5
2026-03-30T04:37:33.218578,tmobile,eth1,147.48,47.72,21.52,2.69,Accretive Networks,"Seattle, WA, United States",https://www.speedtest.net/result/c/8c70ecd5-4534-437e-92ae-fad7ccae4c6e
2026-03-30T04:52:33.432511,tmobile,eth1,324.87,100.88,26.29,8.32,Accretive Networks,"Seattle, WA, United States",https://www.speedtest.net/result/c/6836b5aa-c028-4303-a696-ca3d75ec1a23
2026-03-30T05:07:32.148582,tmobile,eth1,213.9,45.05,20.05,1.34,Accretive Networks,"Seattle, WA, United States",https://www.speedtest.net/result/c/f6d89ed7-05f7-4c71-bbb1-9988031d7683
2026-03-30T05:22:33.751596,tmobile,eth1,292.26,43.44,25.03,10.2,Accretive Networks,"Seattle, WA, United States",https://www.speedtest.net/result/c/a5f28083-5a7f-4ada-9829-5de1b7d2165a
2026-03-30T05:37:36.131202,tmobile,eth1,351.11,43.54,22.34,3.91,Accretive Networks,"Seattle, WA, United States",https://www.speedtest.net/result/c/94dbc2c2-544f-48fd-af95-0b41f67af0d2
2026-03-30T05:52:29.082098,tmobile,eth1,157.63,12.06,23.07,5.19,Accretive Networks,"Seattle, WA, United States",https://www.speedtest.net/result/c/4b20375c-91b1-4a18-86b3-47f1bcd08f80
2026-03-30T06:07:36.421361,tmobile,eth1,153.23,43.48,26.43,9.17,Accretive Networks,"Seattle, WA, United States",https://www.speedtest.net/result/c/ae4540b3-3c9a-4387-9d61-5eb9a1bcf6ca
2026-03-30T06:22:29.603063,tmobile,eth1,340.18,42.28,20.21,2.37,Accretive Networks,"Seattle, WA, United States",https://www.speedtest.net/result/c/b18b1fa2-e265-46e8-9551-aaa89b947ba7
2026-03-30T06:37:39.499938,tmobile,eth1,317.54,41.25,31.26,6.66,fdcservers.net,"Seattle, WA, United States",https://www.speedtest.net/result/c/8aca2a6d-43eb-40ed-89ec-9fb461fcdb44
2026-03-30T06:52:38.625760,tmobile,eth1,265.25,38.78,23.05,5.12,Accretive Networks,"Seattle, WA, United States",https://www.speedtest.net/result/c/f8f65366-41f8-4748-94ec-78e8fc9f7cb5
2026-03-30T07:07:31.642420,tmobile,eth1,285.66,36.29,19.96,0.16,Accretive Networks,"Seattle, WA, United States",https://www.speedtest.net/result/c/86865e5e-1df8-4a84-8cce-8cdd7c7418a5
2026-03-30T07:22:36.505615,tmobile,eth1,287.3,32.49,20.32,2.03,Accretive Networks,"Seattle, WA, United States",https://www.speedtest.net/result/c/8e42c99e-8baf-431b-9b38-29859cd060c9
2026-03-30T07:37:33.977148,tmobile,eth1,245.13,37.63,19.98,2.12,Accretive Networks,"Seattle, WA, United States",https://www.speedtest.net/result/c/b2301876-fb4d-456e-a06d-2c45aef3a19b
2026-03-30T07:52:21.497590,tmobile,eth1,190.79,38.28,20.02,0.26,Accretive Networks,"Seattle, WA, United States",https://www.speedtest.net/result/c/354a1ef3-907c-409f-a71c-9c5c34188002
2026-03-30T08:07:33.853915,tmobile,eth1,200.75,31.99,20.06,0.26,Accretive Networks,"Seattle, WA, United States",https://www.speedtest.net/result/c/bb7ba729-8435-4da0-9c0d-53b9513ce71c
2026-03-30T08:22:35.377697,tmobile,eth1,239.83,38.62,19.99,0.92,fdcservers.net,"Seattle, WA, United States",https://www.speedtest.net/result/c/017037bb-c235-448e-aecb-d463620810f8
2026-03-30T08:37:33.815424,tmobile,eth1,244.1,38.67,20.03,0.9,Accretive Networks,"Seattle, WA, United States",https://www.speedtest.net/result/c/575db435-f27d-4327-becd-6435e37f42d1
2026-03-30T08:52:29.463783,tmobile,eth1,207.97,22.81,20.27,1.19,Accretive Networks,"Seattle, WA, United States",https://www.speedtest.net/result/c/1a3f09b4-64dc-42e3-99cc-ee7f458edcbf
2026-03-30T09:07:34.565658,tmobile,eth1,201.6,29.13,21.32,2.49,Accretive Networks,"Seattle, WA, United States",https://www.speedtest.net/result/c/fd9d3e34-56ba-43eb-9959-01de1d7f84bc
2026-03-30T09:22:25.274928,tmobile,eth1,279.55,36.57,19.96,0.1,Accretive Networks,"Seattle, WA, United States",https://www.speedtest.net/result/c/a4f69c2e-6677-4d95-b2c4-8c3b39992ac4
2026-03-30T09:37:36.436756,tmobile,eth1,232.3,26.92,19.91,1.79,Accretive Networks,"Seattle, WA, United States",https://www.speedtest.net/result/c/fe966ff5-fec6-4c6e-b1a7-71b89f6eb031
2026-03-30T09:52:34.664855,tmobile,eth1,161.29,22.04,26.42,8.75,Accretive Networks,"Seattle, WA, United States",https://www.speedtest.net/result/c/d529765e-43e6-49f1-9a0d-d748d3495a7b
2026-03-30T10:07:35.123384,tmobile,eth1,183.57,39.51,22.86,6.51,Accretive Networks,"Seattle, WA, United States",https://www.speedtest.net/result/c/4c32769d-69d1-4bdf-b8fd-3491de31fc6e
2026-03-30T10:22:41.057115,tmobile,eth1,255.59,43.1,35.46,3.87,EZEE Fiber,"Seattle, WA, United States",https://www.speedtest.net/result/c/ab1d6a85-0d29-40f7-a193-12226acf3959
2026-03-30T10:37:30.087151,tmobile,eth1,166.04,46.86,19.89,0.47,Accretive Networks,"Seattle, WA, United States",https://www.speedtest.net/result/c/a8d66db8-31bd-4440-9005-6a45209fa410
2026-03-30T10:52:30.573561,tmobile,eth1,245.38,46.24,32.78,3.31,Sangoma,"Seattle, WA, United States",https://www.speedtest.net/result/c/08c0239b-3a96-4d81-91ba-20e06a72cbab
2026-03-30T11:07:42.167984,tmobile,eth1,269.55,39.77,40.48,1.37,Sangoma,"Seattle, WA, United States",https://www.speedtest.net/result/c/3a208c06-cbed-47d4-9a2f-29f59e3c2144
2026-03-30T11:22:32.809992,tmobile,eth1,257.63,43.4,19.99,0.26,Accretive Networks,"Seattle, WA, United States",https://www.speedtest.net/result/c/8e1fe605-cff1-4ee1-8b4d-c66c6a3d48b8
2026-03-30T11:37:28.281442,tmobile,eth1,254.4,42.69,20.17,4.7,Accretive Networks,"Seattle, WA, United States",https://www.speedtest.net/result/c/17d44d44-465b-4312-b076-8aa5a6f7d99f
2026-03-30T12:07:28.395204,tmobile,eth1,210.21,34.95,24.02,3.38,Accretive Networks,"Seattle, WA, United States",https://www.speedtest.net/result/c/dd6c7f5e-6cde-43b3-94f7-67be9b4db54d
2026-03-30T12:22:37.421076,tmobile,eth1,227.78,41.65,19.96,0.34,Accretive Networks,"Seattle, WA, United States",https://www.speedtest.net/result/c/a6e6ccf5-819b-48b3-a74d-7a75f96ee68c
2026-03-30T12:37:35.501935,tmobile,eth1,193.05,38.43,21.25,3.9,Accretive Networks,"Seattle, WA, United States",https://www.speedtest.net/result/c/0717564b-7d39-4339-a112-4ce96672b31b
2026-03-30T12:52:32.162970,tmobile,eth1,222.23,47.34,20.81,2.07,Accretive Networks,"Seattle, WA, United States",https://www.speedtest.net/result/c/c15b915a-5fd4-4359-bb0c-8effd21155b5
2026-03-30T13:07:31.441868,tmobile,eth1,185.85,43.42,40.26,0.75,fdcservers.net,"Seattle, WA, United States",https://www.speedtest.net/result/c/53dfc386-cfb7-4db8-b549-d51dbb8778e2
2026-03-30T13:22:29.176406,tmobile,eth1,198.42,43.91,19.79,1.29,Accretive Networks,"Seattle, WA, United States",https://www.speedtest.net/result/c/e20c0d84-60f5-4ffe-a0c2-dd95aeb83b7e
2026-03-30T13:37:36.926658,tmobile,eth1,274.25,45.89,30.01,3.52,Ziply Fiber,"Seattle, WA, United States",https://www.speedtest.net/result/c/4f86130c-ec10-4382-9d41-efb230abac9f
2026-03-30T13:52:41.840405,tmobile,eth1,251.12,48.73,29.64,8.71,EZEE Fiber,"Seattle, WA, United States",https://www.speedtest.net/result/c/5f32b892-75d6-4a7e-9c03-2a2d68e6f72f
2026-03-30T14:07:40.947369,tmobile,eth1,217.94,43.2,36.8,6.73,Sangoma,"Seattle, WA, United States",https://www.speedtest.net/result/c/46865f22-d1da-4788-87de-731e73132c71
2026-03-30T14:22:32.345826,tmobile,eth1,204.19,49.1,20.03,0.25,Accretive Networks,"Seattle, WA, United States",https://www.speedtest.net/result/c/2646e44c-7b4a-4b2f-8673-b0e921e616be
2026-03-30T14:37:29.062501,tmobile,eth1,157.26,41.21,24.7,4.55,Accretive Networks,"Seattle, WA, United States",https://www.speedtest.net/result/c/a048174f-52a1-496a-a977-54904a361a81
2026-03-30T14:52:36.557570,tmobile,eth1,191.73,18.28,27.85,10.42,Accretive Networks,"Seattle, WA, United States",https://www.speedtest.net/result/c/ebc0042e-0041-480c-b748-dfd02072ed29
2026-03-30T15:07:25.924725,tmobile,eth1,159.17,23.71,26.27,7.9,Accretive Networks,"Seattle, WA, United States",https://www.speedtest.net/result/c/0721fcf8-e5e0-4a27-9de2-c3214cf45896
2026-03-30T15:37:35.259018,tmobile,eth1,126.39,16.19,20.0,2.39,Accretive Networks,"Seattle, WA, United States",https://www.speedtest.net/result/c/014181ee-4915-46ff-9d59-308cc5bf796f
2026-03-30T15:52:35.847667,tmobile,eth1,210.0,42.72,26.38,8.76,Accretive Networks,"Seattle, WA, United States",https://www.speedtest.net/result/c/97fbe064-110f-4735-947b-ae75abad1e5e
2026-03-30T16:07:30.731411,tmobile,eth1,165.53,46.35,21.95,7.55,Accretive Networks,"Seattle, WA, United States",https://www.speedtest.net/result/c/718bf722-092c-4649-bd31-b4db98921a36
2026-03-30T16:22:35.759895,tmobile,eth1,211.2,94.57,40.17,6.02,fdcservers.net,"Seattle, WA, United States",https://www.speedtest.net/result/c/0d45e7bf-d3d2-4b31-9ece-243d8586e7bf
2026-03-30T16:37:32.498158,tmobile,eth1,171.45,41.84,33.49,12.58,fdcservers.net,"Seattle, WA, United States",https://www.speedtest.net/result/c/51bfd810-5a6c-45d9-9fe2-1418ca599e32
2026-03-30T16:52:33.936431,tmobile,eth1,203.57,45.13,20.03,0.27,Accretive Networks,"Seattle, WA, United States",https://www.speedtest.net/result/c/1b4a80c0-2e3b-41f6-a64d-9412fdd41cac
2026-03-30T17:07:27.958138,tmobile,eth1,179.55,48.19,20.0,1.12,Accretive Networks,"Seattle, WA, United States",https://www.speedtest.net/result/c/0b84018f-0985-49ea-b7e5-fd789967e155
2026-03-30T17:22:33.202166,tmobile,eth1,180.22,47.14,29.64,7.1,fdcservers.net,"Seattle, WA, United States",https://www.speedtest.net/result/c/a0642c38-934b-42c4-9095-d5a7bcc17edd
2026-03-30T17:37:31.212392,tmobile,eth1,264.9,26.94,19.91,1.12,Accretive Networks,"Seattle, WA, United States",https://www.speedtest.net/result/c/a94f5e63-9c9d-4c1f-a721-10a33df7cdf1
2026-03-30T17:52:33.253369,tmobile,eth1,152.4,15.7,19.89,0.88,Accretive Networks,"Seattle, WA, United States",https://www.speedtest.net/result/c/ff99d31d-0a72-4356-abb2-1bb2c68bfb19
2026-03-30T18:07:23.691687,tmobile,eth1,130.2,48.3,20.04,0.55,fdcservers.net,"Seattle, WA, United States",https://www.speedtest.net/result/c/0dc2de3e-8459-4b47-8516-4bb3d8dac730
2026-03-30T18:22:35.814009,tmobile,eth1,224.58,24.8,21.59,4.94,Accretive Networks,"Seattle, WA, United States",https://www.speedtest.net/result/c/1d47d951-3674-4a4e-a092-0401a7e31b86
2026-03-30T18:37:38.488181,tmobile,eth1,236.95,26.44,20.0,0.24,Accretive Networks,"Seattle, WA, United States",https://www.speedtest.net/result/c/b30e57ed-28c5-4993-aec3-8357ad4d238c
2026-03-30T18:52:43.702036,tmobile,eth1,75.01,16.83,34.47,11.44,Ziply Fiber,"Seattle, WA, United States",https://www.speedtest.net/result/c/7582a741-9c4e-41c1-a177-3ca348993752
2026-03-30T19:07:41.164577,tmobile,eth1,84.35,10.25,28.1,8.88,Accretive Networks,"Seattle, WA, United States",https://www.speedtest.net/result/c/200c2108-7a1f-45c6-b7c8-da1703c0bb4c
2026-03-30T19:22:31.975563,tmobile,eth1,89.1,32.07,23.78,6.05,Accretive Networks,"Seattle, WA, United States",https://www.speedtest.net/result/c/96aea784-8fe5-460b-8656-741a2b34f8ae
2026-03-30T19:37:35.342047,tmobile,eth1,39.52,21.06,40.09,4.87,Astound Broadband,"Seattle, WA, United States",https://www.speedtest.net/result/c/c85541ce-266e-4e8d-8d49-a53120834b0c
2026-03-30T19:52:33.833693,tmobile,eth1,196.65,88.93,21.7,3.31,Accretive Networks,"Seattle, WA, United States",https://www.speedtest.net/result/c/396184d6-f32d-4a4d-94ce-0d30573a4f27
2026-03-30T20:07:35.876622,tmobile,eth1,155.6,23.2,20.22,2.45,Accretive Networks,"Seattle, WA, United States",https://www.speedtest.net/result/c/2b81d41f-083c-4d40-ba24-ced9d25a216d
2026-03-30T20:22:36.970262,tmobile,eth1,215.33,94.43,25.54,5.0,GSL Networks,"Seattle, WA, United States",https://www.speedtest.net/result/c/8e93cffc-08b6-4610-8473-5c7ec2f1f2f6
2026-03-30T20:37:37.690730,tmobile,eth1,237.4,87.78,19.98,0.44,Accretive Networks,"Seattle, WA, United States",https://www.speedtest.net/result/c/a3c1b96c-a3f6-4a58-8050-59ed01cd7ec2
2026-03-30T20:52:33.914995,tmobile,eth1,136.85,24.45,19.87,0.39,Accretive Networks,"Seattle, WA, United States",https://www.speedtest.net/result/c/98e1a492-d3d7-48c3-88ad-f2f9590992a9
2026-03-30T21:07:35.759347,tmobile,eth1,165.43,18.08,21.53,7.78,Accretive Networks,"Seattle, WA, United States",https://www.speedtest.net/result/c/d0dc14ca-20c3-4471-9332-ddc8c4332640
2026-03-30T21:22:43.741698,tmobile,eth1,114.0,25.03,40.02,0.2,Ziply Fiber,"Seattle, WA, United States",https://www.speedtest.net/result/c/ed5640bc-feb8-4334-9ba0-29b966a62455
2026-03-30T21:37:40.726542,tmobile,eth1,98.14,15.7,20.2,0.8,Accretive Networks,"Seattle, WA, United States",https://www.speedtest.net/result/c/27e89027-238e-400c-956a-da387e6d4616
2026-03-30T21:52:31.212900,tmobile,eth1,151.86,11.06,32.35,6.36,fdcservers.net,"Seattle, WA, United States",https://www.speedtest.net/result/c/0bbd1a2c-e398-464e-8304-0157f429d86f
2026-03-30T22:07:31.174364,tmobile,eth1,149.33,11.71,24.01,6.95,Accretive Networks,"Seattle, WA, United States",https://www.speedtest.net/result/c/12baf721-2e7a-4f4b-92e1-b7ebd83c2e67
2026-03-30T22:22:34.555788,tmobile,eth1,54.11,14.14,29.97,2.9,Astound Broadband,"Seattle, WA, United States",https://www.speedtest.net/result/c/722f4aa1-e40a-4bae-8d29-1e71a37b82e1
2026-03-30T22:37:32.788356,tmobile,eth1,173.78,17.35,23.77,6.34,Accretive Networks,"Seattle, WA, United States",https://www.speedtest.net/result/c/bcb36d86-e674-44f5-87e7-ca7ecc1e6307
2026-03-30T22:52:30.564962,tmobile,eth1,143.31,16.38,23.65,7.54,Accretive Networks,"Seattle, WA, United States",https://www.speedtest.net/result/c/0a1f4522-0132-4417-8a0c-8a6d4f1376a3
2026-03-30T23:07:28.261058,tmobile,eth1,206.78,16.51,21.65,10.01,Accretive Networks,"Seattle, WA, United States",https://www.speedtest.net/result/c/5405d7a5-6b0e-40c0-8e9f-1079a84a3f36
2026-03-30T23:22:31.719062,tmobile,eth1,197.14,19.44,30.05,7.84,Accretive Networks,"Seattle, WA, United States",https://www.speedtest.net/result/c/d634fe59-4870-4118-ad8a-88afba5aa4a2
2026-03-30T23:37:29.068272,tmobile,eth1,149.78,23.01,21.82,6.02,fdcservers.net,"Seattle, WA, United States",https://www.speedtest.net/result/c/8fad9c93-0b60-4d8c-836a-edea6774b1df
2026-03-30T23:52:39.978609,tmobile,eth1,201.54,26.8,20.15,4.6,Accretive Networks,"Seattle, WA, United States",https://www.speedtest.net/result/c/2db499fb-287b-4941-8960-ac5ea7387fe0
2026-03-31T00:07:41.671007,tmobile,eth1,208.72,9.14,28.35,7.15,Accretive Networks,"Seattle, WA, United States",https://www.speedtest.net/result/c/615381c9-2749-47ee-ab36-75c1bde81e42
2026-03-31T00:22:35.726274,tmobile,eth1,294.72,28.17,21.63,2.64,Accretive Networks,"Seattle, WA, United States",https://www.speedtest.net/result/c/68aff2a9-0be7-418c-81e6-c81127ba85d5
2026-03-31T00:37:33.733177,tmobile,eth1,323.12,24.54,22.02,4.04,Accretive Networks,"Seattle, WA, United States",https://www.speedtest.net/result/c/c8de0cc7-2915-4c81-b159-8884af0343b2
2026-03-31T00:52:39.015109,tmobile,eth1,193.9,35.24,19.96,0.35,fdcservers.net,"Seattle, WA, United States",https://www.speedtest.net/result/c/c8e86a10-0e30-40ba-94d9-b05c733ce98c
2026-03-31T01:07:35.269009,tmobile,eth1,232.53,30.31,23.38,5.41,Accretive Networks,"Seattle, WA, United States",https://www.speedtest.net/result/c/6a4bb83d-6496-43c2-87bb-6fe803ebd6a3
2026-03-31T01:22:32.832916,tmobile,eth1,136.21,29.22,20.75,4.99,Accretive Networks,"Seattle, WA, United States",https://www.speedtest.net/result/c/5c3c9776-0d49-4688-8205-403726370ff3
2026-03-31T01:37:30.237649,tmobile,eth1,120.36,33.78,29.58,11.68,Accretive Networks,"Seattle, WA, United States",https://www.speedtest.net/result/c/eb288718-b9b5-4524-abd3-05790b960657
2026-03-31T01:52:39.820650,tmobile,eth1,159.83,31.35,28.1,16.19,Accretive Networks,"Seattle, WA, United States",https://www.speedtest.net/result/c/dd6d2928-12de-4ace-9d4a-42c6bf48cd7e
2026-03-31T02:07:35.627004,tmobile,eth1,97.52,33.73,40.08,0.82,fdcservers.net,"Seattle, WA, United States",https://www.speedtest.net/result/c/525f1ce1-a447-4dcb-a747-4ff20bd01cf8
2026-03-31T02:22:32.429602,tmobile,eth1,153.92,18.1,20.63,3.55,Accretive Networks,"Seattle, WA, United States",https://www.speedtest.net/result/c/11f8f901-9590-4eea-90b3-4eb6c559fa4d
2026-03-31T02:37:35.083966,tmobile,eth1,182.0,41.0,20.47,2.97,Accretive Networks,"Seattle, WA, United States",https://www.speedtest.net/result/c/082102b1-da32-4262-8cbc-b614d5f823b6
2026-03-31T02:52:38.397251,tmobile,eth1,234.27,42.79,19.96,0.16,Accretive Networks,"Seattle, WA, United States",https://www.speedtest.net/result/c/926cfeb7-af4f-470a-9b86-cbe855260236
2026-03-31T03:07:28.602180,tmobile,eth1,268.31,50.42,20.05,0.62,Accretive Networks,"Seattle, WA, United States",https://www.speedtest.net/result/c/84bac5f3-3c1f-4156-96a6-3543c6fedab8
2026-03-31T03:22:34.526408,tmobile,eth1,205.68,44.52,39.93,1.52,Accretive Networks,"Seattle, WA, United States",https://www.speedtest.net/result/c/c9f2e047-294f-4a97-a561-c0bf78afc3e4
2026-03-31T03:37:34.925340,tmobile,eth1,329.81,51.44,29.95,2.0,fdcservers.net,"Seattle, WA, United States",https://www.speedtest.net/result/c/07b406a4-1f85-4453-a088-1af3c98df95c
2026-03-31T03:52:27.476409,tmobile,eth1,262.41,54.04,20.04,0.41,Accretive Networks,"Seattle, WA, United States",https://www.speedtest.net/result/c/0cf33acb-e62e-4962-8937-619c636ea34f
2026-03-31T04:07:27.277053,tmobile,eth1,175.2,47.36,27.97,10.31,Accretive Networks,"Seattle, WA, United States",https://www.speedtest.net/result/c/f23b293b-c095-443f-b911-02a49f638fc5
2026-03-31T04:22:29.108001,tmobile,eth1,293.87,108.81,20.03,3.86,Accretive Networks,"Seattle, WA, United States",https://www.speedtest.net/result/c/1d19eb14-52e2-42e7-978f-f6c229bec675
2026-03-31T04:37:39.343683,tmobile,eth1,114.46,45.17,31.79,13.29,Accretive Networks,"Seattle, WA, United States",
2026-03-31T04:52:30.294953,tmobile,eth1,353.04,58.08,25.18,7.5,Accretive Networks,"Seattle, WA, United States",https://www.speedtest.net/result/c/af634e06-829e-4602-a4bb-f303ad9e7976
2026-03-31T05:07:35.791384,tmobile,eth1,237.03,46.49,20.71,4.99,fdcservers.net,"Seattle, WA, United States",https://www.speedtest.net/result/c/aa164d68-b726-4e20-9f6b-d98e5fdbeae9
2026-03-31T05:22:29.617343,tmobile,eth1,302.21,55.7,20.04,0.36,Accretive Networks,"Seattle, WA, United States",https://www.speedtest.net/result/c/75f4a94e-8578-4678-aadb-c442f15d02fb
2026-03-31T05:37:29.253798,tmobile,eth1,268.76,56.31,25.28,6.92,Accretive Networks,"Seattle, WA, United States",https://www.speedtest.net/result/c/13d30a05-1c7d-440e-88c5-eec6a9424b7f
2026-03-31T05:52:25.168577,tmobile,eth1,213.75,46.7,26.05,9.75,Accretive Networks,"Seattle, WA, United States",https://www.speedtest.net/result/c/a21afb56-2c13-4dba-9257-2ded30d39f7e
2026-03-31T06:07:39.915205,tmobile,eth1,236.17,48.77,29.92,0.47,Sangoma,"Seattle, WA, United States",https://www.speedtest.net/result/c/554d8054-0056-44d4-9092-abfacd8c56db
2026-03-31T06:22:27.609304,tmobile,eth1,132.44,42.83,20.42,9.51,fdcservers.net,"Seattle, WA, United States",https://www.speedtest.net/result/c/174110df-da0a-4fca-9df3-e4a3aa04bf64
2026-03-31T06:37:40.759323,tmobile,eth1,151.44,40.22,26.86,6.85,fdcservers.net,"Seattle, WA, United States",https://www.speedtest.net/result/c/47b06b26-0fce-4572-8cfd-6b4b336e8979
2026-03-31T06:52:32.900439,tmobile,eth1,329.85,33.75,20.45,1.93,Accretive Networks,"Seattle, WA, United States",https://www.speedtest.net/result/c/b997e77e-407e-4726-a5e5-80f1665a9dfe
2026-03-31T07:07:43.401069,tmobile,eth1,339.6,36.85,21.5,7.91,fdcservers.net,"Seattle, WA, United States",https://www.speedtest.net/result/c/c42ad174-7995-4a1d-992e-f2118ce4a27c
2026-03-31T07:22:37.423981,tmobile,eth1,319.05,36.56,31.57,13.74,EZEE Fiber,"Seattle, WA, United States",https://www.speedtest.net/result/c/a0d78aa0-b21c-4fd1-9b61-60d3ea370b22
2026-03-31T07:37:37.656862,tmobile,eth1,221.39,31.81,20.3,7.16,Accretive Networks,"Seattle, WA, United States",https://www.speedtest.net/result/c/d0515db1-d150-4cfb-b43a-a7f388545e0f
2026-03-31T07:52:33.010221,tmobile,eth1,239.25,35.9,20.1,0.37,Accretive Networks,"Seattle, WA, United States",https://www.speedtest.net/result/c/3defb4cd-cc6f-4dc6-9d23-e1987759344c
2026-03-31T08:07:31.404706,tmobile,eth1,218.22,30.39,20.37,5.5,Accretive Networks,"Seattle, WA, United States",https://www.speedtest.net/result/c/78f0d606-8eeb-436f-a1f4-8c2a9ea43a68
2026-03-31T08:22:32.155762,tmobile,eth1,212.05,42.52,29.64,2.22,Sangoma,"Seattle, WA, United States",https://www.speedtest.net/result/c/c77eb1f3-3b4b-4b22-9cda-aa31760fa25d
2026-03-31T08:37:35.325381,tmobile,eth1,221.21,44.46,29.65,9.3,fdcservers.net,"Seattle, WA, United States",https://www.speedtest.net/result/c/ec1d91cc-c427-4f33-a15a-ba240cc83ebd
2026-03-31T08:52:37.318214,tmobile,eth1,227.92,28.23,23.46,4.15,Accretive Networks,"Seattle, WA, United States",https://www.speedtest.net/result/c/2ecfbd08-b408-4558-8877-bcbeff5384cd
2026-03-31T09:07:41.705686,tmobile,eth1,193.52,20.89,25.3,8.54,fdcservers.net,"Seattle, WA, United States",https://www.speedtest.net/result/c/a053acfa-d03d-4165-b458-a8cc1c0319d3
2026-03-31T09:22:28.550576,tmobile,eth1,183.18,19.27,20.04,2.29,Accretive Networks,"Seattle, WA, United States",https://www.speedtest.net/result/c/cf8ab039-4e72-4d0a-8e10-24db653fe653
2026-03-31T09:37:38.016413,tmobile,eth1,188.51,14.18,28.27,3.07,fdcservers.net,"Seattle, WA, United States",https://www.speedtest.net/result/c/52ae923f-ddc2-4149-b556-15af4c7403da
2026-03-31T09:52:35.842166,tmobile,eth1,198.19,10.83,21.66,7.92,Accretive Networks,"Seattle, WA, United States",https://www.speedtest.net/result/c/9a9f1a07-5295-4b8b-955f-140fccd59677
2026-03-31T10:07:34.302561,tmobile,eth1,201.66,22.93,26.52,8.22,Accretive Networks,"Seattle, WA, United States",https://www.speedtest.net/result/c/ee46aa99-3c92-4b8e-95bc-1642314233ab
2026-03-31T10:22:24.456368,tmobile,eth1,236.92,41.22,20.0,0.65,Accretive Networks,"Seattle, WA, United States",https://www.speedtest.net/result/c/3b86c9cc-c32d-47df-bc77-9523ebcf765c
2026-03-31T10:37:41.520884,tmobile,eth1,256.04,20.77,33.83,5.68,GigabitNow,"Seattle, WA, United States",https://www.speedtest.net/result/c/b23a25f1-4f9b-4ea7-92b5-3d9e787059c1
2026-03-31T10:52:37.120244,tmobile,eth1,173.7,6.97,31.96,10.02,Accretive Networks,"Seattle, WA, United States",https://www.speedtest.net/result/c/62e3f0ca-3a06-44e8-b684-f8569ce1382f
2026-03-31T11:07:44.486520,tmobile,eth1,122.58,8.24,30.55,8.67,EZEE Fiber,"Seattle, WA, United States",https://www.speedtest.net/result/c/8c5e3a32-7e3d-4215-a443-0a666f1d5258
2026-03-31T11:22:33.125072,tmobile,eth1,243.81,52.69,31.49,15.9,Accretive Networks,"Seattle, WA, United States",https://www.speedtest.net/result/c/35ea4de6-7e55-4bde-ba17-ea2a010ec129
2026-03-31T11:37:35.297018,tmobile,eth1,183.92,14.83,23.75,16.56,Accretive Networks,"Seattle, WA, United States",https://www.speedtest.net/result/c/0e72a789-f4e6-4dcd-9439-f63fbcd67760
2026-03-31T11:52:41.382850,tmobile,eth1,160.52,14.91,19.8,0.51,Accretive Networks,"Seattle, WA, United States",https://www.speedtest.net/result/c/4a108206-af3b-48c8-bd0c-9851cc4be070
2026-03-31T12:22:32.431463,tmobile,eth1,191.18,47.95,20.03,2.68,Accretive Networks,"Seattle, WA, United States",https://www.speedtest.net/result/c/7d86f888-e58a-45af-916f-cdc7d8f0c30f
2026-03-31T12:37:32.090731,tmobile,eth1,241.5,46.17,21.8,7.51,Accretive Networks,"Seattle, WA, United States",https://www.speedtest.net/result/c/ad66ff58-480c-4b40-9191-0c559c40f4d1
2026-03-31T12:52:36.039478,tmobile,eth1,215.5,46.22,20.0,1.36,fdcservers.net,"Seattle, WA, United States",https://www.speedtest.net/result/c/eb1f43be-a599-4ee5-b8e5-8ff1a74fb041
2026-03-31T13:07:37.266472,tmobile,eth1,175.95,21.84,22.01,4.14,Accretive Networks,"Seattle, WA, United States",https://www.speedtest.net/result/c/6f824da7-4e45-4e08-ac2e-f4774cf5e43c
2026-03-31T13:22:38.373663,tmobile,eth1,174.59,19.08,28.41,5.06,Accretive Networks,"Seattle, WA, United States",https://www.speedtest.net/result/c/1457fadb-1049-4613-bc23-4b5e6908e713
2026-03-31T13:37:34.013919,tmobile,eth1,150.43,9.7,39.69,3.71,EZEE Fiber,"Seattle, WA, United States",https://www.speedtest.net/result/c/d6a56107-90f1-43ef-aa33-05ff9679ee61
2026-03-31T13:52:40.350396,tmobile,eth1,205.91,15.32,23.87,2.5,Accretive Networks,"Seattle, WA, United States",https://www.speedtest.net/result/c/7ca0f185-88cd-469b-a1f8-ef62441cf9d8
2026-03-31T14:07:31.836775,tmobile,eth1,258.75,31.72,33.93,9.95,Accretive Networks,"Seattle, WA, United States",https://www.speedtest.net/result/c/cca7705d-6c7a-4ee8-9487-be4212ca168b
2026-03-31T14:22:21.576596,tmobile,eth1,253.04,37.98,19.96,0.27,Accretive Networks,"Seattle, WA, United States",https://www.speedtest.net/result/c/2b17724c-0320-4ed8-b0e8-ae0c3ef76e57
2026-03-31T14:37:40.626349,tmobile,eth1,148.55,35.59,31.27,7.22,Accretive Networks,"Seattle, WA, United States",https://www.speedtest.net/result/c/73028b7a-9287-4c6d-81c6-834e46fc5436
2026-03-31T14:52:33.802912,tmobile,eth1,225.36,33.04,20.02,5.29,Accretive Networks,"Seattle, WA, United States",https://www.speedtest.net/result/c/d6b68cd1-b954-4cca-83f1-73e683613150
2026-03-31T15:07:37.158399,tmobile,eth1,199.11,36.39,40.21,1.65,Accretive Networks,"Seattle, WA, United States",https://www.speedtest.net/result/c/702e073b-9490-45e5-a93a-f36035332e22
2026-03-31T15:22:37.451188,tmobile,eth1,212.92,56.12,23.69,2.63,Accretive Networks,"Seattle, WA, United States",https://www.speedtest.net/result/c/a8a34b3b-2e66-467e-a6f5-206b320c17a3
2026-03-31T15:37:37.298580,tmobile,eth1,237.1,46.99,39.92,3.75,GSL Networks,"Seattle, WA, United States",https://www.speedtest.net/result/c/02a4cc76-94ea-4e59-9115-694f2c91ce03
2026-03-31T15:52:38.223984,tmobile,eth1,196.93,47.94,29.67,5.1,Ziply Fiber,"Seattle, WA, United States",https://www.speedtest.net/result/c/3c8c3e63-e9de-466c-9963-bf63b69c89ae
2026-03-31T16:07:22.586993,tmobile,eth1,193.88,54.34,21.52,3.77,Accretive Networks,"Seattle, WA, United States",https://www.speedtest.net/result/c/2dd98bd3-c4f5-4ec1-a0b5-405568093250
2026-03-31T16:22:30.049396,tmobile,eth1,246.27,92.11,20.04,2.37,Accretive Networks,"Seattle, WA, United States",https://www.speedtest.net/result/c/c312bdeb-a9f0-4b8c-8bc2-dd6786663096
2026-03-31T16:37:31.560974,tmobile,eth1,59.51,56.22,27.84,2.8,Astound Broadband,"Seattle, WA, United States",https://www.speedtest.net/result/c/30e1dbee-ad32-4352-9a46-5b95f0f1516b
2026-03-31T16:52:41.096774,tmobile,eth1,195.37,22.67,19.99,0.58,Accretive Networks,"Seattle, WA, United States",https://www.speedtest.net/result/c/6945089e-db5f-46d4-b08c-ee3fcb47d19e
2026-03-31T17:07:40.010057,tmobile,eth1,150.2,39.41,29.72,10.62,Sangoma,"Seattle, WA, United States",https://www.speedtest.net/result/c/3095182f-23db-43ed-9dd5-cc2890cadb8d
2026-03-31T17:22:40.107071,tmobile,eth1,221.32,36.21,20.02,0.54,Accretive Networks,"Seattle, WA, United States",https://www.speedtest.net/result/c/0f48717a-8460-4329-9c50-18af66929c77
2026-03-31T17:37:33.171382,tmobile,eth1,205.12,41.71,20.19,1.03,Accretive Networks,"Seattle, WA, United States",https://www.speedtest.net/result/c/9bf9112f-a913-42b0-b169-2a6ec8cac218
2026-03-31T17:52:35.912399,tmobile,eth1,171.69,41.01,21.67,3.0,fdcservers.net,"Seattle, WA, United States",https://www.speedtest.net/result/c/b4596c21-bfac-4e0f-924b-7bf5d040af15
2026-03-31T18:07:41.917369,tmobile,eth1,162.91,40.62,39.93,4.88,GSL Networks,"Seattle, WA, United States",https://www.speedtest.net/result/c/91d4bb06-4735-420d-8e68-b01c7fedade1
2026-03-31T18:22:29.403333,tmobile,eth1,206.32,39.34,26.93,7.37,Accretive Networks,"Seattle, WA, United States",https://www.speedtest.net/result/c/fe251f4f-dd84-4f05-a85a-fb26956e0bc8
2026-03-31T18:37:32.632357,tmobile,eth1,219.22,30.41,40.23,6.46,fdcservers.net,"Seattle, WA, United States",https://www.speedtest.net/result/c/f9718c09-7f06-402c-95b2-3729608bf90a
2026-03-31T18:52:33.350541,tmobile,eth1,204.36,28.46,25.17,12.79,Accretive Networks,"Seattle, WA, United States",https://www.speedtest.net/result/c/fbdf9590-2bbb-4618-8cfe-f8f862625ca6
2026-03-31T19:07:30.506694,tmobile,eth1,213.13,84.52,20.29,9.56,fdcservers.net,"Seattle, WA, United States",https://www.speedtest.net/result/c/2cdb1992-6750-4289-be92-ce5a85b1e094
2026-03-31T19:37:33.594056,tmobile,eth1,145.9,28.7,21.7,6.29,Accretive Networks,"Seattle, WA, United States",https://www.speedtest.net/result/c/c08cf050-c410-4aaf-b5bc-7224c6fb0824
2026-03-31T19:52:31.017025,tmobile,eth1,205.99,81.2,33.14,3.98,GSL Networks,"Seattle, WA, United States",https://www.speedtest.net/result/c/cf43864e-de1d-4736-b633-76515d558235
2026-03-31T20:07:32.516195,tmobile,eth1,130.45,31.84,21.92,3.57,Accretive Networks,"Seattle, WA, United States",https://www.speedtest.net/result/c/ff74c736-6f8c-4970-90b4-a7edbede07da
2026-03-31T20:22:34.871563,tmobile,eth1,132.76,32.44,20.12,2.86,Accretive Networks,"Seattle, WA, United States",https://www.speedtest.net/result/c/54a8f465-1364-4ce0-a05d-d75287209d4b
2026-03-31T20:37:35.513980,tmobile,eth1,159.08,46.42,28.62,6.75,fdcservers.net,"Seattle, WA, United States",https://www.speedtest.net/result/c/9cb9fbcf-d3e1-43f9-b5dd-9547dde1430f
2026-03-31T20:52:35.802270,tmobile,eth1,117.9,41.48,39.91,0.25,Accretive Networks,"Seattle, WA, United States",https://www.speedtest.net/result/c/bdd319f2-85d5-4d6c-8182-e8b0d9163fd7
2026-03-31T21:07:34.179592,tmobile,eth1,146.05,27.86,23.63,7.54,Accretive Networks,"Seattle, WA, United States",https://www.speedtest.net/result/c/3c9cebb0-af8f-4623-933e-79fbd9e9bd0e
2026-03-31T21:22:41.095395,tmobile,eth1,30.82,0.76,26.99,6.85,Accretive Networks,"Seattle, WA, United States",https://www.speedtest.net/result/c/622a6323-ce3a-4579-8c45-bc1230e3ad6d
2026-03-31T21:37:38.541989,tmobile,eth1,158.98,30.65,20.36,4.64,Accretive Networks,"Seattle, WA, United States",https://www.speedtest.net/result/c/e9ddeb86-473c-40b7-a017-38a9fa112382
2026-03-31T21:52:44.052960,tmobile,eth1,159.85,24.39,39.86,2.8,fdcservers.net,"Seattle, WA, United States",https://www.speedtest.net/result/c/99bfaaa0-eaeb-4f34-b36f-7eca7834e43e
2026-03-31T22:07:39.888185,tmobile,eth1,136.61,26.27,21.34,2.24,Accretive Networks,"Seattle, WA, United States",https://www.speedtest.net/result/c/ec2ed1eb-6db8-4006-991b-eda604ecc605
2026-03-31T22:22:34.004158,tmobile,eth1,143.14,9.44,20.49,4.04,Accretive Networks,"Seattle, WA, United States",https://www.speedtest.net/result/c/dacc87e9-20be-4cc3-9003-140598a9954c
2026-03-31T22:37:34.038951,tmobile,eth1,180.76,24.12,30.98,9.88,GigabitNow,"Seattle, WA, United States",https://www.speedtest.net/result/c/f51dc22c-84e7-4a99-ae04-f1f385f3c62a
2026-03-31T22:52:45.148022,tmobile,eth1,218.33,23.19,29.19,8.82,EZEE Fiber,"Seattle, WA, United States",https://www.speedtest.net/result/c/d0a23a0c-8dc1-44ef-9e97-a177416af8e1
2026-03-31T23:07:40.583278,tmobile,eth1,197.78,29.07,22.81,4.82,Accretive Networks,"Seattle, WA, United States",https://www.speedtest.net/result/c/c22afbe1-2bf1-4604-93de-299d1e77b650
2026-03-31T23:22:30.822523,tmobile,eth1,229.91,100.44,28.09,12.02,EZEE Fiber,"Seattle, WA, United States",https://www.speedtest.net/result/c/e0f7f98a-071e-48ae-bc02-46e7be125ccb
2026-03-31T23:37:28.962671,tmobile,eth1,243.58,53.12,29.64,0.83,fdcservers.net,"Seattle, WA, United States",https://www.speedtest.net/result/c/0c7603be-0ed5-4865-85ef-697ca6cedbcc
2026-03-31T23:52:35.725522,tmobile,eth1,227.17,37.42,20.02,0.44,Accretive Networks,"Seattle, WA, United States",https://www.speedtest.net/result/c/d8f682b7-b191-4bf7-b718-45f90a55f6fc
2026-04-01T00:07:35.780164,tmobile,eth1,168.76,24.08,35.63,12.62,fdcservers.net,"Seattle, WA, United States",https://www.speedtest.net/result/c/dc7570b1-6ecc-48c5-a2f5-2d223e60b50a
2026-04-01T00:22:35.282399,tmobile,eth1,101.51,31.94,30.09,2.68,fdcservers.net,"Seattle, WA, United States",https://www.speedtest.net/result/c/5f7df800-c775-4ab1-8e29-1f3f300e484d
2026-04-01T00:52:34.626276,tmobile,eth1,308.39,103.43,21.5,7.7,Accretive Networks,"Seattle, WA, United States",https://www.speedtest.net/result/c/0da46bee-4d97-4948-bdd4-f2d9ff4cc53c
2026-04-01T01:07:32.061592,tmobile,eth1,364.97,28.52,25.16,4.74,Accretive Networks,"Seattle, WA, United States",https://www.speedtest.net/result/c/fbc63f7e-16f5-451a-93f1-a1acb94761eb
2026-04-01T01:22:33.131562,tmobile,eth1,119.45,32.85,26.84,14.01,Accretive Networks,"Seattle, WA, United States",https://www.speedtest.net/result/c/4d209d2d-ab57-43bf-a550-d55312e39fc0
2026-04-01T01:37:31.104473,tmobile,eth1,133.03,39.85,31.42,9.46,fdcservers.net,"Seattle, WA, United States",https://www.speedtest.net/result/c/3d6da0c4-317e-4ae9-8567-c88b8ce3ddb1
2026-04-01T01:52:30.057652,tmobile,eth1,139.52,33.71,20.37,6.8,Accretive Networks,"Seattle, WA, United States",https://www.speedtest.net/result/c/60b58bb3-0819-49ec-a512-d63a5c054677
2026-04-01T02:07:24.535975,tmobile,eth1,346.1,50.01,19.94,0.03,Accretive Networks,"Seattle, WA, United States",https://www.speedtest.net/result/c/c0dcb6ff-22c3-482a-b08e-065538e65775
2026-04-01T02:22:32.565246,tmobile,eth1,123.83,41.48,23.68,5.93,Accretive Networks,"Seattle, WA, United States",https://www.speedtest.net/result/c/02970576-85a9-40e2-a394-76355283ad41
2026-04-01T02:37:27.515586,tmobile,eth1,209.44,23.2,19.97,0.46,Accretive Networks,"Seattle, WA, United States",https://www.speedtest.net/result/c/46e040ab-4c5e-410b-976f-ddf75fbda7b3
2026-04-01T02:52:24.571755,tmobile,eth1,336.37,106.03,26.69,8.01,Accretive Networks,"Seattle, WA, United States",https://www.speedtest.net/result/c/94b8578d-4c41-4fab-a623-3d730e75919a
2026-04-01T03:07:37.586440,tmobile,eth1,347.31,55.8,39.8,0.17,Nobull Networks LLC,"Federal Way, WA, United States",https://www.speedtest.net/result/c/2bcccb72-1acd-4ecf-8be8-c0f5e4fa9421
2026-04-01T03:22:40.901526,tmobile,eth1,111.47,29.65,33.53,7.63,Accretive Networks,"Seattle, WA, United States",https://www.speedtest.net/result/c/39e9f1b2-2de5-489b-b309-7b73cfe270a8
2026-04-01T03:37:31.572430,tmobile,eth1,279.61,49.81,28.49,8.9,GigabitNow,"Seattle, WA, United States",https://www.speedtest.net/result/c/37d4ef08-b260-439b-aad5-6b39f6b3802c
2026-04-01T03:52:32.414437,tmobile,eth1,314.17,47.88,20.52,5.3,Accretive Networks,"Seattle, WA, United States",https://www.speedtest.net/result/c/068b92a0-589d-492c-95d9-5d84d6c92d1c
2026-04-01T04:07:35.090800,tmobile,eth1,299.07,46.33,29.98,0.33,Nobull Networks LLC,"Federal Way, WA, United States",https://www.speedtest.net/result/c/c079e9d1-2893-4bc5-9a72-2729de570c00
2026-04-01T04:22:31.684259,tmobile,eth1,307.6,51.24,22.2,7.64,Accretive Networks,"Seattle, WA, United States",https://www.speedtest.net/result/c/4edc4306-602f-4910-9e69-bda1e4378571
2026-04-01T04:37:31.640373,tmobile,eth1,332.13,51.44,30.21,3.99,Ziply Fiber,"Seattle, WA, United States",https://www.speedtest.net/result/c/6ae11dd7-f8b8-4e83-9c5e-6b5f1e550964
2026-04-01T04:52:29.443700,tmobile,eth1,344.75,55.2,20.01,0.17,Accretive Networks,"Seattle, WA, United States",https://www.speedtest.net/result/c/d928f3f4-8e93-4538-abff-cde8d46710dd
2026-04-01T05:07:36.848076,tmobile,eth1,181.89,34.1,22.8,11.2,Accretive Networks,"Seattle, WA, United States",https://www.speedtest.net/result/c/e1e657ae-5190-4324-a27c-ebf542f2cc45
2026-04-01T05:22:30.074074,tmobile,eth1,206.54,43.15,26.39,8.81,Accretive Networks,"Seattle, WA, United States",https://www.speedtest.net/result/c/1cf1ec2f-1170-43cc-9df0-184d9e7b3dc5
2026-04-01T05:37:41.717200,tmobile,eth1,254.16,10.04,20.08,0.8,Accretive Networks,"Seattle, WA, United States",https://www.speedtest.net/result/c/392608bc-cf98-410b-8885-1c357cd8aa3c
2026-04-01T05:52:38.885527,tmobile,eth1,288.35,48.88,41.67,7.64,Sangoma,"Seattle, WA, United States",https://www.speedtest.net/result/c/04d2bcd7-e703-4e99-8f69-5ba03f6a15aa
2026-04-01T06:07:36.220947,tmobile,eth1,150.55,57.1,21.31,1.76,Accretive Networks,"Seattle, WA, United States",https://www.speedtest.net/result/c/a1fecc5e-8a05-40fe-9ffa-684e08d2e69d
2026-04-01T06:22:33.493435,tmobile,eth1,272.71,49.77,19.99,1.38,Accretive Networks,"Seattle, WA, United States",https://www.speedtest.net/result/c/eff33c1a-301b-4988-a6bd-028034d1b768
2026-04-01T06:37:27.574012,tmobile,eth1,179.81,35.18,21.81,3.01,Accretive Networks,"Seattle, WA, United States",https://www.speedtest.net/result/c/c208c5fc-f440-4eb4-bb48-6df347434902
2026-04-01T06:52:32.906638,tmobile,eth1,312.75,48.24,20.02,1.54,Accretive Networks,"Seattle, WA, United States",https://www.speedtest.net/result/c/ba120717-b7c8-4307-b49d-c2500d42ebd1
2026-04-01T07:07:34.641469,tmobile,eth1,179.3,39.32,23.46,5.03,Accretive Networks,"Seattle, WA, United States",https://www.speedtest.net/result/c/a45d0cb3-17de-4a2b-9e95-99b40533a5b5
2026-04-01T07:22:30.030337,tmobile,eth1,154.36,40.86,19.77,3.73,Accretive Networks,"Seattle, WA, United States",https://www.speedtest.net/result/c/e6e616dc-682c-464b-b580-e5e4260a9cf9
2026-04-01T07:37:29.875765,tmobile,eth1,122.52,33.99,19.94,0.17,Accretive Networks,"Seattle, WA, United States",https://www.speedtest.net/result/c/cb7742ad-d795-4272-8bce-b1421d114ebf
2026-04-01T07:52:35.991416,tmobile,eth1,215.5,51.65,30.15,7.25,Nobull Networks LLC,"Federal Way, WA, United States",https://www.speedtest.net/result/c/b370d93f-8268-4de3-8c8b-2d710f3701d6
2026-04-01T08:07:31.405531,tmobile,eth1,223.32,26.43,20.63,7.71,Accretive Networks,"Seattle, WA, United States",https://www.speedtest.net/result/c/8584ea59-1ccf-479b-83b8-ba17304adeb0
2026-04-01T08:22:44.566042,tmobile,eth1,290.14,30.68,34.04,10.02,Sangoma,"Seattle, WA, United States",https://www.speedtest.net/result/c/e0aa89aa-dde9-4275-9bbd-c46973346c77
2026-04-01T08:37:40.261987,tmobile,eth1,220.17,31.49,20.12,2.34,Accretive Networks,"Seattle, WA, United States",https://www.speedtest.net/result/c/8c263919-7049-40a6-9f47-853b1da8da69
2026-04-01T08:52:36.783394,tmobile,eth1,38.63,18.82,29.99,7.66,Astound Broadband,"Seattle, WA, United States",https://www.speedtest.net/result/c/3d45bcbd-781d-4a86-b416-f59dba7ec627
2026-04-01T09:07:39.170728,tmobile,eth1,182.44,26.65,19.95,0.47,Accretive Networks,"Seattle, WA, United States",https://www.speedtest.net/result/c/26c0e472-6bc1-4f9c-978e-3a97b288861f
2026-04-01T09:22:38.691796,tmobile,eth1,283.62,36.07,30.81,5.24,Sangoma,"Seattle, WA, United States",https://www.speedtest.net/result/c/bb45bb19-8f67-43c5-b87f-a8aa636699a1
2026-04-01T09:37:38.980758,tmobile,eth1,259.55,27.53,22.8,3.14,Accretive Networks,"Seattle, WA, United States",https://www.speedtest.net/result/c/4e2d2b52-9ac4-42f8-9ffb-40e7ea2ac58f
2026-04-01T09:52:38.247151,tmobile,eth1,163.68,24.31,20.55,2.32,Accretive Networks,"Seattle, WA, United States",https://www.speedtest.net/result/c/de65e042-0d91-4728-ac85-20c100e10466
2026-04-01T10:07:38.006086,tmobile,eth1,155.42,20.61,21.46,7.85,Accretive Networks,"Seattle, WA, United States",https://www.speedtest.net/result/c/81a907de-62e2-4772-be85-a7bc8122ba1c
2026-04-01T10:22:35.165672,tmobile,eth1,202.15,33.32,26.19,7.76,Accretive Networks,"Seattle, WA, United States",https://www.speedtest.net/result/c/20306864-6a16-4da8-b8f4-5f83d77c6238
2026-04-01T10:37:34.960264,tmobile,eth1,286.9,19.32,23.12,4.23,Accretive Networks,"Seattle, WA, United States",https://www.speedtest.net/result/c/b47cfafa-883f-483c-b85a-de7eefcfc2b8
2026-04-01T10:52:28.653793,tmobile,eth1,173.39,27.82,28.82,11.14,Accretive Networks,"Seattle, WA, United States",https://www.speedtest.net/result/c/d9646257-0a0a-4ebb-bd0c-eb88a98bd483
2026-04-01T11:07:37.403742,tmobile,eth1,106.36,7.94,30.01,7.74,Accretive Networks,"Seattle, WA, United States",https://www.speedtest.net/result/c/e89e9e39-6612-42de-a01b-a02370cb828a
2026-04-01T11:22:45.040341,tmobile,eth1,208.23,27.08,39.98,5.44,Sangoma,"Seattle, WA, United States",https://www.speedtest.net/result/c/f453e613-34d5-4c6c-8805-abf56583d5ab
2026-04-01T11:37:33.291969,tmobile,eth1,183.34,35.42,19.92,0.49,Accretive Networks,"Seattle, WA, United States",https://www.speedtest.net/result/c/dba46e2b-a5c7-4855-a490-f8fecd810632
2026-04-01T11:52:32.340575,tmobile,eth1,239.86,18.34,20.0,0.13,Accretive Networks,"Seattle, WA, United States",https://www.speedtest.net/result/c/61c61ac0-0b9f-4d9f-ac94-7950b2609add
2026-04-01T12:07:40.519796,tmobile,eth1,118.45,18.48,23.5,7.77,Accretive Networks,"Seattle, WA, United States",https://www.speedtest.net/result/c/135a660b-7cfe-4a66-9c65-e18151a4045f
2026-04-01T12:22:34.467832,tmobile,eth1,120.73,15.94,32.47,9.52,Accretive Networks,"Seattle, WA, United States",https://www.speedtest.net/result/c/06415dda-0a48-4d0e-b725-041069db2aac
2026-04-01T12:37:33.557472,tmobile,eth1,158.25,38.07,20.05,0.26,Accretive Networks,"Seattle, WA, United States",https://www.speedtest.net/result/c/726bd266-e4fb-47fd-b488-296ac78d2890
2026-04-01T12:52:30.172097,tmobile,eth1,182.97,36.09,28.69,5.78,Ziply Fiber,"Seattle, WA, United States",https://www.speedtest.net/result/c/7a668be0-7e40-4867-b86f-057db0283837
2026-04-01T13:07:34.653161,tmobile,eth1,198.93,37.96,19.99,0.38,Accretive Networks,"Seattle, WA, United States",https://www.speedtest.net/result/c/39e1bd27-b358-4249-bab4-dd824bdef845
2026-04-01T13:22:35.927391,tmobile,eth1,216.33,30.59,20.07,0.78,Accretive Networks,"Seattle, WA, United States",https://www.speedtest.net/result/c/188d3998-4c61-4cf8-be77-61171ba9d207
2026-04-01T13:37:35.863393,tmobile,eth1,181.58,25.99,19.94,0.44,Accretive Networks,"Seattle, WA, United States",https://www.speedtest.net/result/c/5c2b5351-b4e5-4bcc-ac51-7139f238e277
2026-04-01T13:52:29.326306,tmobile,eth1,134.83,32.0,19.91,0.48,Accretive Networks,"Seattle, WA, United States",https://www.speedtest.net/result/c/50ca6808-b111-4e15-9550-c60eb3f05e9f
2026-04-01T14:07:34.529431,tmobile,eth1,213.86,75.26,20.15,0.6,Accretive Networks,"Seattle, WA, United States",https://www.speedtest.net/result/c/3d83a5a4-9ffc-44ea-82e7-70c84a0c2a03
2026-04-01T14:22:28.551142,tmobile,eth1,180.65,27.43,20.03,0.87,Accretive Networks,"Seattle, WA, United States",https://www.speedtest.net/result/c/3cd80159-c1b3-48c3-8da9-432522726421
2026-04-01T14:37:31.849163,tmobile,eth1,183.55,9.94,39.87,1.38,Nobull Networks LLC,"Federal Way, WA, United States",https://www.speedtest.net/result/c/1be95e6c-57a3-4cd2-bf20-c8542fa5f3fe
2026-04-01T14:52:24.999828,tmobile,eth1,149.7,26.02,19.96,0.53,Accretive Networks,"Seattle, WA, United States",https://www.speedtest.net/result/c/074a40f9-ed25-457b-902b-f81128e6b1f5
2026-04-01T15:07:27.232659,tmobile,eth1,115.91,24.01,21.77,4.54,Accretive Networks,"Seattle, WA, United States",https://www.speedtest.net/result/c/908a246c-7508-4b38-8ac2-8a4eea9caf37
2026-04-01T15:22:35.102752,tmobile,eth1,107.97,27.1,21.58,6.45,Accretive Networks,"Seattle, WA, United States",https://www.speedtest.net/result/c/c36f7be6-a794-46fd-b605-39e8c45200c4
2026-04-01T15:37:30.195491,tmobile,eth1,151.73,28.57,19.96,0.1,Accretive Networks,"Seattle, WA, United States",https://www.speedtest.net/result/c/7a841c46-4d10-42c9-8f1b-2b06716d59e9
2026-04-01T15:52:39.169317,tmobile,eth1,209.18,21.09,30.27,2.35,Nobull Networks LLC,"Federal Way, WA, United States",https://www.speedtest.net/result/c/981df4fe-a7e3-4340-8862-c60de322f13a
2026-04-01T16:07:22.381875,tmobile,eth1,132.11,30.43,20.47,6.05,Accretive Networks,"Seattle, WA, United States",https://www.speedtest.net/result/c/88e75608-8fef-4cf7-8f80-77b2c008e061
2026-04-01T16:22:35.119844,tmobile,eth1,189.13,17.9,20.79,2.54,Accretive Networks,"Seattle, WA, United States",https://www.speedtest.net/result/c/3a2d1b36-6971-4566-b6ea-15baffabebf4
2026-04-01T16:37:34.701780,tmobile,eth1,156.38,37.71,20.37,1.45,Accretive Networks,"Seattle, WA, United States",https://www.speedtest.net/result/c/8b6887b4-62e3-42b6-a050-ff4236051ffa
2026-04-01T16:52:26.626547,tmobile,eth1,151.2,34.34,28.06,5.1,Accretive Networks,"Seattle, WA, United States",https://www.speedtest.net/result/c/40572fc4-dc67-44b3-afab-4c561423603c
2026-04-01T17:07:28.634996,tmobile,eth1,141.18,32.38,19.95,0.86,Accretive Networks,"Seattle, WA, United States",https://www.speedtest.net/result/c/5e9b4580-df54-4310-8459-f8c9c414ff94
2026-04-01T17:22:37.579998,tmobile,eth1,179.27,88.05,20.05,0.2,Accretive Networks,"Seattle, WA, United States",https://www.speedtest.net/result/c/11f0c64d-b971-4f18-9e3c-6cc40fa257d4
2026-04-01T17:37:40.394327,tmobile,eth1,160.28,9.79,32.96,5.77,Nobull Networks LLC,"Federal Way, WA, United States",https://www.speedtest.net/result/c/89ed63e5-9146-4c81-b90d-a170d3c1bdc0
2026-04-01T17:52:36.947177,tmobile,eth1,68.15,17.74,29.54,2.47,Astound Broadband,"Seattle, WA, United States",https://www.speedtest.net/result/c/0a985158-9b92-4fc5-aaf4-5ab02e170b3f
2026-04-01T18:07:40.992348,tmobile,eth1,197.18,15.55,27.02,8.99,Accretive Networks,"Seattle, WA, United States",https://www.speedtest.net/result/c/97b37f40-fd1e-4dd4-a18f-99515d3c14f4
2026-04-01T18:22:30.505699,tmobile,eth1,159.62,82.97,40.05,11.26,Nobull Networks LLC,"Federal Way, WA, United States",https://www.speedtest.net/result/c/1fbdcb2f-2d73-41f2-90f2-ce5d1f0541f8
2026-04-01T18:37:38.311197,tmobile,eth1,183.13,40.6,19.71,0.99,Accretive Networks,"Seattle, WA, United States",https://www.speedtest.net/result/c/5ece4f1c-ca98-496c-a7be-628c41724458
2026-04-01T18:52:36.126914,tmobile,eth1,227.63,20.06,21.57,2.68,Accretive Networks,"Seattle, WA, United States",https://www.speedtest.net/result/c/1b8449f5-a2a9-44f5-9103-8b5adbe71656
2026-04-01T19:07:29.945087,tmobile,eth1,128.34,34.61,20.6,3.98,Accretive Networks,"Seattle, WA, United States",https://www.speedtest.net/result/c/521c8b8b-b164-4852-affc-f2aed9eab7c7
2026-04-01T19:22:36.301671,tmobile,eth1,195.29,42.65,39.72,4.87,Nobull Networks LLC,"Federal Way, WA, United States",https://www.speedtest.net/result/c/18dbf1ab-4396-4811-8d20-5f7aa547b832
2026-04-01T19:37:33.636089,tmobile,eth1,147.45,27.4,20.38,2.88,Accretive Networks,"Seattle, WA, United States",https://www.speedtest.net/result/c/404d7da7-9363-4e11-a4a8-20ef8a4aafa1
2026-04-01T19:52:38.130368,tmobile,eth1,183.55,31.49,20.22,8.47,Accretive Networks,"Seattle, WA, United States",https://www.speedtest.net/result/c/f951e257-c617-4823-ae4c-8d89e6bdcb0d
2026-04-01T20:07:38.332162,tmobile,eth1,154.48,38.72,30.5,2.99,GigabitNow,"Seattle, WA, United States",https://www.speedtest.net/result/c/4928a618-cbe3-443c-97cd-166a19afa23a
2026-04-01T20:22:40.285753,tmobile,eth1,59.24,11.8,21.72,7.56,Accretive Networks,"Seattle, WA, United States",https://www.speedtest.net/result/c/22e61eb7-a0ac-4cd6-af43-83239850b14a
2026-04-01T20:37:40.714474,tmobile,eth1,187.43,25.21,21.83,7.53,Accretive Networks,"Seattle, WA, United States",https://www.speedtest.net/result/c/f38e50ac-876f-48c9-b34d-75f6678ebd94
2026-04-01T20:52:33.473120,tmobile,eth1,140.65,26.69,30.0,4.96,Nobull Networks LLC,"Federal Way, WA, United States",https://www.speedtest.net/result/c/d0817f15-5616-407b-ae8c-34233b357076
2026-04-01T21:07:44.205965,tmobile,eth1,189.91,22.36,34.04,2.46,Sangoma,"Seattle, WA, United States",https://www.speedtest.net/result/c/1d2f4315-4192-4f16-96de-24bf48f9fdee
2026-04-01T21:22:35.527728,tmobile,eth1,183.88,44.49,39.38,14.06,Sangoma,"Seattle, WA, United States",https://www.speedtest.net/result/c/415475ba-f1b8-42b6-870c-236068240a2c
2026-04-01T21:37:29.743251,tmobile,eth1,177.08,42.73,29.51,1.7,Nobull Networks LLC,"Federal Way, WA, United States",https://www.speedtest.net/result/c/994de6b6-708f-4e1d-a5d4-be3e830ad6ca
2026-04-01T21:52:26.708312,tmobile,eth1,174.56,39.82,20.43,2.9,Accretive Networks,"Seattle, WA, United States",https://www.speedtest.net/result/c/ef1f1e3c-2dd5-4f0b-883c-0ee6029d7831
2026-04-01T22:07:34.674196,tmobile,eth1,184.49,42.9,40.02,2.19,Ziply Fiber,"Seattle, WA, United States",https://www.speedtest.net/result/c/7352367a-1968-49f7-a919-527d4edf770a
2026-04-01T22:22:28.025686,tmobile,eth1,129.8,28.04,21.7,4.51,Accretive Networks,"Seattle, WA, United States",https://www.speedtest.net/result/c/35e67334-743e-4447-91e3-4c6e3347b81d
2026-04-01T22:37:26.898539,tmobile,eth1,167.45,37.55,22.3,8.84,Accretive Networks,"Seattle, WA, United States",https://www.speedtest.net/result/c/9b55d4c2-0ee3-48da-85d3-6173454808ae
2026-04-01T22:52:36.453199,tmobile,eth1,166.79,20.6,23.5,4.78,Accretive Networks,"Seattle, WA, United States",https://www.speedtest.net/result/c/840f8c5f-8033-4a47-be7c-24e9c2f0e5c5
2026-04-01T23:07:30.036606,tmobile,eth1,158.91,26.05,31.46,5.46,Accretive Networks,"Seattle, WA, United States",https://www.speedtest.net/result/c/c011f41e-3da2-4c8f-958d-a7a2436eba46
2026-04-01T23:22:25.302685,tmobile,eth1,175.17,44.03,20.09,0.44,Accretive Networks,"Seattle, WA, United States",https://www.speedtest.net/result/c/f7b2050a-6306-4130-b68a-1b931075af60
2026-04-01T23:37:37.104226,tmobile,eth1,207.86,50.32,21.62,2.69,Accretive Networks,"Seattle, WA, United States",https://www.speedtest.net/result/c/4e3c3da6-2520-464f-8642-daa60c077363
2026-04-01T23:52:32.698478,tmobile,eth1,281.12,39.11,20.0,0.85,Accretive Networks,"Seattle, WA, United States",https://www.speedtest.net/result/c/e8863f1a-f8a7-4057-90c8-14a063684dd2
2026-04-02T00:07:36.238506,tmobile,eth1,259.32,39.72,20.49,3.52,Accretive Networks,"Seattle, WA, United States",https://www.speedtest.net/result/c/e7662375-2c84-41a2-8769-c893faf3dc2f
2026-04-02T00:22:37.568694,tmobile,eth1,284.36,103.69,28.11,9.88,Accretive Networks,"Seattle, WA, United States",https://www.speedtest.net/result/c/20825cb7-8b9d-4fe6-895b-db095105d7fe
2026-04-02T00:37:21.903145,tmobile,eth1,200.15,47.34,19.89,0.67,Accretive Networks,"Seattle, WA, United States",https://www.speedtest.net/result/c/26515d86-0a59-4aba-950b-8fd5adda6bcc
2026-04-02T00:52:37.545406,tmobile,eth1,173.74,26.89,21.19,5.31,Accretive Networks,"Seattle, WA, United States",https://www.speedtest.net/result/c/5f01d76e-9939-444d-beaa-c3d11221f6f6
2026-04-02T01:07:30.765946,tmobile,eth1,158.5,25.16,20.04,0.3,Accretive Networks,"Seattle, WA, United States",https://www.speedtest.net/result/c/3884c373-c9ed-4027-b8ff-f41590d28896
2026-04-02T01:22:27.223881,tmobile,eth1,248.1,49.57,20.04,2.58,Accretive Networks,"Seattle, WA, United States",https://www.speedtest.net/result/c/2f4b6093-8639-4dc8-821c-e99f7cc650ef
2026-04-02T01:37:34.364025,tmobile,eth1,96.75,32.08,19.83,0.68,Accretive Networks,"Seattle, WA, United States",https://www.speedtest.net/result/c/118de34c-4dee-4383-b275-cfd46547384b
2026-04-02T01:52:34.689905,tmobile,eth1,288.68,47.74,20.16,0.53,Accretive Networks,"Seattle, WA, United States",https://www.speedtest.net/result/c/43b919c9-f6a5-42f3-a334-32ddf173c627
2026-04-02T02:07:37.663255,tmobile,eth1,274.06,44.18,19.93,0.17,Accretive Networks,"Seattle, WA, United States",https://www.speedtest.net/result/c/d4d94de2-8b62-4475-ae3e-85cd6412f5cd
2026-04-02T02:22:32.924567,tmobile,eth1,209.35,52.03,33.48,7.68,Nobull Networks LLC,"Federal Way, WA, United States",https://www.speedtest.net/result/c/b909fdd6-f04c-46e6-a0b5-c2cf773d60ea
2026-04-02T02:37:34.458280,tmobile,eth1,80.63,23.79,32.88,9.45,Astound Broadband,"Seattle, WA, United States",https://www.speedtest.net/result/c/d6e80dd3-0dda-4f4d-9658-9a1ee77d4ce4
2026-04-02T02:52:32.481008,tmobile,eth1,163.19,36.47,30.14,2.72,Ziply Fiber,"Seattle, WA, United States",https://www.speedtest.net/result/c/f0eafdcb-0ea1-4b9f-9d8b-ab50588db986
2026-04-02T03:07:35.402378,tmobile,eth1,190.59,41.87,22.7,3.25,Accretive Networks,"Seattle, WA, United States",https://www.speedtest.net/result/c/ddaa52c2-6ce5-481e-8c32-2a9d53c59b7c
2026-04-02T03:22:34.017404,tmobile,eth1,165.23,44.56,26.87,10.73,Accretive Networks,"Seattle, WA, United States",https://www.speedtest.net/result/c/0a231abe-11ab-4f31-9da4-309778475bd1
2026-04-02T03:37:28.571578,tmobile,eth1,309.93,49.91,29.78,8.13,Accretive Networks,"Seattle, WA, United States",https://www.speedtest.net/result/c/91f9e55a-0d88-4364-a9d1-991713d64794
2026-04-02T03:52:32.977086,tmobile,eth1,331.6,46.69,20.0,0.07,Accretive Networks,"Seattle, WA, United States",https://www.speedtest.net/result/c/8d31d3e2-494a-4325-b485-6cdbda70e240
2026-04-02T04:07:36.187627,tmobile,eth1,279.5,42.49,21.53,7.51,Accretive Networks,"Seattle, WA, United States",https://www.speedtest.net/result/c/b0265f08-8899-4ae4-b2bf-aa95d3dd7460
2026-04-02T04:22:33.757900,tmobile,eth1,287.62,42.5,21.53,7.61,fdcservers.net,"Seattle, WA, United States",https://www.speedtest.net/result/c/ffc34a68-82c0-41cd-b534-4b53c6740801
2026-04-02T04:37:33.387682,tmobile,eth1,324.39,40.71,23.27,5.91,Accretive Networks,"Seattle, WA, United States",https://www.speedtest.net/result/c/08fb45af-8e00-470a-a1f2-61db0385276a
2026-04-02T04:52:31.726545,tmobile,eth1,277.04,46.4,26.41,11.47,Accretive Networks,"Seattle, WA, United States",https://www.speedtest.net/result/c/1a2721f1-7828-431c-b31b-687f3c757834
2026-04-02T05:07:32.766143,tmobile,eth1,346.38,54.78,20.02,7.47,Accretive Networks,"Seattle, WA, United States",https://www.speedtest.net/result/c/8a793f73-0779-4d12-9bb5-e6e27665a6e4
2026-04-02T05:22:41.986485,tmobile,eth1,236.58,50.53,19.99,0.19,Accretive Networks,"Seattle, WA, United States",https://www.speedtest.net/result/c/73a8bd39-c5ee-4755-a050-fe5833d82d46
2026-04-02T05:37:30.816049,tmobile,eth1,236.33,48.04,32.54,9.74,Accretive Networks,"Seattle, WA, United States",https://www.speedtest.net/result/c/e0df7ee4-6246-4ae8-9ee6-cfcfb7f597ec
2026-04-02T05:52:25.887769,tmobile,eth1,267.12,32.93,28.93,7.56,Accretive Networks,"Seattle, WA, United States",https://www.speedtest.net/result/c/076d2f8f-8306-49c8-a2a5-55c83da0a6ae
2026-04-02T06:07:37.250409,tmobile,eth1,257.13,47.19,38.49,8.11,Accretive Networks,"Seattle, WA, United States",https://www.speedtest.net/result/c/196675dd-266e-487f-904e-5e0c89e91482
2026-04-02T06:22:30.680498,tmobile,eth1,263.22,89.83,23.41,2.56,Accretive Networks,"Seattle, WA, United States",https://www.speedtest.net/result/c/30ecb9b1-6fd7-4556-8baa-148e29baa1c8
2026-04-02T06:37:30.806961,tmobile,eth1,254.0,51.46,20.21,10.13,Accretive Networks,"Seattle, WA, United States",https://www.speedtest.net/result/c/c28184f3-0a54-42d3-89ab-b5dc2566a870
2026-04-02T06:52:36.547312,tmobile,eth1,245.31,42.79,30.1,3.32,EZEE Fiber,"Seattle, WA, United States",https://www.speedtest.net/result/c/cda05c0f-26fa-463b-840c-084ad6f01c0e
2026-04-02T07:07:34.110906,tmobile,eth1,139.72,43.5,39.98,0.02,Nobull Networks LLC,"Federal Way, WA, United States",https://www.speedtest.net/result/c/de38d13e-10d8-4e79-b186-6cd7c4ddf3e1
2026-04-02T07:22:40.595075,tmobile,eth1,253.98,38.8,21.19,4.97,Accretive Networks,"Seattle, WA, United States",https://www.speedtest.net/result/c/7497c03c-6ba6-4996-9863-cdb336841247
2026-04-02T07:37:39.117446,tmobile,eth1,249.68,42.19,21.92,2.84,Accretive Networks,"Seattle, WA, United States",https://www.speedtest.net/result/c/775c05b3-4a90-414f-8076-4fe164faeff1
2026-04-02T07:52:41.499994,tmobile,eth1,132.57,40.79,36.96,7.46,EZEE Fiber,"Seattle, WA, United States",https://www.speedtest.net/result/c/c2ef21e5-19fd-4ee6-90fd-062e6b89f93f
2026-04-02T08:07:26.056402,tmobile,eth1,153.08,39.99,38.95,3.45,fdcservers.net,"Seattle, WA, United States",https://www.speedtest.net/result/c/fc118b07-34e1-465f-a78b-d36513f4c890
2026-04-02T08:22:25.371828,tmobile,eth1,155.2,40.57,20.21,0.49,Accretive Networks,"Seattle, WA, United States",https://www.speedtest.net/result/c/e5346d1f-8517-48de-9655-71b7b24b9b9d
2026-04-02T08:37:39.864273,tmobile,eth1,227.28,27.34,20.03,0.68,Accretive Networks,"Seattle, WA, United States",https://www.speedtest.net/result/c/6f957662-70be-4d57-b7fa-b0ed5ea8a72b
2026-04-02T08:52:32.170414,tmobile,eth1,111.33,91.29,36.1,9.46,EZEE Fiber,"Seattle, WA, United States",https://www.speedtest.net/result/c/a52560a4-e490-4194-994b-74b35e3f446b
2026-04-02T09:07:41.294287,tmobile,eth1,242.34,26.75,36.97,5.62,Accretive Networks,"Seattle, WA, United States",https://www.speedtest.net/result/c/7ee864bf-6b9e-4a3c-b9ac-8d02947b7110
2026-04-02T09:22:31.740587,tmobile,eth1,120.1,43.36,21.42,2.85,fdcservers.net,"Seattle, WA, United States",https://www.speedtest.net/result/c/a5e2c087-0f50-4972-ba41-c35d80955536
2026-04-02T09:37:26.880988,tmobile,eth1,186.21,44.2,39.46,2.73,Ziply Fiber,"Seattle, WA, United States",https://www.speedtest.net/result/c/9497107e-2336-404b-8f19-067c18f97e31
2026-04-02T09:52:30.637655,tmobile,eth1,210.67,43.55,19.91,2.17,Accretive Networks,"Seattle, WA, United States",https://www.speedtest.net/result/c/a650154a-d9c2-43e8-9dfc-a5dc536b9538
2026-04-02T10:07:37.480582,tmobile,eth1,282.28,53.43,19.85,0.38,Accretive Networks,"Seattle, WA, United States",https://www.speedtest.net/result/c/64fe2766-14d4-490f-b90e-526f65ebdaa9
2026-04-02T10:22:39.603685,tmobile,eth1,244.76,98.77,39.78,1.6,GigabitNow,"Seattle, WA, United States",https://www.speedtest.net/result/c/913b0719-7472-4daa-9376-ff8d1f1878f7
2026-04-02T10:37:34.078983,tmobile,eth1,195.99,30.75,40.03,0.44,EZEE Fiber,"Seattle, WA, United States",https://www.speedtest.net/result/c/bbf38494-0ff3-460a-acab-8a04bf302914
2026-04-02T10:52:30.543461,tmobile,eth1,254.8,46.82,20.08,0.7,Accretive Networks,"Seattle, WA, United States",https://www.speedtest.net/result/c/e97f770f-bdfa-4d3c-9c9c-2e01dddde1f9
2026-04-02T11:07:33.460923,tmobile,eth1,235.42,50.01,19.9,0.66,Accretive Networks,"Seattle, WA, United States",https://www.speedtest.net/result/c/1a06aa68-4951-4021-b03b-805eee9864cb
2026-04-02T11:22:35.096266,tmobile,eth1,199.01,48.9,37.5,2.1,Accretive Networks,"Seattle, WA, United States",https://www.speedtest.net/result/c/2be79cae-7f36-452d-8b5f-42c995c5f383
2026-04-02T11:37:37.640515,tmobile,eth1,224.44,47.75,19.71,0.85,Accretive Networks,"Seattle, WA, United States",https://www.speedtest.net/result/c/d0fdae87-44b2-42aa-835a-1bc7e687b98b
2026-04-02T11:52:31.236018,tmobile,eth1,232.35,45.64,27.97,12.51,Accretive Networks,"Seattle, WA, United States",https://www.speedtest.net/result/c/381b9f87-2b7f-48c8-8a1d-4c716042ad5a
2026-04-02T12:07:40.711554,tmobile,eth1,262.83,43.59,20.05,0.52,Accretive Networks,"Seattle, WA, United States",https://www.speedtest.net/result/c/69b7c570-dc6d-4d9c-86ab-3045d3b48af7
2026-04-02T12:22:33.053281,tmobile,eth1,129.72,21.57,34.09,6.63,Nobull Networks LLC,"Federal Way, WA, United States",https://www.speedtest.net/result/c/2bd05b1a-d819-43fa-a3fa-84d8d43175d6
2026-04-02T12:37:29.323978,tmobile,eth1,236.93,46.12,21.66,2.75,Accretive Networks,"Seattle, WA, United States",https://www.speedtest.net/result/c/2a444b55-5112-417d-ac5d-7eeb706af5b0
2026-04-02T12:52:33.522316,tmobile,eth1,269.93,48.13,20.01,3.87,Accretive Networks,"Seattle, WA, United States",https://www.speedtest.net/result/c/f255782c-bb00-4099-8008-acc1ea4f54ca
2026-04-02T13:07:39.186129,tmobile,eth1,157.46,10.89,19.97,0.56,fdcservers.net,"Seattle, WA, United States",https://www.speedtest.net/result/c/031d3290-2fc5-4e90-9098-9c5a37e187af
2026-04-02T13:22:28.235972,tmobile,eth1,207.85,43.26,26.51,14.15,Accretive Networks,"Seattle, WA, United States",https://www.speedtest.net/result/c/2d846c51-446f-4c7c-922c-7eb3ba6a6719
2026-04-02T13:37:33.755688,tmobile,eth1,237.15,31.15,40.02,1.33,Nobull Networks LLC,"Federal Way, WA, United States",https://www.speedtest.net/result/c/190fb830-60d9-43f6-949a-b2ea28c5bcaa
2026-04-02T13:52:32.955729,tmobile,eth1,266.01,38.77,40.91,5.49,Nobull Networks LLC,"Federal Way, WA, United States",https://www.speedtest.net/result/c/75eea2f0-9ed4-4a79-9052-c0eeaf15b1aa
2026-04-02T14:07:31.489196,tmobile,eth1,234.1,85.46,24.97,4.34,Accretive Networks,"Seattle, WA, United States",https://www.speedtest.net/result/c/e1e1dfef-69de-4f01-b845-62ecd57a37ba
2026-04-02T14:22:32.516686,tmobile,eth1,224.2,41.56,20.2,1.38,Accretive Networks,"Seattle, WA, United States",https://www.speedtest.net/result/c/04c78054-ddce-46c7-a01e-ce339cc82794
2026-04-02T14:37:40.960341,tmobile,eth1,113.79,12.13,37.51,7.0,Ziply Fiber,"Seattle, WA, United States",https://www.speedtest.net/result/c/f019fb38-454b-4b4a-912c-6187e5e18f19
2026-04-02T14:52:29.511636,tmobile,eth1,209.71,45.92,38.91,12.34,Nobull Networks LLC,"Federal Way, WA, United States",https://www.speedtest.net/result/c/f01f9757-a33f-408d-950d-8d605c982cf9
2026-04-02T15:07:28.791123,tmobile,eth1,226.78,48.29,19.97,1.08,Accretive Networks,"Seattle, WA, United States",https://www.speedtest.net/result/c/0533d102-25b5-4270-979d-f6c7459497ee
2026-04-02T15:22:30.381781,tmobile,eth1,262.8,96.87,19.91,0.17,fdcservers.net,"Seattle, WA, United States",https://www.speedtest.net/result/c/d077b10f-2d99-4bab-a175-dbd804507e54
2026-04-02T15:37:27.384380,tmobile,eth1,239.3,39.78,38.38,8.97,Accretive Networks,"Seattle, WA, United States",https://www.speedtest.net/result/c/aaa0650b-e48c-47eb-94a6-7ec65581f366
2026-04-02T15:52:36.810691,tmobile,eth1,171.09,46.06,27.84,8.6,Accretive Networks,"Seattle, WA, United States",https://www.speedtest.net/result/c/c97b3f12-38be-4ed3-a1c0-510581f5befc
2026-04-02T16:07:33.436519,tmobile,eth1,154.52,86.16,31.22,7.02,Nobull Networks LLC,"Federal Way, WA, United States",https://www.speedtest.net/result/c/5345c4e8-3c6e-424b-bb64-d4755ce8f4f1
2026-04-02T16:22:32.853019,tmobile,eth1,194.62,53.25,39.85,1.46,Accretive Networks,"Seattle, WA, United States",https://www.speedtest.net/result/c/2d9317c9-b888-43ed-8d7b-e4e21d5c711b
2026-04-02T16:37:34.449967,tmobile,eth1,239.91,44.13,21.7,3.24,Accretive Networks,"Seattle, WA, United States",https://www.speedtest.net/result/c/976ec146-f086-4b25-900c-c17f26874438
2026-04-02T16:52:38.199192,tmobile,eth1,172.67,26.55,20.33,3.78,Accretive Networks,"Seattle, WA, United States",https://www.speedtest.net/result/c/8c8d4bd7-e251-473c-846a-3aff10c62753
2026-04-02T17:07:33.672267,tmobile,eth1,234.35,35.07,21.92,4.74,Accretive Networks,"Seattle, WA, United States",https://www.speedtest.net/result/c/b3dee81e-e511-4934-acb7-95d017f43035
2026-04-02T17:22:30.525620,tmobile,eth1,216.08,91.65,40.05,4.15,Accretive Networks,"Seattle, WA, United States",https://www.speedtest.net/result/c/e542bb41-f3f2-4f02-b9d0-4888f7f78746
2026-04-02T17:37:31.691046,tmobile,eth1,195.36,18.94,27.0,9.23,Accretive Networks,"Seattle, WA, United States",https://www.speedtest.net/result/c/146568e9-f469-4491-8a58-7cda6927ad84
2026-04-02T17:52:32.871024,tmobile,eth1,179.54,20.4,20.36,2.56,Accretive Networks,"Seattle, WA, United States",https://www.speedtest.net/result/c/6b49a87f-3f60-4b6c-aaaa-f5c706e6eff0
2026-04-02T18:07:38.385105,tmobile,eth1,184.13,27.78,26.09,9.16,Accretive Networks,"Seattle, WA, United States",https://www.speedtest.net/result/c/d21fc7eb-977f-4684-a1ea-814e5eb60ab9
2026-04-02T18:22:38.130774,tmobile,eth1,170.4,19.32,40.05,0.66,fdcservers.net,"Seattle, WA, United States",https://www.speedtest.net/result/c/ade4d22c-b05f-4e9d-8a9c-a9fa5da598e0
2026-04-02T18:37:33.101563,tmobile,eth1,198.8,45.24,20.12,0.53,Accretive Networks,"Seattle, WA, United States",https://www.speedtest.net/result/c/353602ec-6432-44d0-82dd-b80b5c435967
2026-04-02T18:52:26.789519,tmobile,eth1,110.88,40.41,20.0,0.05,Accretive Networks,"Seattle, WA, United States",https://www.speedtest.net/result/c/447ae5cb-ec92-4865-a95e-844180c34320
2026-04-02T19:07:34.892995,tmobile,eth1,170.34,41.49,40.11,1.16,Nobull Networks LLC,"Federal Way, WA, United States",https://www.speedtest.net/result/c/a521697e-1c2e-438a-8d3a-a5f254076753
2026-04-02T19:22:35.626983,tmobile,eth1,172.37,36.23,39.64,5.76,Accretive Networks,"Seattle, WA, United States",https://www.speedtest.net/result/c/67ab4bfd-2a0a-4937-9412-376d7838a109
2026-04-02T19:37:41.267123,tmobile,eth1,193.26,45.62,32.19,6.79,fdcservers.net,"Seattle, WA, United States",https://www.speedtest.net/result/c/5bfa3a63-8604-4005-937b-7a1df5063acb
2026-04-02T19:52:36.558208,tmobile,eth1,162.65,28.66,26.27,7.52,Accretive Networks,"Seattle, WA, United States",https://www.speedtest.net/result/c/50316ad0-293f-416e-ad1d-8caddcf9d720
2026-04-02T20:07:42.787179,tmobile,eth1,137.17,24.92,28.27,12.14,Astound Broadband,"Seattle, WA, United States",https://www.speedtest.net/result/c/b8bb3f6f-4071-4069-9cd8-7e917b789d8f
2026-04-02T20:22:37.997072,tmobile,eth1,162.77,19.39,19.88,0.68,Accretive Networks,"Seattle, WA, United States",https://www.speedtest.net/result/c/c1951461-3fc6-4044-be93-d7a0b45adbb4
2026-04-02T20:37:28.153433,tmobile,eth1,197.12,44.12,28.19,13.65,Accretive Networks,"Seattle, WA, United States",https://www.speedtest.net/result/c/7e503d50-76eb-4316-9aba-efa9dd7a9c17
2026-04-02T20:52:34.810855,tmobile,eth1,158.99,22.88,21.77,6.91,Accretive Networks,"Seattle, WA, United States",https://www.speedtest.net/result/c/2175ab1b-a640-4969-83d3-1d409fc68e07
2026-04-02T21:07:26.543754,tmobile,eth1,206.34,92.5,29.96,6.97,Accretive Networks,"Seattle, WA, United States",https://www.speedtest.net/result/c/7cf97977-748f-4c98-8e3c-04e6efe4885e
2026-04-02T21:22:27.225682,tmobile,eth1,194.83,86.55,31.9,8.61,Accretive Networks,"Seattle, WA, United States",https://www.speedtest.net/result/c/bd32c120-457c-4d37-9bf7-1b0c7f9fca58
2026-04-02T21:37:35.373982,tmobile,eth1,131.6,22.59,20.11,0.62,Accretive Networks,"Seattle, WA, United States",https://www.speedtest.net/result/c/773447bd-66a5-449b-876a-45e5b24b7abc
2026-04-02T21:52:40.425365,tmobile,eth1,180.24,33.03,20.02,0.53,fdcservers.net,"Seattle, WA, United States",https://www.speedtest.net/result/c/4753c5b9-0211-4727-a16e-3e00a3806e58
2026-04-02T22:07:23.502980,tmobile,eth1,190.66,37.87,20.18,1.8,Accretive Networks,"Seattle, WA, United States",https://www.speedtest.net/result/c/4240aae5-5d40-438e-a352-1433898e0412
2026-04-02T22:22:35.983858,tmobile,eth1,205.39,39.19,19.81,0.39,Accretive Networks,"Seattle, WA, United States",https://www.speedtest.net/result/c/207d9fe6-6679-424a-9721-4fea75d85594
2026-04-02T22:37:36.546220,tmobile,eth1,222.98,38.81,30.37,9.74,EZEE Fiber,"Seattle, WA, United States",https://www.speedtest.net/result/c/46f30054-b423-4bf7-8a16-c009b484b82e
2026-04-02T22:52:29.345574,tmobile,eth1,207.72,37.07,38.41,7.72,Accretive Networks,"Seattle, WA, United States",https://www.speedtest.net/result/c/486bed7c-ff20-4783-b7cc-4a1c4089bb36
2026-04-02T23:07:39.041531,tmobile,eth1,273.33,88.08,39.93,1.57,Ziply Fiber,"Seattle, WA, United States",https://www.speedtest.net/result/c/b2855ec2-16d1-48b3-801c-3a3bbd6257fe
2026-04-02T23:22:27.867135,tmobile,eth1,214.38,38.9,24.86,8.88,Accretive Networks,"Seattle, WA, United States",https://www.speedtest.net/result/c/42321929-507e-4db8-8ff7-85a2b59f6f43
2026-04-02T23:37:40.898523,tmobile,eth1,231.69,42.67,19.74,0.64,fdcservers.net,"Seattle, WA, United States",https://www.speedtest.net/result/c/46258551-c853-4e4b-aea2-d7e709638576
2026-04-02T23:52:38.676614,tmobile,eth1,200.84,45.35,40.04,0.74,Ziply Fiber,"Seattle, WA, United States",https://www.speedtest.net/result/c/b18e011b-ebcd-4eaa-9cca-540da3259fb2
2026-04-03T00:07:36.127730,tmobile,eth1,272.47,43.23,39.96,0.72,Sangoma,"Seattle, WA, United States",https://www.speedtest.net/result/c/3210e927-830c-4930-aa6e-3d3dc8d503ff
2026-04-03T00:22:35.816136,tmobile,eth1,268.99,43.53,19.91,2.1,Accretive Networks,"Seattle, WA, United States",https://www.speedtest.net/result/c/ae4821b2-875b-47a5-9f0b-31f4c039ceb2
2026-04-03T00:37:34.088708,tmobile,eth1,330.39,103.36,23.83,6.25,Accretive Networks,"Seattle, WA, United States",https://www.speedtest.net/result/c/13036bcd-7fdd-46d9-a0ec-6e07bd5696b1
2026-04-03T00:52:31.437080,tmobile,eth1,311.62,108.08,20.03,0.25,Accretive Networks,"Seattle, WA, United States",https://www.speedtest.net/result/c/689d505e-559b-4b0b-93df-f54bdd7ce80d
2026-04-03T01:07:36.598408,tmobile,eth1,203.88,50.23,42.86,11.6,EZEE Fiber,"Seattle, WA, United States",https://www.speedtest.net/result/c/a6298430-00d7-40fd-b6ad-7de8abfe8965
2026-04-03T01:22:42.412645,tmobile,eth1,179.27,18.64,19.99,0.52,Accretive Networks,"Seattle, WA, United States",https://www.speedtest.net/result/c/0207abd4-6a68-4550-bd83-2e7c59e301c7
2026-04-03T01:37:24.782287,tmobile,eth1,204.02,29.92,19.87,2.53,Accretive Networks,"Seattle, WA, United States",https://www.speedtest.net/result/c/f5b66d31-5ab1-4b4b-84da-d3a87bfe7418
2026-04-03T01:52:33.851162,tmobile,eth1,297.94,51.33,36.61,8.34,Accretive Networks,"Seattle, WA, United States",https://www.speedtest.net/result/c/29ba1e92-c7bb-4f42-b109-25a140697060
2026-04-03T02:07:32.970693,tmobile,eth1,306.76,110.63,19.99,0.46,Accretive Networks,"Seattle, WA, United States",https://www.speedtest.net/result/c/ba3ec388-1168-483d-80ca-aee286f41d3f
2026-04-03T02:22:37.983153,tmobile,eth1,125.75,37.37,26.23,13.58,Accretive Networks,"Seattle, WA, United States",https://www.speedtest.net/result/c/28e72dd3-d2ce-4712-9fdd-bd33fd93918d
2026-04-03T02:37:31.902281,tmobile,eth1,346.04,107.08,31.64,3.15,Nobull Networks LLC,"Federal Way, WA, United States",https://www.speedtest.net/result/c/0f48715e-f2ed-412e-b937-406bbf3a2cb4
2026-04-03T02:52:35.746503,tmobile,eth1,339.29,109.56,23.48,2.55,Accretive Networks,"Seattle, WA, United States",https://www.speedtest.net/result/c/cf60437d-cb9f-4006-b016-44ceda6c2a8e
2026-04-03T03:07:27.043633,tmobile,eth1,301.61,108.46,25.48,51.18,Accretive Networks,"Seattle, WA, United States",https://www.speedtest.net/result/c/4f81eae9-d088-44b8-8188-87e1e4007b44
2026-04-03T03:22:36.219458,tmobile,eth1,315.0,54.15,20.01,0.07,Accretive Networks,"Seattle, WA, United States",https://www.speedtest.net/result/c/4cf7d735-3fd3-4189-8ebb-1266fca356cf
2026-04-03T03:37:27.631839,tmobile,eth1,305.6,59.98,21.62,7.46,Accretive Networks,"Seattle, WA, United States",https://www.speedtest.net/result/c/6b11be4f-b69b-43f7-8ef1-894678329901
2026-04-03T03:52:28.653639,tmobile,eth1,61.02,33.73,26.67,4.87,Astound Broadband,"Seattle, WA, United States",https://www.speedtest.net/result/c/bcd7307f-c97a-4ba6-9b32-2284af9f3ff0
2026-04-03T04:07:35.115743,tmobile,eth1,303.35,108.69,19.75,0.78,Accretive Networks,"Seattle, WA, United States",https://www.speedtest.net/result/c/d23555ee-7213-41a3-b2dc-e9b1783aef4e
2026-04-03T04:22:31.097998,tmobile,eth1,172.22,42.65,25.02,5.19,Accretive Networks,"Seattle, WA, United States",https://www.speedtest.net/result/c/155d3406-75dd-40ff-ac76-d8e58b4f4876
2026-04-03T04:37:36.978979,tmobile,eth1,284.3,106.96,21.58,4.03,Accretive Networks,"Seattle, WA, United States",https://www.speedtest.net/result/c/a68d7227-0b3c-4f2d-ad36-28f5a4f73f56
2026-04-03T04:52:34.868451,tmobile,eth1,280.96,46.32,25.05,3.15,Accretive Networks,"Seattle, WA, United States",https://www.speedtest.net/result/c/459493c1-7460-46e0-b0ba-9870f89e406e
2026-04-03T05:07:34.016699,tmobile,eth1,286.1,40.94,29.9,5.42,Nobull Networks LLC,"Federal Way, WA, United States",https://www.speedtest.net/result/c/410eb48e-84c3-4a17-bced-abd08d84cb42
2026-04-03T05:22:39.635220,tmobile,eth1,293.11,105.61,20.0,0.34,Accretive Networks,"Seattle, WA, United States",https://www.speedtest.net/result/c/7f780422-edaf-4770-9853-f84e4d58f242
2026-04-03T05:37:27.894866,tmobile,eth1,313.57,103.96,25.03,9.84,Accretive Networks,"Seattle, WA, United States",https://www.speedtest.net/result/c/3ced0f2d-bf71-499e-811d-aefe9a007c89
2026-04-03T05:52:26.564172,tmobile,eth1,269.8,43.76,20.07,0.46,Accretive Networks,"Seattle, WA, United States",https://www.speedtest.net/result/c/1bd15a14-6619-47af-b74e-e94de79460b1
2026-04-03T06:07:27.024040,tmobile,eth1,284.03,50.15,20.05,0.28,Accretive Networks,"Seattle, WA, United States",https://www.speedtest.net/result/c/6e2a3ec4-18bc-4603-b2f4-2b2ca1e359a7
2026-04-03T06:22:27.938829,tmobile,eth1,339.15,98.1,30.05,1.3,Nobull Networks LLC,"Federal Way, WA, United States",https://www.speedtest.net/result/c/0d1df508-b580-4f3b-b721-f89be27b71ab
2026-04-03T06:37:33.341160,tmobile,eth1,315.27,49.53,40.61,2.56,Nobull Networks LLC,"Federal Way, WA, United States",https://www.speedtest.net/result/c/bcde6d49-0074-46c6-afb8-b319a2f021cc
2026-04-03T06:52:33.671392,tmobile,eth1,258.26,56.12,35.47,8.85,Ziply Fiber,"Seattle, WA, United States",https://www.speedtest.net/result/c/9ee20911-867a-4e55-9071-f8f28f75bfe5
2026-04-03T07:07:28.586020,tmobile,eth1,224.73,51.11,23.36,2.45,Accretive Networks,"Seattle, WA, United States",https://www.speedtest.net/result/c/a760d730-57a9-4895-80f1-67fdb0ea9e30
2026-04-03T07:22:29.632184,tmobile,eth1,249.4,46.85,23.46,3.99,Accretive Networks,"Seattle, WA, United States",https://www.speedtest.net/result/c/e7153c35-1444-4a58-a059-ff4c16527ff1
2026-04-03T07:37:31.218475,tmobile,eth1,202.32,48.71,19.98,0.82,Accretive Networks,"Seattle, WA, United States",https://www.speedtest.net/result/c/6a793044-01a0-483a-b63d-e3d7504c7a0a
2026-04-03T07:52:33.455120,tmobile,eth1,333.6,43.21,19.91,1.01,Accretive Networks,"Seattle, WA, United States",https://www.speedtest.net/result/c/7b7a76c2-9e09-47fc-92bb-3ac844b20bbc
2026-04-03T08:07:29.965681,tmobile,eth1,290.71,38.74,21.55,1.66,Accretive Networks,"Seattle, WA, United States",https://www.speedtest.net/result/c/9e01f5e5-354a-4b2c-84b3-e3dddc07e74a
2026-04-03T08:22:37.954940,tmobile,eth1,297.91,39.71,28.23,6.26,Accretive Networks,"Seattle, WA, United States",https://www.speedtest.net/result/c/64ffbe0c-0aad-4a18-ae24-3bc6da328d74
2026-04-03T08:37:40.364389,tmobile,eth1,240.2,19.04,20.25,0.93,Accretive Networks,"Seattle, WA, United States",https://www.speedtest.net/result/c/5a693cd5-2672-4e28-b615-70b76d8818f2
2026-04-03T08:52:33.716246,tmobile,eth1,243.2,49.6,33.21,5.41,Nobull Networks LLC,"Federal Way, WA, United States",https://www.speedtest.net/result/c/8a0001ad-33ec-4ef6-8c71-c2feb90b9242
2026-04-03T09:07:28.747956,tmobile,eth1,262.75,26.75,22.0,3.04,Accretive Networks,"Seattle, WA, United States",https://www.speedtest.net/result/c/1b569a9b-8d55-4954-bcc9-ceef777bbd36
2026-04-03T09:22:31.806384,tmobile,eth1,225.51,77.6,19.95,1.11,Accretive Networks,"Seattle, WA, United States",https://www.speedtest.net/result/c/96a4b2a6-22dc-461f-854d-fe903b9db007
2026-04-03T09:37:35.907279,tmobile,eth1,161.08,37.25,39.93,0.73,Nobull Networks LLC,"Federal Way, WA, United States",https://www.speedtest.net/result/c/f0933958-b8fe-42e9-956b-445fda9ced1b
2026-04-03T09:52:34.810433,tmobile,eth1,166.6,40.14,20.0,0.18,Accretive Networks,"Seattle, WA, United States",https://www.speedtest.net/result/c/4e56e718-8a44-4adc-bce2-34b0981e214f
2026-04-03T10:07:43.675721,tmobile,eth1,249.51,48.29,40.26,1.93,GSL Networks,"Seattle, WA, United States",https://www.speedtest.net/result/c/dea7f066-60ee-4cb4-8de4-70d493cd66eb
2026-04-03T10:22:33.573683,tmobile,eth1,300.21,46.33,20.2,0.79,Accretive Networks,"Seattle, WA, United States",https://www.speedtest.net/result/c/9b930f21-f5c9-4a7f-b411-1cab8d038a2f
2026-04-03T10:37:33.175228,tmobile,eth1,225.37,43.68,28.51,5.09,Accretive Networks,"Seattle, WA, United States",https://www.speedtest.net/result/c/4f090bdf-57a7-4acc-89e9-1c94bb7a15fe
2026-04-03T10:52:44.137516,tmobile,eth1,155.29,41.58,39.44,3.44,GSL Networks,"Seattle, WA, United States",https://www.speedtest.net/result/c/4dce5244-d45f-4e91-a077-3c0a8db83010
2026-04-03T11:07:31.962234,tmobile,eth1,197.85,55.34,20.07,1.69,Accretive Networks,"Seattle, WA, United States",https://www.speedtest.net/result/c/c5e18507-399b-42e6-ae3a-330ad991f74a
2026-04-03T11:22:36.448151,tmobile,eth1,292.28,29.03,33.26,4.94,Nobull Networks LLC,"Federal Way, WA, United States",https://www.speedtest.net/result/c/a62da8f6-8052-4723-9fac-942f0bcdb757
2026-04-03T11:37:33.298020,tmobile,eth1,243.16,54.15,20.16,0.94,Accretive Networks,"Seattle, WA, United States",https://www.speedtest.net/result/c/a07bcff8-bd7e-4a0f-b13b-8f2c6fa088c8
2026-04-03T11:52:26.583866,tmobile,eth1,220.54,25.31,20.02,0.1,Accretive Networks,"Seattle, WA, United States",https://www.speedtest.net/result/c/95d4e11e-38ec-4e97-8fc0-9f0f5a4cb052
2026-04-03T12:07:36.518814,tmobile,eth1,239.83,41.39,20.1,0.72,Accretive Networks,"Seattle, WA, United States",https://www.speedtest.net/result/c/4319a198-337d-4e39-bc25-0c847373a764
2026-04-03T12:22:37.019632,tmobile,eth1,234.92,43.55,32.91,5.05,Accretive Networks,"Seattle, WA, United States",https://www.speedtest.net/result/c/35dbd4b9-0171-411a-bb9a-155752dadcdd
2026-04-03T12:37:28.893930,tmobile,eth1,213.88,86.98,21.45,5.06,Accretive Networks,"Seattle, WA, United States",https://www.speedtest.net/result/c/0afe845d-d7db-409c-a298-977522812555
2026-04-03T12:52:34.504026,tmobile,eth1,272.33,53.8,23.84,6.12,Accretive Networks,"Seattle, WA, United States",https://www.speedtest.net/result/c/3d9bba93-cf21-40df-8654-597b608104eb
2026-04-03T13:07:36.341702,tmobile,eth1,284.87,51.88,24.53,4.59,Accretive Networks,"Seattle, WA, United States",https://www.speedtest.net/result/c/a6204acb-b16f-4d9e-9e2c-53a09a918634
2026-04-03T13:22:40.685067,tmobile,eth1,270.53,47.91,30.41,8.32,Accretive Networks,"Seattle, WA, United States",https://www.speedtest.net/result/c/da00b44a-d47f-461e-9a35-60a57942b5c4
2026-04-03T13:37:41.941459,tmobile,eth1,241.97,38.2,36.97,8.68,Nobull Networks LLC,"Federal Way, WA, United States",https://www.speedtest.net/result/c/bf45470d-1c07-486a-8cac-0535a705bd49
2026-04-03T13:52:31.571597,tmobile,eth1,243.34,25.93,38.34,4.03,Accretive Networks,"Seattle, WA, United States",https://www.speedtest.net/result/c/e7000960-a907-4870-ac07-57b69c252d43
2026-04-03T14:07:34.057055,tmobile,eth1,220.3,39.65,40.25,1.53,Sangoma,"Seattle, WA, United States",https://www.speedtest.net/result/c/91995c09-6dfe-4244-bddc-a96d91705fbe
2026-04-03T14:22:32.225290,tmobile,eth1,254.37,48.43,35.45,5.68,Accretive Networks,"Seattle, WA, United States",https://www.speedtest.net/result/c/5cbb56ec-c9d3-4e03-9d1a-9f51b8789e1a
2026-04-03T14:37:34.916305,tmobile,eth1,246.54,86.81,32.92,13.07,Accretive Networks,"Seattle, WA, United States",https://www.speedtest.net/result/c/7d8caa6d-598a-415b-b561-1facd54935a8
2026-04-03T14:52:34.920835,tmobile,eth1,243.19,53.12,19.93,0.52,Accretive Networks,"Seattle, WA, United States",https://www.speedtest.net/result/c/ceff602b-f907-4a9b-a57b-b53e8470adc9
2026-04-03T15:07:36.560287,tmobile,eth1,192.05,18.45,20.28,4.72,Accretive Networks,"Seattle, WA, United States",https://www.speedtest.net/result/c/53fd8176-89f7-46ad-971d-4f12408f5285
2026-04-03T15:22:29.848160,tmobile,eth1,260.94,92.03,25.06,8.38,Accretive Networks,"Seattle, WA, United States",https://www.speedtest.net/result/c/05292ac8-2284-4f89-95fc-56cdfa6a56fe
2026-04-03T15:37:30.467314,tmobile,eth1,199.21,18.86,19.81,0.86,Accretive Networks,"Seattle, WA, United States",https://www.speedtest.net/result/c/3bb97a4f-f077-4cb1-9887-69f60a69223b
2026-04-03T15:52:35.494827,tmobile,eth1,166.97,17.27,23.25,3.56,Accretive Networks,"Seattle, WA, United States",https://www.speedtest.net/result/c/18121b12-eb23-4a3b-84ce-3bfbe3207ca7
2026-04-03T16:07:36.045910,tmobile,eth1,209.68,50.06,39.83,4.35,EZEE Fiber,"Seattle, WA, United States",https://www.speedtest.net/result/c/67ce3aba-6963-4831-9dd1-6948a0be7373
2026-04-03T16:22:27.125605,tmobile,eth1,204.29,51.89,21.58,5.32,Accretive Networks,"Seattle, WA, United States",https://www.speedtest.net/result/c/3b778107-7465-44dc-bdea-e2b7136ed370
2026-04-03T16:37:35.616960,tmobile,eth1,218.22,39.44,39.41,6.13,Nobull Networks LLC,"Federal Way, WA, United States",https://www.speedtest.net/result/c/0759ad4f-5288-411c-a0cc-e44a7eaaf025
2026-04-03T16:52:40.149906,tmobile,eth1,109.01,9.5,22.2,2.7,Accretive Networks,"Seattle, WA, United States",https://www.speedtest.net/result/c/c405aeba-7f05-42e6-a1c2-fbfe05350a26
2026-04-03T17:07:44.702121,tmobile,eth1,235.04,81.09,32.05,9.88,EZEE Fiber,"Seattle, WA, United States",https://www.speedtest.net/result/c/2704e8fb-89e8-4d2c-9de8-ac7853c2811c
2026-04-03T17:22:39.587014,tmobile,eth1,150.02,16.32,31.16,2.26,EZEE Fiber,"Seattle, WA, United States",https://www.speedtest.net/result/c/f427ee95-a806-408a-839e-4329970db1c7
2026-04-03T17:37:29.528716,tmobile,eth1,192.47,89.94,20.05,0.33,Accretive Networks,"Seattle, WA, United States",https://www.speedtest.net/result/c/c4f5baf3-2089-4ff5-8b41-2d974bbbb199
2026-04-03T17:52:34.595957,tmobile,eth1,183.63,50.21,37.0,2.62,Nobull Networks LLC,"Federal Way, WA, United States",https://www.speedtest.net/result/c/52079d8a-8824-40fc-a2ca-cd0c8033336f
2026-04-03T18:07:29.687587,tmobile,eth1,231.97,92.35,30.64,7.53,GSL Networks,"Seattle, WA, United States",https://www.speedtest.net/result/c/695f5173-11e3-4463-aaf6-786a2780ff51
2026-04-03T18:22:29.096957,tmobile,eth1,224.96,90.5,28.01,10.34,Accretive Networks,"Seattle, WA, United States",https://www.speedtest.net/result/c/6a8b356c-3616-4d60-b4ca-a1157e24e7b8
2026-04-03T18:37:37.586996,tmobile,eth1,187.75,31.47,23.22,7.22,Accretive Networks,"Seattle, WA, United States",https://www.speedtest.net/result/c/ebc33022-5caa-4e8d-9aeb-40a39d198631
2026-04-03T18:52:38.773434,tmobile,eth1,134.13,25.89,27.96,6.98,Accretive Networks,"Seattle, WA, United States",https://www.speedtest.net/result/c/f84e9965-fa39-48a3-a0c9-6f1756b57402
2026-04-03T19:07:28.546075,tmobile,eth1,197.13,45.31,20.18,1.24,Accretive Networks,"Seattle, WA, United States",https://www.speedtest.net/result/c/15c19441-6957-4f96-bd7f-fdc70ef6b8d6
2026-04-03T19:37:30.331841,tmobile,eth1,112.33,25.66,29.97,12.17,Accretive Networks,"Seattle, WA, United States",https://www.speedtest.net/result/c/7095259d-4512-4980-bfc3-1aa522d34600
2026-04-03T19:52:36.279703,tmobile,eth1,96.59,47.19,24.94,2.99,Accretive Networks,"Seattle, WA, United States",https://www.speedtest.net/result/c/5b7b0228-f296-4ed6-85e5-41d9bc7002ae
2026-04-03T20:07:31.007473,tmobile,eth1,67.13,33.97,21.41,3.45,Accretive Networks,"Seattle, WA, United States",https://www.speedtest.net/result/c/254926bf-82ab-47e7-a64f-d828dfe2a83d
2026-04-03T20:22:32.583005,tmobile,eth1,79.44,44.1,20.0,1.0,Accretive Networks,"Seattle, WA, United States",https://www.speedtest.net/result/c/0ca213e3-0059-48f8-b28e-06d6709237f6
2026-04-03T20:37:33.399894,tmobile,eth1,75.76,27.69,24.87,7.39,Ziply Fiber,"Seattle, WA, United States",https://www.speedtest.net/result/c/64a3872a-139e-410e-af5c-6a7b90f255e0
2026-04-03T20:52:30.932808,tmobile,eth1,95.03,31.8,21.74,6.07,Accretive Networks,"Seattle, WA, United States",https://www.speedtest.net/result/c/a420c731-5d4a-4be9-997a-cd69008a38cf
2026-04-03T21:07:27.853399,tmobile,eth1,105.73,28.54,21.92,4.33,Accretive Networks,"Seattle, WA, United States",https://www.speedtest.net/result/c/72f76647-0b09-4b87-9d0f-f74d7f3bf4ee
2026-04-03T21:22:34.470913,tmobile,eth1,120.48,31.67,20.07,1.68,Accretive Networks,"Seattle, WA, United States",https://www.speedtest.net/result/c/d365d72a-16e0-4b19-a1ff-a487248ed629
2026-04-03T21:37:36.181741,tmobile,eth1,101.98,33.72,23.96,6.66,Accretive Networks,"Seattle, WA, United States",https://www.speedtest.net/result/c/9984274c-cc68-41d0-866a-10424253786f
2026-04-03T21:52:35.860043,tmobile,eth1,97.59,32.21,22.35,4.76,Accretive Networks,"Seattle, WA, United States",https://www.speedtest.net/result/c/cd2e9601-fff3-47df-b90c-3d4251db5b86
2026-04-03T22:07:34.087809,tmobile,eth1,164.83,29.57,31.5,6.29,Nobull Networks LLC,"Federal Way, WA, United States",https://www.speedtest.net/result/c/5bad438f-f31b-49ff-b33a-b8b5306707c9
2026-04-03T22:22:33.511912,tmobile,eth1,141.73,30.57,28.69,5.13,Nobull Networks LLC,"Federal Way, WA, United States",https://www.speedtest.net/result/c/abdd39d0-77e5-48ff-865c-9d721b54d3f3
2026-04-03T22:37:38.608277,tmobile,eth1,154.38,24.2,21.72,3.87,Accretive Networks,"Seattle, WA, United States",https://www.speedtest.net/result/c/13fc4ca5-b383-436d-b32d-753a3e6f77d3
2026-04-03T22:52:33.053132,tmobile,eth1,155.45,33.04,40.09,1.66,Nobull Networks LLC,"Federal Way, WA, United States",https://www.speedtest.net/result/c/37f33208-4ada-4565-beda-f81bbe0bb7da
2026-04-03T23:07:26.455012,tmobile,eth1,123.42,33.07,39.96,1.32,Astound Broadband,"Seattle, WA, United States",https://www.speedtest.net/result/c/7aa87b70-e203-49a5-8826-e37bf28a7d1a
2026-04-03T23:22:30.491501,tmobile,eth1,140.64,19.02,23.8,5.96,Accretive Networks,"Seattle, WA, United States",https://www.speedtest.net/result/c/7cbf11b8-f720-4e4f-a2cc-68545c34f9a7
2026-04-03T23:37:29.736733,tmobile,eth1,127.39,37.01,23.45,6.18,Accretive Networks,"Seattle, WA, United States",https://www.speedtest.net/result/c/400f5df9-37fd-4542-9033-742ebe5565e7
2026-04-03T23:52:40.431558,tmobile,eth1,158.63,43.12,40.06,5.01,Sangoma,"Seattle, WA, United States",https://www.speedtest.net/result/c/8697d2c3-9fd7-4519-ae34-d82222be8155
2026-04-04T00:07:32.563224,tmobile,eth1,237.61,88.29,39.94,2.58,Nobull Networks LLC,"Federal Way, WA, United States",https://www.speedtest.net/result/c/84fbae1d-c1a4-4b68-ae3e-9597bef6e1d1
2026-04-04T00:22:30.318310,tmobile,eth1,190.43,93.65,39.86,2.22,Nobull Networks LLC,"Federal Way, WA, United States",https://www.speedtest.net/result/c/4051c3ec-cf90-4898-b50e-4e8573de7296
2026-04-04T00:37:36.223367,tmobile,eth1,247.27,95.34,20.73,6.93,Accretive Networks,"Seattle, WA, United States",https://www.speedtest.net/result/c/e3338f55-3d61-4cf0-ba34-f3c21cfe60c0
2026-04-04T00:52:40.331318,tmobile,eth1,176.36,33.0,20.03,0.55,Accretive Networks,"Seattle, WA, United States",https://www.speedtest.net/result/c/803329ce-6ae5-48d3-ab23-249285a0d43c
2026-04-04T01:07:25.566212,tmobile,eth1,148.04,32.41,37.63,6.93,Accretive Networks,"Seattle, WA, United States",https://www.speedtest.net/result/c/0a2901e4-871a-4029-9d00-02725873d031
2026-04-04T01:22:31.446717,tmobile,eth1,239.14,44.54,20.07,5.15,Accretive Networks,"Seattle, WA, United States",https://www.speedtest.net/result/c/33081dd9-547c-4267-8e4f-092af7dfa7f4
2026-04-04T01:37:38.596975,tmobile,eth1,170.33,26.17,19.99,0.18,Accretive Networks,"Seattle, WA, United States",https://www.speedtest.net/result/c/9e1fe147-bfe9-44da-8473-04d8c3c1d4fa
2026-04-04T01:52:35.524806,tmobile,eth1,173.73,38.77,20.7,3.77,Accretive Networks,"Seattle, WA, United States",https://www.speedtest.net/result/c/08d87b13-638b-4397-8586-0a45ac04b73a
2026-04-04T02:07:31.086777,tmobile,eth1,170.94,37.58,28.02,8.81,Accretive Networks,"Seattle, WA, United States",https://www.speedtest.net/result/c/afe44e7b-2c6f-4a79-aca4-3f2593f025e0
2026-04-04T02:22:35.737148,tmobile,eth1,115.93,33.78,28.53,5.7,Accretive Networks,"Seattle, WA, United States",https://www.speedtest.net/result/c/410074b0-bdba-4b7a-9577-f51e23ae5674
2026-04-04T02:37:33.266469,tmobile,eth1,317.74,100.89,29.79,0.85,fdcservers.net,"Seattle, WA, United States",https://www.speedtest.net/result/c/7f6fec05-4f39-4839-8467-1239f3a397dd
2026-04-04T02:52:40.072044,tmobile,eth1,169.35,38.66,20.02,1.3,Accretive Networks,"Seattle, WA, United States",https://www.speedtest.net/result/c/63aeb6c4-7e82-4af4-88d0-5da06922dd04
2026-04-04T03:07:34.518541,tmobile,eth1,154.42,34.48,29.89,7.06,Nobull Networks LLC,"Federal Way, WA, United States",https://www.speedtest.net/result/c/0e90a490-6744-4125-84a0-af0b60e61487
2026-04-04T03:22:29.920691,tmobile,eth1,162.59,34.55,20.39,0.86,Accretive Networks,"Seattle, WA, United States",https://www.speedtest.net/result/c/a190354a-24e8-4541-8eab-2e87f65351ee
2026-04-04T03:37:28.041567,tmobile,eth1,274.99,41.9,31.67,9.94,Accretive Networks,"Seattle, WA, United States",https://www.speedtest.net/result/c/72028cbb-794f-4e36-848e-9fa5d2f172e4
2026-04-04T03:52:32.931011,tmobile,eth1,269.58,32.63,20.05,0.99,Accretive Networks,"Seattle, WA, United States",https://www.speedtest.net/result/c/71917d1b-2893-470e-a31b-99e1262894e3
2026-04-04T04:07:36.346414,tmobile,eth1,380.98,102.42,32.64,8.29,Astound Broadband,"Seattle, WA, United States",https://www.speedtest.net/result/c/54927f92-df8f-41b3-a38d-8710bef4692a
2026-04-04T04:22:37.246503,tmobile,eth1,217.86,28.39,19.95,0.67,Accretive Networks,"Seattle, WA, United States",https://www.speedtest.net/result/c/e1be6ce6-0b5b-44a3-b49e-817879358b38
2026-04-04T04:37:38.700197,tmobile,eth1,301.21,44.63,30.09,8.08,fdcservers.net,"Seattle, WA, United States",https://www.speedtest.net/result/c/534ae65f-2c64-492b-b684-db82ca9010d2
2026-04-04T04:52:38.373106,tmobile,eth1,212.01,47.81,29.95,4.46,fdcservers.net,"Seattle, WA, United States",https://www.speedtest.net/result/c/aeacce77-7bf5-43d9-be75-67a82ac92253
2026-04-04T05:07:28.762944,tmobile,eth1,297.46,107.56,21.5,9.6,Accretive Networks,"Seattle, WA, United States",https://www.speedtest.net/result/c/4c0723c8-da7a-4f7d-adeb-444724ac4bcd
2026-04-04T05:22:36.106585,tmobile,eth1,414.44,47.1,21.39,7.6,Accretive Networks,"Seattle, WA, United States",https://www.speedtest.net/result/c/a43db172-f044-4fb8-907e-985141b53e1c
2026-04-04T05:37:30.027318,tmobile,eth1,391.39,59.24,23.25,5.88,Accretive Networks,"Seattle, WA, United States",https://www.speedtest.net/result/c/9ce2d778-3425-4bbd-87e2-39692fd08580
2026-04-04T05:52:35.115837,tmobile,eth1,321.83,56.1,20.04,1.59,fdcservers.net,"Seattle, WA, United States",https://www.speedtest.net/result/c/bd86ad0d-8453-4815-bc40-29a783f683c5
2026-04-04T06:07:36.961703,tmobile,eth1,331.05,53.0,19.73,1.49,Accretive Networks,"Seattle, WA, United States",https://www.speedtest.net/result/c/4c6473aa-c383-4ce1-8819-78f6b4b36856
2026-04-04T06:22:34.130688,tmobile,eth1,336.96,46.81,33.03,11.07,Nobull Networks LLC,"Federal Way, WA, United States",https://www.speedtest.net/result/c/9f882fe1-f9ce-4cb1-9263-6afd522b6145
2026-04-04T06:37:37.529158,tmobile,eth1,425.47,45.82,29.96,4.04,Nobull Networks LLC,"Federal Way, WA, United States",https://www.speedtest.net/result/c/c646dfd7-2b58-4551-b8d5-7b7ff05ef955
2026-04-04T06:52:37.851732,tmobile,eth1,185.51,46.09,20.0,0.49,fdcservers.net,"Seattle, WA, United States",https://www.speedtest.net/result/c/507c5867-b91a-4541-be55-cee4f13763d8
2026-04-04T07:07:28.295958,tmobile,eth1,227.8,48.42,20.46,2.7,Accretive Networks,"Seattle, WA, United States",https://www.speedtest.net/result/c/633a617b-818d-4ee7-9ebe-18ce8e523ce2
2026-04-04T07:22:39.830848,tmobile,eth1,281.14,47.89,20.05,0.82,Accretive Networks,"Seattle, WA, United States",https://www.speedtest.net/result/c/b6b2387d-ce04-4c64-8a59-ab6a4fd9c257
2026-04-04T07:37:35.110707,tmobile,eth1,321.65,26.04,24.13,7.21,Accretive Networks,"Seattle, WA, United States",https://www.speedtest.net/result/c/ab82352d-12b9-42b0-a83b-d6c4171f4669
2026-04-04T07:52:41.736668,tmobile,eth1,299.24,31.14,20.38,3.63,Accretive Networks,"Seattle, WA, United States",https://www.speedtest.net/result/c/a2622ada-ebe2-4cb9-a379-ff58dab6cdfb
2026-04-04T08:07:32.891111,tmobile,eth1,201.76,103.88,30.01,0.4,Ziply Fiber,"Seattle, WA, United States",https://www.speedtest.net/result/c/7bfa4a53-40dc-453a-bd54-8acee5545b1b
2026-04-04T08:22:29.845318,tmobile,eth1,214.21,96.79,20.02,0.12,Accretive Networks,"Seattle, WA, United States",https://www.speedtest.net/result/c/86ad0d45-abb9-4050-b39a-6d9925ff3b13
2026-04-04T08:37:39.145184,tmobile,eth1,242.57,38.41,25.04,8.01,GSL Networks,"Seattle, WA, United States",https://www.speedtest.net/result/c/3470a4b6-fa5b-47ca-aa78-b0a9a30785cb
2026-04-04T08:52:23.029174,tmobile,eth1,265.54,34.19,20.04,1.71,Accretive Networks,"Seattle, WA, United States",https://www.speedtest.net/result/c/f97a61d2-2375-47fd-82ad-d43a65d33d8b
2026-04-04T09:07:36.087833,tmobile,eth1,126.75,32.47,30.36,3.6,fdcservers.net,"Seattle, WA, United States",https://www.speedtest.net/result/c/64287885-705c-4596-81a5-48a4f6f97c9c
2026-04-04T09:22:35.325860,tmobile,eth1,224.37,29.47,19.99,0.2,Accretive Networks,"Seattle, WA, United States",https://www.speedtest.net/result/c/0981dfb7-6e9e-43b3-9360-294f77cf1ac7
2026-04-04T09:37:36.050605,tmobile,eth1,199.21,22.87,19.94,0.54,Accretive Networks,"Seattle, WA, United States",https://www.speedtest.net/result/c/4d22dc41-ce79-456a-b4a7-a0d4bd52f8b8
2026-04-04T09:52:32.705798,tmobile,eth1,173.99,20.23,32.43,12.3,Accretive Networks,"Seattle, WA, United States",https://www.speedtest.net/result/c/4085149a-6831-46c2-8ecf-95698836f869
2026-04-04T10:07:41.025802,tmobile,eth1,223.59,14.8,21.6,7.2,Accretive Networks,"Seattle, WA, United States",https://www.speedtest.net/result/c/9ddbffb8-251b-45a0-994f-2f1a21a3c779
2026-04-04T10:22:26.636575,tmobile,eth1,190.77,16.24,27.75,3.23,GSL Networks,"Seattle, WA, United States",https://www.speedtest.net/result/c/a45e4685-1c78-40e6-9116-d85594da1033
2026-04-04T10:37:33.844919,tmobile,eth1,267.68,35.52,29.82,6.83,Ziply Fiber,"Seattle, WA, United States",https://www.speedtest.net/result/c/16bd5a99-7adf-4b37-b792-82c185e5eb70
2026-04-04T10:52:43.226875,tmobile,eth1,124.77,17.57,36.6,5.48,fdcservers.net,"Seattle, WA, United States",https://www.speedtest.net/result/c/e5b944ad-09d7-49e5-b2d1-3604aaf97aff
2026-04-04T11:07:38.629017,tmobile,eth1,104.18,17.91,31.69,15.28,Accretive Networks,"Seattle, WA, United States",https://www.speedtest.net/result/c/a4e82183-9703-4e69-9c07-e86289d7ce8b
2026-04-04T11:22:40.916335,tmobile,eth1,269.99,36.35,39.05,6.18,GSL Networks,"Seattle, WA, United States",https://www.speedtest.net/result/c/c66837ac-23b2-4f2e-a089-5fb408234832
2026-04-04T11:37:37.384595,tmobile,eth1,191.24,21.43,26.17,5.26,fdcservers.net,"Seattle, WA, United States",https://www.speedtest.net/result/c/cb3dafc5-353d-4255-880a-e5d034bdafcf
2026-04-04T11:52:35.076802,tmobile,eth1,185.42,21.28,32.12,5.5,Nobull Networks LLC,"Federal Way, WA, United States",https://www.speedtest.net/result/c/8df33218-fa20-4ba9-b893-26989b629268
2026-04-04T12:07:27.147577,tmobile,eth1,181.37,11.92,21.6,7.83,Accretive Networks,"Seattle, WA, United States",https://www.speedtest.net/result/c/90923438-d740-4e00-8961-8e0cef315414
2026-04-04T12:22:37.032093,tmobile,eth1,218.51,13.56,31.95,6.47,Accretive Networks,"Seattle, WA, United States",https://www.speedtest.net/result/c/ad00c0a0-56ef-4674-a991-ff81ea27f20f
2026-04-04T12:37:35.024248,tmobile,eth1,187.48,41.45,39.49,3.65,fdcservers.net,"Seattle, WA, United States",https://www.speedtest.net/result/c/7a61f379-180b-4976-b532-df14eaeabef6
2026-04-04T12:52:35.589701,tmobile,eth1,231.14,22.94,20.62,8.75,Accretive Networks,"Seattle, WA, United States",https://www.speedtest.net/result/c/65715413-4f28-409e-a482-05a5e805355d
2026-04-04T13:07:34.644540,tmobile,eth1,53.69,43.52,31.06,15.56,Astound Broadband,"Seattle, WA, United States",https://www.speedtest.net/result/c/8a5b0263-d20e-4fae-8968-87fd1b1cd4d7
2026-04-04T13:22:35.389925,tmobile,eth1,208.19,43.15,39.67,5.17,Accretive Networks,"Seattle, WA, United States",https://www.speedtest.net/result/c/f12c5124-f653-4dd4-b12e-8acbd4d1f5a7
2026-04-04T13:37:30.599782,tmobile,eth1,236.35,88.92,30.84,14.6,Sangoma,"Seattle, WA, United States",https://www.speedtest.net/result/c/b7410193-4794-4050-bdbf-28c1b8d2ede2
2026-04-04T13:52:43.342550,tmobile,eth1,153.28,23.21,35.56,10.11,fdcservers.net,"Seattle, WA, United States",https://www.speedtest.net/result/c/50e04300-84af-495d-b7e6-2e54d5f4cd7a
2026-04-04T14:07:39.557895,tmobile,eth1,197.14,41.12,29.98,2.64,EZEE Fiber,"Seattle, WA, United States",https://www.speedtest.net/result/c/ba2f6121-9cfd-465f-9318-9c3aed018c6e
2026-04-04T14:22:27.091210,tmobile,eth1,187.35,11.3,28.02,9.33,Accretive Networks,"Seattle, WA, United States",https://www.speedtest.net/result/c/e040e91f-16d8-4181-8147-837c3a6a7747
2026-04-04T14:37:38.073742,tmobile,eth1,142.04,15.91,23.0,3.38,Accretive Networks,"Seattle, WA, United States",https://www.speedtest.net/result/c/ab64499d-33d5-4153-9892-215d04a3e85e
2026-04-04T14:52:30.378514,tmobile,eth1,157.46,20.64,20.04,3.94,Accretive Networks,"Seattle, WA, United States",https://www.speedtest.net/result/c/e30e236c-7794-4819-b28f-8cea9aed9e17
2026-04-04T15:07:45.186166,tmobile,eth1,160.11,17.02,40.09,6.58,fdcservers.net,"Seattle, WA, United States",https://www.speedtest.net/result/c/ce0853b3-07fa-41f2-94a2-e9c352910759
2026-04-04T15:22:36.851341,tmobile,eth1,142.0,12.87,20.0,0.59,Accretive Networks,"Seattle, WA, United States",https://www.speedtest.net/result/c/f28c8276-c64a-4691-8ed9-a9d9f6a34a4a
2026-04-04T15:37:41.647536,tmobile,eth1,179.49,16.42,24.96,3.38,Ziply Fiber,"Seattle, WA, United States",https://www.speedtest.net/result/c/2ebe6da8-3c59-4f43-9999-bf6a0a7d5e1f
2026-04-04T15:52:31.037924,tmobile,eth1,199.35,36.17,19.9,0.4,Accretive Networks,"Seattle, WA, United States",https://www.speedtest.net/result/c/d06bce93-6f16-4b78-88d5-245d5c6acd97
2026-04-04T16:07:35.915503,tmobile,eth1,206.12,47.16,20.38,9.6,Accretive Networks,"Seattle, WA, United States",https://www.speedtest.net/result/c/29816224-f2f7-4903-9274-e25b9adacc52
2026-04-04T16:22:37.734675,tmobile,eth1,214.06,45.4,20.31,2.25,Accretive Networks,"Seattle, WA, United States",https://www.speedtest.net/result/c/42436b36-915d-42f2-9351-6a005a00fc30
2026-04-04T16:37:27.656589,tmobile,eth1,209.66,93.43,26.76,5.0,Accretive Networks,"Seattle, WA, United States",https://www.speedtest.net/result/c/795a452d-c530-476a-9753-7a6254f1f78c
2026-04-04T16:52:38.889761,tmobile,eth1,188.35,49.73,39.95,1.23,Nobull Networks LLC,"Federal Way, WA, United States",https://www.speedtest.net/result/c/c4b03c2e-ec1c-464c-b9bb-9ebac34127ee
2026-04-04T17:07:33.460045,tmobile,eth1,175.68,47.87,36.98,5.33,fdcservers.net,"Seattle, WA, United States",https://www.speedtest.net/result/c/bd71cec4-907d-4388-9fbd-b4c445861feb
2026-04-04T17:22:38.204767,tmobile,eth1,175.23,40.99,40.02,0.65,fdcservers.net,"Seattle, WA, United States",https://www.speedtest.net/result/c/5dd599dd-0152-483f-9b23-59b9abf16df1
2026-04-04T17:37:30.846993,tmobile,eth1,161.25,50.59,20.0,0.62,fdcservers.net,"Seattle, WA, United States",https://www.speedtest.net/result/c/89eda9aa-be4a-4f77-b89b-413c66eb11e0
2026-04-04T17:52:29.794136,tmobile,eth1,140.86,34.34,20.03,3.57,Accretive Networks,"Seattle, WA, United States",https://www.speedtest.net/result/c/cbf20227-454e-4455-af28-dbdd0b3faade
2026-04-04T18:07:38.409269,tmobile,eth1,180.22,89.52,19.99,4.53,Accretive Networks,"Seattle, WA, United States",https://www.speedtest.net/result/c/7fee632f-2579-4af0-b47c-e5ad8dd27899
2026-04-04T18:22:32.793362,tmobile,eth1,202.95,38.35,34.91,15.69,Accretive Networks,"Seattle, WA, United States",https://www.speedtest.net/result/c/9cdfa2fd-2826-480c-b63c-f0f5cbf25cd1
2026-04-04T18:37:29.100235,tmobile,eth1,195.24,32.91,20.05,5.14,Accretive Networks,"Seattle, WA, United States",https://www.speedtest.net/result/c/9c94ea43-5637-4ee2-82cb-f10e9babdce7
2026-04-04T18:52:41.882252,tmobile,eth1,186.91,25.18,39.43,6.54,Accretive Networks,"Seattle, WA, United States",https://www.speedtest.net/result/c/3433665d-0cc7-46b8-89bb-966a4658dcb5
2026-04-04T19:07:30.397614,tmobile,eth1,172.42,90.3,39.87,1.33,GSL Networks,"Seattle, WA, United States",https://www.speedtest.net/result/c/e1652071-e040-4464-9bf2-a28ce667d70f
2026-04-04T19:22:35.309368,tmobile,eth1,165.97,39.84,36.99,10.44,Astound Broadband,"Seattle, WA, United States",https://www.speedtest.net/result/c/2bb34893-fdd6-48bd-baf8-424e6b1a21a8
2026-04-04T19:37:38.215484,tmobile,eth1,139.72,30.31,29.53,3.82,EZEE Fiber,"Seattle, WA, United States",https://www.speedtest.net/result/c/86b19f0a-c8fa-4904-9b2f-85d8dde96a28
2026-04-04T19:52:35.019903,tmobile,eth1,160.43,36.48,39.96,0.17,Nobull Networks LLC,"Federal Way, WA, United States",https://www.speedtest.net/result/c/f436e0d9-2f7a-4d15-b806-1ee23ae6c975
2026-04-04T20:07:39.611691,tmobile,eth1,131.77,35.89,19.94,0.44,Accretive Networks,"Seattle, WA, United States",https://www.speedtest.net/result/c/cbb52941-b87c-40ae-ad92-7e68a2268898
2026-04-04T20:22:37.411032,tmobile,eth1,161.53,38.68,20.05,0.32,fdcservers.net,"Seattle, WA, United States",https://www.speedtest.net/result/c/c32cf3fe-a579-4367-8c7c-526c2501c301
2026-04-04T20:37:45.190128,tmobile,eth1,156.01,37.33,40.03,0.48,fdcservers.net,"Seattle, WA, United States",https://www.speedtest.net/result/c/878ee926-63b6-4afc-bf46-cbd70e862947
2026-04-04T20:52:36.975223,tmobile,eth1,125.25,46.97,20.07,1.93,Accretive Networks,"Seattle, WA, United States",https://www.speedtest.net/result/c/17ec2143-feb2-41e0-9dea-9d7b53e95cf2
2026-04-04T21:07:33.771760,tmobile,eth1,98.4,48.45,26.43,4.94,Accretive Networks,"Seattle, WA, United States",https://www.speedtest.net/result/c/cb14902e-ac87-4442-a7b1-3e70054e1296
2026-04-04T21:22:43.388127,tmobile,eth1,137.27,37.51,27.46,9.89,fdcservers.net,"Seattle, WA, United States",https://www.speedtest.net/result/c/3618f50d-206e-41b5-bb52-3d59adf98376
2026-04-04T21:37:30.627788,tmobile,eth1,137.42,36.73,20.59,1.55,Accretive Networks,"Seattle, WA, United States",https://www.speedtest.net/result/c/be0f7ec7-8d17-4474-bdf5-6019a9bf59df
2026-04-04T21:52:41.789783,tmobile,eth1,202.9,30.98,20.14,0.58,Accretive Networks,"Seattle, WA, United States",https://www.speedtest.net/result/c/fdbd3e72-cabc-4f3f-ba58-5700eab00dca
2026-04-04T22:07:37.155323,tmobile,eth1,142.84,42.25,23.13,7.44,Accretive Networks,"Seattle, WA, United States",https://www.speedtest.net/result/c/f9a2b78b-6fa0-4e2b-9ab8-279034935049
2026-04-04T22:22:28.486161,tmobile,eth1,168.73,38.76,20.01,0.65,Accretive Networks,"Seattle, WA, United States",https://www.speedtest.net/result/c/1cb3866a-fff9-4c9d-9ee5-f2cb3147459b
2026-04-04T22:37:26.549993,tmobile,eth1,114.71,43.33,20.24,1.1,Accretive Networks,"Seattle, WA, United States",https://www.speedtest.net/result/c/9cb564b9-493e-44f1-899b-9e4d6cc8f590
2026-04-04T22:52:35.411202,tmobile,eth1,64.61,30.83,19.98,0.18,Accretive Networks,"Seattle, WA, United States",https://www.speedtest.net/result/c/85e6cd9d-1a13-4e7c-983d-5e5f6f3ee3fc
2026-04-04T23:07:31.841697,tmobile,eth1,131.79,46.26,23.83,2.75,Accretive Networks,"Seattle, WA, United States",https://www.speedtest.net/result/c/f0c77646-e9e0-466d-a3af-a9a06272446e
2026-04-04T23:22:40.675745,tmobile,eth1,210.0,30.23,20.3,1.48,Accretive Networks,"Seattle, WA, United States",https://www.speedtest.net/result/c/6292648e-62c3-4be5-b3b7-ca52b670eb70
2026-04-04T23:37:28.364030,tmobile,eth1,171.8,42.24,22.08,3.23,Accretive Networks,"Seattle, WA, United States",https://www.speedtest.net/result/c/be6570ed-c92e-4e50-a5b9-1c973e5a7244
2026-04-04T23:52:28.653703,tmobile,eth1,206.08,50.89,27.05,6.8,Accretive Networks,"Seattle, WA, United States",https://www.speedtest.net/result/c/290ce738-9fbe-43bd-b77c-23abea5dc959
2026-04-05T00:07:36.637918,tmobile,eth1,133.9,35.66,21.91,2.66,fdcservers.net,"Seattle, WA, United States",https://www.speedtest.net/result/c/f0eda51d-52f8-4641-9b5b-73246e4b0f8e
2026-04-05T00:22:31.744354,tmobile,eth1,191.15,54.77,31.64,7.46,fdcservers.net,"Seattle, WA, United States",https://www.speedtest.net/result/c/2558472f-da83-481f-b9bc-6cd8746863cc
2026-04-05T00:37:36.669639,tmobile,eth1,233.06,51.17,21.93,5.37,Accretive Networks,"Seattle, WA, United States",https://www.speedtest.net/result/c/9860a02e-eae0-4194-9ecc-99feeacf0d03
2026-04-05T00:52:33.763841,tmobile,eth1,183.02,42.6,29.09,4.68,Nobull Networks LLC,"Federal Way, WA, United States",https://www.speedtest.net/result/c/a63af147-4284-4668-bd41-e60b8f376267
2026-04-05T01:07:38.661771,tmobile,eth1,162.99,39.32,38.8,7.17,Nobull Networks LLC,"Federal Way, WA, United States",https://www.speedtest.net/result/c/70c6d381-8bcc-4a10-ac98-e38f02e2305f
2026-04-05T01:22:34.550898,tmobile,eth1,355.09,99.73,20.1,0.28,fdcservers.net,"Seattle, WA, United States",https://www.speedtest.net/result/c/8e5107a3-8fa7-4f43-8ac1-e2ed0bdd6ad7
2026-04-05T01:37:27.721538,tmobile,eth1,257.01,103.06,32.22,9.97,Accretive Networks,"Seattle, WA, United States",https://www.speedtest.net/result/c/4df6007a-df84-421a-be24-67be01027a83
2026-04-05T01:52:32.122722,tmobile,eth1,290.5,100.32,26.17,8.67,Accretive Networks,"Seattle, WA, United States",https://www.speedtest.net/result/c/012f973b-e8c3-4438-9ceb-7b9716726db6
2026-04-05T02:07:31.303294,tmobile,eth1,207.35,46.52,29.84,1.43,Sangoma,"Seattle, WA, United States",https://www.speedtest.net/result/c/43d9c8e0-4469-41c0-a1a3-8293ff9531fe
2026-04-05T02:22:40.687690,tmobile,eth1,148.09,44.18,23.52,6.65,Accretive Networks,"Seattle, WA, United States",https://www.speedtest.net/result/c/15144465-97fe-4bfa-aa7c-d4213b1d59e8
2026-04-05T02:37:36.005774,tmobile,eth1,266.53,101.88,22.03,4.81,Accretive Networks,"Seattle, WA, United States",https://www.speedtest.net/result/c/5025e10a-68c0-430c-af35-716a49bf2b00
2026-04-05T02:52:34.667005,tmobile,eth1,210.03,44.38,22.2,2.48,Accretive Networks,"Seattle, WA, United States",https://www.speedtest.net/result/c/4eea524c-2902-4fe9-aca5-bc45b94e719e
2026-04-05T03:07:31.596088,tmobile,eth1,197.03,19.79,31.72,10.29,Accretive Networks,"Seattle, WA, United States",https://www.speedtest.net/result/c/384b5120-c6dc-4818-be07-755367ff063a
2026-04-05T03:22:32.421669,tmobile,eth1,241.76,52.95,30.97,7.44,Accretive Networks,"Seattle, WA, United States",https://www.speedtest.net/result/c/3401376c-a997-4d7c-b2d3-b19954fd5357
2026-04-05T03:37:35.162773,tmobile,eth1,288.45,45.65,31.52,6.77,Nobull Networks LLC,"Federal Way, WA, United States",https://www.speedtest.net/result/c/e91474bf-6fb0-4066-b4db-8ef9b1fb2eb4
2026-04-05T03:52:37.987827,tmobile,eth1,270.05,104.88,26.86,3.53,fdcservers.net,"Seattle, WA, United States",https://www.speedtest.net/result/c/15cd35ab-f5ff-4e2d-9fa6-59969e456556
2026-04-05T04:07:35.297790,tmobile,eth1,140.77,43.87,23.88,7.13,Accretive Networks,"Seattle, WA, United States",https://www.speedtest.net/result/c/45006e9d-5158-481e-91d7-ac92f5835c0b
2026-04-05T04:22:36.827738,tmobile,eth1,270.66,49.57,29.08,11.33,fdcservers.net,"Seattle, WA, United States",https://www.speedtest.net/result/c/98dd62ce-baf5-4644-9e68-be4eedc82d9a
2026-04-05T04:37:39.411924,tmobile,eth1,247.94,51.27,31.4,9.97,fdcservers.net,"Seattle, WA, United States",https://www.speedtest.net/result/c/863cbf1d-28c8-4c9e-944a-9c329172e10d
2026-04-05T04:52:33.448139,tmobile,eth1,159.97,45.43,34.49,13.8,Accretive Networks,"Seattle, WA, United States",https://www.speedtest.net/result/c/e549281b-52b6-4b1f-a2be-77b83f350d49
2026-04-05T05:07:31.067492,tmobile,eth1,299.61,57.83,23.47,2.65,fdcservers.net,"Seattle, WA, United States",https://www.speedtest.net/result/c/94449ff6-4889-412c-856a-4310502c5e64
2026-04-05T05:22:36.805449,tmobile,eth1,364.62,57.99,21.34,8.12,Accretive Networks,"Seattle, WA, United States",https://www.speedtest.net/result/c/2d535477-63b9-42f2-b0ec-b64c3a7e93fc
2026-04-05T05:37:35.052493,tmobile,eth1,393.03,46.85,37.76,9.56,Accretive Networks,"Seattle, WA, United States",https://www.speedtest.net/result/c/d4c7dd84-c093-45c7-af9c-3c172408933f
2026-04-05T05:52:28.911978,tmobile,eth1,341.22,60.37,21.41,7.64,Accretive Networks,"Seattle, WA, United States",https://www.speedtest.net/result/c/6e37568e-1a88-4b5d-90a1-0c79839f93c9
2026-04-05T06:07:42.448025,tmobile,eth1,302.03,99.42,30.01,1.99,Sangoma,"Seattle, WA, United States",https://www.speedtest.net/result/c/6c2ee609-5a42-43b9-bb88-33e2677caa99
2026-04-05T06:22:36.278357,tmobile,eth1,342.94,64.28,31.54,4.02,fdcservers.net,"Seattle, WA, United States",https://www.speedtest.net/result/c/47655560-d032-440e-8992-74ba53e2e0c3
2026-04-05T06:37:32.606257,tmobile,eth1,377.48,61.07,27.41,5.0,Accretive Networks,"Seattle, WA, United States",https://www.speedtest.net/result/c/50f8b07c-1cfd-4e7e-93c8-be3c9037fa41
2026-04-05T06:52:36.715673,tmobile,eth1,360.87,62.45,27.85,4.24,fdcservers.net,"Seattle, WA, United States",https://www.speedtest.net/result/c/3f7351ed-2671-4158-8a35-0b5513f5dc50
2026-04-05T07:07:28.718535,tmobile,eth1,221.95,49.09,20.05,4.47,Accretive Networks,"Seattle, WA, United States",https://www.speedtest.net/result/c/3863527c-870f-40c6-9259-afa30232018f
2026-04-05T07:22:43.357643,tmobile,eth1,305.46,44.39,33.31,6.33,Astound Broadband,"Seattle, WA, United States",https://www.speedtest.net/result/c/bd642ea9-3e9e-4b8c-b723-47367b2c5ea3
2026-04-05T07:37:40.562731,tmobile,eth1,230.05,48.08,27.99,3.55,fdcservers.net,"Seattle, WA, United States",https://www.speedtest.net/result/c/a2106dd8-607d-4005-b22f-fb957e12f760
2026-04-05T07:52:38.285938,tmobile,eth1,301.74,41.74,32.75,11.55,Accretive Networks,"Seattle, WA, United States",https://www.speedtest.net/result/c/d9857deb-4096-4238-9dd9-9ba01471d1ec
2026-04-05T08:07:41.246800,tmobile,eth1,152.38,54.48,20.0,0.48,Accretive Networks,"Seattle, WA, United States",https://www.speedtest.net/result/c/e712608f-3aec-436f-8e1a-334aaa05632f
2026-04-05T08:22:39.305412,tmobile,eth1,328.59,46.79,29.25,3.9,fdcservers.net,"Seattle, WA, United States",https://www.speedtest.net/result/c/7e972bcf-2be8-4d05-abfb-2605106b49ea
2026-04-05T08:37:37.985360,tmobile,eth1,246.07,41.54,21.09,3.16,Accretive Networks,"Seattle, WA, United States",https://www.speedtest.net/result/c/072a8b8a-5592-47bd-a97e-dbf8a76e688a
2026-04-05T08:52:37.475820,tmobile,eth1,270.49,42.13,27.21,6.43,Accretive Networks,"Seattle, WA, United States",https://www.speedtest.net/result/c/1969c08e-bb92-4d8e-b54d-64aa80fcf818
2026-04-05T09:07:23.806680,tmobile,eth1,221.16,46.39,36.96,8.67,Nobull Networks LLC,"Federal Way, WA, United States",https://www.speedtest.net/result/c/c3e9e084-dabc-45a6-b4ea-13975d9ed1bb
2026-04-05T09:22:30.203404,tmobile,eth1,170.85,37.45,31.92,8.51,Accretive Networks,"Seattle, WA, United States",https://www.speedtest.net/result/c/33eff97e-4275-4e68-91c5-b8bdd6cdab70
2026-04-05T09:37:40.908078,tmobile,eth1,209.35,31.63,20.2,4.05,Accretive Networks,"Seattle, WA, United States",https://www.speedtest.net/result/c/cf2df095-0008-4c16-b0b3-ac18697983d9
2026-04-05T09:52:29.143434,tmobile,eth1,240.18,83.55,40.0,0.16,fdcservers.net,"Seattle, WA, United States",https://www.speedtest.net/result/c/2b9ac733-9396-444c-892a-57eacfd6773d
2026-04-05T10:07:40.237121,tmobile,eth1,167.22,43.49,20.11,1.39,fdcservers.net,"Seattle, WA, United States",https://www.speedtest.net/result/c/ca62e56d-4af5-4927-b278-167a2b3f32a0
2026-04-05T10:22:42.735021,tmobile,eth1,120.12,26.23,28.46,5.17,fdcservers.net,"Seattle, WA, United States",https://www.speedtest.net/result/c/bdf60fdc-96a2-4425-abda-50b4f523ce51
2026-04-05T10:37:35.309181,tmobile,eth1,230.76,17.79,22.26,7.23,fdcservers.net,"Seattle, WA, United States",https://www.speedtest.net/result/c/0b277206-695a-4b32-8a6b-95bf0aef092d
2026-04-05T10:52:34.698190,tmobile,eth1,245.72,39.44,26.36,11.11,Accretive Networks,"Seattle, WA, United States",https://www.speedtest.net/result/c/9da790c2-fba2-40d9-ba7d-d136f076dfd5
2026-04-05T11:07:34.773698,tmobile,eth1,137.51,31.62,26.74,6.22,Accretive Networks,"Seattle, WA, United States",https://www.speedtest.net/result/c/6939d39d-f9bf-4764-87bb-6aad529d4860
2026-04-05T11:22:33.463302,tmobile,eth1,322.57,89.1,29.63,6.44,fdcservers.net,"Seattle, WA, United States",https://www.speedtest.net/result/c/64eb7aa9-fa65-4e9d-8593-1ad426780411
2026-04-05T11:37:28.538886,tmobile,eth1,179.12,44.35,20.13,0.58,Accretive Networks,"Seattle, WA, United States",https://www.speedtest.net/result/c/43cd42f0-5bc7-489f-a710-dd2ba5fb2a90
2026-04-05T11:52:35.344112,tmobile,eth1,229.42,82.79,26.68,7.14,Accretive Networks,"Seattle, WA, United States",https://www.speedtest.net/result/c/d5e006d9-f5f5-4363-98ac-7bc01ef65321
2026-04-05T12:07:34.474521,tmobile,eth1,182.96,47.95,35.4,3.77,GSL Networks,"Seattle, WA, United States",https://www.speedtest.net/result/c/eebc442e-d924-4f7d-b950-98ac8229110e
2026-04-05T12:22:34.286821,tmobile,eth1,200.59,40.62,28.15,7.16,Accretive Networks,"Seattle, WA, United States",https://www.speedtest.net/result/c/d71a3f3d-69fc-4192-a886-c5372a3c9f32
2026-04-05T12:37:24.797789,tmobile,eth1,171.88,42.99,38.09,8.86,EZEE Fiber,"Seattle, WA, United States",https://www.speedtest.net/result/c/65bea262-9fd9-4c58-9da5-1e68737c3e8f
2026-04-05T12:52:35.684519,tmobile,eth1,164.21,41.83,38.98,8.0,fdcservers.net,"Seattle, WA, United States",https://www.speedtest.net/result/c/6d338a90-572d-4e0a-be3d-020e18dfb351
2026-04-05T13:07:22.582169,tmobile,eth1,189.26,73.74,21.98,6.7,Accretive Networks,"Seattle, WA, United States",https://www.speedtest.net/result/c/84645e52-96bb-453b-979d-8e2bc867313f
2026-04-05T13:22:42.933863,tmobile,eth1,191.87,41.67,29.81,7.42,GSL Networks,"Seattle, WA, United States",https://www.speedtest.net/result/c/bdcaa1d4-1e7b-4273-9347-05a7d749a125
2026-04-05T13:37:27.752071,tmobile,eth1,230.23,82.81,20.57,5.29,Accretive Networks,"Seattle, WA, United States",https://www.speedtest.net/result/c/6d9d521e-d79f-452e-b75a-b242f432919f
2026-04-05T13:52:42.995778,tmobile,eth1,170.52,21.18,35.19,3.41,GSL Networks,"Seattle, WA, United States",https://www.speedtest.net/result/c/fcab2e37-c8fc-4c73-a0c6-3c4c9d7bac6a
2026-04-05T14:07:35.107100,tmobile,eth1,242.69,80.53,21.73,4.55,Accretive Networks,"Seattle, WA, United States",https://www.speedtest.net/result/c/8c3ce2ca-f059-43d7-855c-6f313cb80b37
2026-04-05T14:22:40.063705,tmobile,eth1,157.53,25.49,20.01,0.47,Accretive Networks,"Seattle, WA, United States",https://www.speedtest.net/result/c/dfaa24a0-dc73-4c63-9e61-07cc46dd0781
2026-04-05T14:37:40.509984,tmobile,eth1,246.49,89.58,19.98,4.5,fdcservers.net,"Seattle, WA, United States",https://www.speedtest.net/result/c/19968079-8fdf-4cdd-b543-d913e07e7f80
2026-04-05T14:52:40.161403,tmobile,eth1,161.93,20.61,20.24,4.18,fdcservers.net,"Seattle, WA, United States",https://www.speedtest.net/result/c/bb02984d-20ba-4fb3-b269-74a60726021a
2026-04-05T15:07:41.089874,tmobile,eth1,194.43,28.6,36.23,8.15,Sangoma,"Seattle, WA, United States",https://www.speedtest.net/result/c/d1c12e30-66a8-4032-a9e7-67e9e225f9c1
2026-04-05T15:22:40.410657,tmobile,eth1,163.53,18.12,20.01,2.34,Accretive Networks,"Seattle, WA, United States",https://www.speedtest.net/result/c/4b06c88c-c184-4041-b40d-8f8f62d29033
2026-04-05T15:52:31.571885,tmobile,eth1,162.55,85.99,39.96,0.13,Nobull Networks LLC,"Federal Way, WA, United States",https://www.speedtest.net/result/c/ececc601-4ca8-4d0a-950e-23504312f9a3
2026-04-05T16:07:34.793400,tmobile,eth1,128.64,14.31,22.95,4.51,Accretive Networks,"Seattle, WA, United States",https://www.speedtest.net/result/c/5b2cc6ea-4662-45e7-9fae-d4fb080c7acb
2026-04-05T16:22:31.366721,tmobile,eth1,195.76,43.53,40.14,1.56,Accretive Networks,"Seattle, WA, United States",https://www.speedtest.net/result/c/8caeb0a5-440e-4cbb-9429-5b2f859c4f8f
2026-04-05T16:37:31.928960,tmobile,eth1,158.0,41.47,21.5,7.75,Accretive Networks,"Seattle, WA, United States",https://www.speedtest.net/result/c/428a6912-58d5-4b55-aef8-90addd43a299
2026-04-05T16:52:37.984911,tmobile,eth1,84.59,9.83,28.43,6.86,Accretive Networks,"Seattle, WA, United States",https://www.speedtest.net/result/c/8cd3547e-5db7-44f8-935d-c94445a5b8f8
2026-04-05T17:07:35.659790,tmobile,eth1,83.22,24.22,36.08,8.9,GSL Networks,"Seattle, WA, United States",https://www.speedtest.net/result/c/297579ce-e757-4765-acda-1bef239a8b14
2026-04-05T17:22:24.583802,tmobile,eth1,224.71,51.94,23.67,3.39,Accretive Networks,"Seattle, WA, United States",https://www.speedtest.net/result/c/42ded3ec-a464-4fb4-b7d4-63cac8031156
2026-04-05T17:37:32.573222,tmobile,eth1,127.71,34.67,25.47,5.68,Accretive Networks,"Seattle, WA, United States",https://www.speedtest.net/result/c/1b7816b1-9e67-48b3-ab10-6a7c4a9cf995
2026-04-05T17:52:37.174076,tmobile,eth1,129.31,29.56,24.5,8.61,Accretive Networks,"Seattle, WA, United States",https://www.speedtest.net/result/c/238161af-d636-4c11-83d8-7ab0be2e8935
2026-04-05T18:07:27.399862,tmobile,eth1,206.02,45.14,31.1,8.45,Accretive Networks,"Seattle, WA, United States",https://www.speedtest.net/result/c/cac2a629-3b46-4870-abea-f032e7fe99b8
2026-04-05T18:22:33.860016,tmobile,eth1,250.6,93.52,31.88,7.61,fdcservers.net,"Seattle, WA, United States",https://www.speedtest.net/result/c/17002430-34ea-4eab-8d9c-690e71c553fb
2026-04-05T18:37:35.057142,tmobile,eth1,238.04,90.44,20.05,2.02,Accretive Networks,"Seattle, WA, United States",https://www.speedtest.net/result/c/c4e903a2-54bb-4d6b-9646-3920ebfcee03
2026-04-05T18:52:31.961420,tmobile,eth1,146.66,35.25,20.34,2.04,Accretive Networks,"Seattle, WA, United States",https://www.speedtest.net/result/c/343e8335-8b2a-4e4c-9485-46f60fc68c9e
2026-04-05T19:07:38.489093,tmobile,eth1,176.3,87.26,20.09,0.58,Accretive Networks,"Seattle, WA, United States",https://www.speedtest.net/result/c/f19b7474-07f4-461a-b099-95c98ab34d0c
2026-04-05T19:22:32.531239,tmobile,eth1,83.9,16.94,21.5,6.56,Accretive Networks,"Seattle, WA, United States",https://www.speedtest.net/result/c/ff0b8158-3ecc-48a3-a5ff-c2ed8238bf55
2026-04-05T19:37:35.005873,tmobile,eth1,91.83,33.15,39.86,4.87,Ziply Fiber,"Seattle, WA, United States",https://www.speedtest.net/result/c/037bc3fe-33cd-4414-8772-3d4ca3d7988b
2026-04-05T19:52:33.254196,tmobile,eth1,82.26,33.13,20.36,1.66,Accretive Networks,"Seattle, WA, United States",https://www.speedtest.net/result/c/29751b58-d994-4ae9-9e61-41c9a1176428
2026-04-05T20:07:26.319384,tmobile,eth1,165.79,46.44,23.21,2.56,Accretive Networks,"Seattle, WA, United States",https://www.speedtest.net/result/c/cf826410-7690-45c3-945f-e7714978f1ba
2026-04-05T20:22:36.169215,tmobile,eth1,164.43,92.61,19.98,0.2,Accretive Networks,"Seattle, WA, United States",https://www.speedtest.net/result/c/c3816fd1-b52d-4f74-9eaf-9d544531bf8d
2026-04-05T20:37:37.895886,tmobile,eth1,83.33,30.99,21.54,3.79,Accretive Networks,"Seattle, WA, United States",https://www.speedtest.net/result/c/4aca1aae-1c13-4779-adf6-f43e9486bb34
2026-04-05T20:52:39.449238,tmobile,eth1,88.87,37.91,19.82,1.15,Accretive Networks,"Seattle, WA, United States",https://www.speedtest.net/result/c/7959cdd0-76e5-4786-90b2-b2c79073ba85
2026-04-05T21:07:32.339886,tmobile,eth1,121.22,30.47,32.41,10.22,fdcservers.net,"Seattle, WA, United States",https://www.speedtest.net/result/c/1aab59b2-3f57-4759-a378-5db6d1ea16e6
2026-04-05T21:22:29.288255,tmobile,eth1,87.97,44.22,19.95,1.18,Accretive Networks,"Seattle, WA, United States",https://www.speedtest.net/result/c/db053513-ddb3-4fe7-abf6-3a8b5a84b285
2026-04-05T21:37:30.796655,tmobile,eth1,144.93,44.01,20.28,0.98,Accretive Networks,"Seattle, WA, United States",https://www.speedtest.net/result/c/6a16e49c-a877-4158-9ddb-d04f9753ec2f
2026-04-05T21:52:26.122264,tmobile,eth1,155.04,92.3,20.01,0.28,Accretive Networks,"Seattle, WA, United States",https://www.speedtest.net/result/c/f6537cc0-45a0-445a-91c3-2e0daac432cc
2026-04-05T22:07:31.882655,tmobile,eth1,214.8,26.8,22.24,6.48,Accretive Networks,"Seattle, WA, United States",https://www.speedtest.net/result/c/43b4384b-e4cc-4968-b74e-cffd4270c0ce
2026-04-05T22:22:28.820379,tmobile,eth1,186.02,89.74,23.43,3.36,Accretive Networks,"Seattle, WA, United States",https://www.speedtest.net/result/c/49230e1b-103d-4201-9395-e281148913b0
2026-04-05T22:37:32.840324,tmobile,eth1,246.66,47.3,21.96,10.77,Accretive Networks,"Seattle, WA, United States",https://www.speedtest.net/result/c/99692142-4b17-4de6-bc2e-80887fca0e30
2026-04-05T22:52:36.801088,tmobile,eth1,235.05,53.91,29.18,5.68,fdcservers.net,"Seattle, WA, United States",https://www.speedtest.net/result/c/cb2cbdd4-d708-4c17-8607-5e690793d241
2026-04-05T23:07:33.438905,tmobile,eth1,143.85,47.84,20.38,1.65,Accretive Networks,"Seattle, WA, United States",https://www.speedtest.net/result/c/e5a8a2f5-5ee1-4f84-90bc-c9cc08d55c4f
2026-04-05T23:22:33.563371,tmobile,eth1,230.87,46.9,22.31,11.09,fdcservers.net,"Seattle, WA, United States",https://www.speedtest.net/result/c/673c4b2b-ef2f-48d2-8ea9-94b994eb097c
2026-04-05T23:37:25.539979,tmobile,eth1,211.34,46.79,27.15,7.27,Accretive Networks,"Seattle, WA, United States",https://www.speedtest.net/result/c/179e489e-fa0c-4cc3-9d07-f8a553791449
2026-04-05T23:52:34.996177,tmobile,eth1,183.59,34.9,22.78,6.84,Accretive Networks,"Seattle, WA, United States",https://www.speedtest.net/result/c/48e0eded-0b39-4142-93cc-49d7033c62af
2026-04-06T00:07:32.081799,tmobile,eth1,231.56,50.97,20.42,3.55,Accretive Networks,"Seattle, WA, United States",https://www.speedtest.net/result/c/b3f3045f-f810-4fe8-83b2-add9461657fc
2026-04-06T00:22:33.399472,tmobile,eth1,225.32,41.31,25.21,6.3,Accretive Networks,"Seattle, WA, United States",https://www.speedtest.net/result/c/d6da4488-4b48-4127-86d5-fa92ffa3ce35
2026-04-06T00:37:37.780763,tmobile,eth1,113.3,49.33,19.81,1.45,Accretive Networks,"Seattle, WA, United States",https://www.speedtest.net/result/c/76322457-d39b-49c2-94a1-13e3bb5b89d2
2026-04-06T00:52:33.578886,tmobile,eth1,158.64,68.42,23.64,3.87,Accretive Networks,"Seattle, WA, United States",https://www.speedtest.net/result/c/fc77432d-120c-4c0b-b61a-da132df03f65
2026-04-06T01:07:30.683473,tmobile,eth1,131.65,47.96,33.41,14.22,Accretive Networks,"Seattle, WA, United States",https://www.speedtest.net/result/c/c116b1a8-061c-4c13-8aa1-8725a38edb83
2026-04-06T01:22:26.529062,tmobile,eth1,56.88,49.16,20.01,2.7,Accretive Networks,"Seattle, WA, United States",https://www.speedtest.net/result/c/503d6f50-057a-495b-b8c5-60aa971d2705
2026-04-06T01:37:33.727353,tmobile,eth1,131.22,50.6,36.65,4.28,Nobull Networks LLC,"Federal Way, WA, United States",https://www.speedtest.net/result/c/c62f2047-5bf9-467f-830c-1248ab09a5cb
2026-04-06T01:52:35.621731,tmobile,eth1,152.82,52.46,22.1,6.4,Accretive Networks,"Seattle, WA, United States",https://www.speedtest.net/result/c/261aa392-7908-409c-8099-1ac3a8259a6a
2026-04-06T02:07:33.447194,tmobile,eth1,176.76,62.61,28.06,9.74,Accretive Networks,"Seattle, WA, United States",https://www.speedtest.net/result/c/41ea3f45-e4a9-4ac1-ae5a-7ab62316f813
2026-04-06T02:22:41.367886,tmobile,eth1,200.13,61.93,20.03,0.59,fdcservers.net,"Seattle, WA, United States",https://www.speedtest.net/result/c/2cc464c4-3ed7-4ee2-a6a0-ac02a7227108
2026-04-06T02:37:28.166112,tmobile,eth1,371.56,104.73,19.98,0.23,Accretive Networks,"Seattle, WA, United States",https://www.speedtest.net/result/c/17d3e614-7091-4e34-87d1-a4dba0f3b737
2026-04-06T02:52:29.653204,tmobile,eth1,203.18,58.06,27.07,3.5,Accretive Networks,"Seattle, WA, United States",https://www.speedtest.net/result/c/4bd35d15-0b7f-4b66-aff9-cbb3f2309151
2026-04-06T03:07:31.482843,tmobile,eth1,261.72,51.93,21.17,7.67,Accretive Networks,"Seattle, WA, United States",https://www.speedtest.net/result/c/80ace5eb-a5d2-4e18-a88f-4472f4985704
2026-04-06T03:22:27.476961,tmobile,eth1,263.98,104.0,19.88,0.14,Accretive Networks,"Seattle, WA, United States",https://www.speedtest.net/result/c/f1d0193c-e93d-409e-8cde-c989acb5516c
2026-04-06T03:37:35.205402,tmobile,eth1,191.47,45.62,36.19,12.24,Accretive Networks,"Seattle, WA, United States",https://www.speedtest.net/result/c/d96806b7-981d-4e14-b8f7-448dee3620cc
2026-04-06T03:52:36.827046,tmobile,eth1,212.69,63.39,26.22,9.06,Accretive Networks,"Seattle, WA, United States",https://www.speedtest.net/result/c/b934b1ad-2bcc-4758-ab03-a4abe96dd9da
2026-04-06T04:07:41.522805,tmobile,eth1,105.43,48.12,21.9,4.86,Accretive Networks,"Seattle, WA, United States",https://www.speedtest.net/result/c/402de64f-0e89-4fdf-bb2e-1c513a5e0cdd
2026-04-06T04:22:35.930839,tmobile,eth1,159.36,51.93,24.21,2.09,Accretive Networks,"Seattle, WA, United States",https://www.speedtest.net/result/c/9326545c-902b-4d34-83ab-c0506f27629b
2026-04-06T04:37:36.976846,tmobile,eth1,106.26,41.46,24.94,7.07,Accretive Networks,"Seattle, WA, United States",https://www.speedtest.net/result/c/b935d5be-c05f-41f7-82a9-7a0de233f75d
2026-04-06T04:52:29.280937,tmobile,eth1,302.01,34.18,22.03,3.17,Accretive Networks,"Seattle, WA, United States",https://www.speedtest.net/result/c/d10a80d0-15c7-46ba-a1a2-fdb86453bbfc
2026-04-06T05:07:32.111256,tmobile,eth1,366.06,57.69,19.96,0.29,Accretive Networks,"Seattle, WA, United States",https://www.speedtest.net/result/c/88379e02-733a-4598-8c50-f6f0a8edfcc5
2026-04-06T05:22:39.524768,tmobile,eth1,300.15,52.08,20.64,1.8,Accretive Networks,"Seattle, WA, United States",https://www.speedtest.net/result/c/13a8fb1c-daeb-4af3-b776-a7571fa7c4b0
2026-04-06T05:37:36.327620,tmobile,eth1,239.79,51.21,36.82,12.33,Accretive Networks,"Seattle, WA, United States",https://www.speedtest.net/result/c/65a51c3d-24e6-46be-ba8f-4cd212cdf9c8
2026-04-06T05:52:31.927077,tmobile,eth1,346.86,42.37,20.04,0.27,Accretive Networks,"Seattle, WA, United States",https://www.speedtest.net/result/c/87f77269-d346-4ab3-bde1-057099e8ee20
2026-04-06T06:07:34.329568,tmobile,eth1,318.1,58.49,39.95,0.52,Accretive Networks,"Seattle, WA, United States",https://www.speedtest.net/result/c/07693d07-5432-4b0e-93c6-a5f8144018fc
2026-04-06T06:22:30.066489,tmobile,eth1,233.29,54.62,19.92,0.48,Accretive Networks,"Seattle, WA, United States",https://www.speedtest.net/result/c/e672cfd7-828a-4fa9-b3a1-293676ca0c66
2026-04-06T06:37:36.122638,tmobile,eth1,310.94,51.94,20.16,5.61,Accretive Networks,"Seattle, WA, United States",https://www.speedtest.net/result/c/4b47b122-cbd9-4155-857d-3a3778fb0db5
2026-04-06T06:52:36.967216,tmobile,eth1,349.63,50.88,31.13,1.86,Accretive Networks,"Seattle, WA, United States",https://www.speedtest.net/result/c/c8cc1ef5-660f-483d-a75d-8af330bf2175
2026-04-06T07:07:36.832721,tmobile,eth1,234.64,44.23,20.0,0.45,Accretive Networks,"Seattle, WA, United States",https://www.speedtest.net/result/c/d4b7fa2c-3809-4464-8edb-4894c52199a7
2026-04-06T07:22:38.479390,tmobile,eth1,321.41,41.5,28.54,4.78,GigabitNow,"Seattle, WA, United States",https://www.speedtest.net/result/c/2647390d-15c8-47ee-a943-0890ed12cce0
2026-04-06T07:37:38.619407,tmobile,eth1,300.23,51.87,26.6,11.38,Accretive Networks,"Seattle, WA, United States",https://www.speedtest.net/result/c/c53b74bb-6332-4476-9577-d59dae9268c6
2026-04-06T07:52:47.059657,tmobile,eth1,174.15,36.62,33.07,3.88,fdcservers.net,"Seattle, WA, United States",
2026-04-06T08:07:34.985597,tmobile,eth1,288.04,39.64,19.94,2.28,Accretive Networks,"Seattle, WA, United States",https://www.speedtest.net/result/c/79804450-17d0-410e-a870-34f01bc074c4
2026-04-06T08:22:36.160642,tmobile,eth1,91.27,28.1,21.56,2.78,fdcservers.net,"Seattle, WA, United States",https://www.speedtest.net/result/c/e1d01778-38b2-487f-9221-07adb7cc2ad5
2026-04-06T08:37:44.738086,tmobile,eth1,333.68,37.15,22.19,6.03,fdcservers.net,"Seattle, WA, United States",https://www.speedtest.net/result/c/c49ae7ce-51c2-49cf-8057-1b0a42b0d702
2026-04-06T08:52:41.961346,tmobile,eth1,331.75,27.4,25.82,6.55,Accretive Networks,"Seattle, WA, United States",https://www.speedtest.net/result/c/29b030d8-7f57-4386-bdc8-49a0d4964d8b
2026-04-06T09:07:29.057238,tmobile,eth1,242.55,42.53,20.31,5.0,Accretive Networks,"Seattle, WA, United States",https://www.speedtest.net/result/c/cbdea842-584f-4083-a90b-8832f9127e8a
2026-04-06T09:22:29.596191,tmobile,eth1,35.64,32.44,31.5,2.39,Astound Broadband,"Seattle, WA, United States",https://www.speedtest.net/result/c/142657e0-a6ee-4b6b-adbf-30092074d310
2026-04-06T09:37:32.177225,tmobile,eth1,198.17,42.16,32.46,11.69,Accretive Networks,"Seattle, WA, United States",https://www.speedtest.net/result/c/f5078281-e015-4e4c-9967-9529dfa2e5ca
2026-04-06T09:52:28.937296,tmobile,eth1,253.87,35.65,29.5,6.81,fdcservers.net,"Seattle, WA, United States",https://www.speedtest.net/result/c/6f2f1cbf-6eed-48e4-8ee2-5dc000729196
2026-04-06T10:22:36.617328,tmobile,eth1,201.92,28.75,32.71,7.41,GSL Networks,"Seattle, WA, United States",https://www.speedtest.net/result/c/e9163d42-61af-43b3-af97-a5b5bff41c31
2026-04-06T10:37:31.707351,tmobile,eth1,246.21,26.86,23.68,6.6,Accretive Networks,"Seattle, WA, United States",https://www.speedtest.net/result/c/29b3b616-9b55-42f6-8dd9-007c630e1e54
2026-04-06T10:52:38.364649,tmobile,eth1,193.11,36.58,19.87,0.71,fdcservers.net,"Seattle, WA, United States",https://www.speedtest.net/result/c/4e74a998-dab5-4939-92d3-753962ac0c46
2026-04-06T11:07:39.538709,tmobile,eth1,148.98,41.34,21.52,5.37,Accretive Networks,"Seattle, WA, United States",https://www.speedtest.net/result/c/8dd2f5e2-0951-4fed-8805-bfd91d228e6f
2026-04-06T11:22:34.761735,tmobile,eth1,32.89,21.23,31.91,7.07,Astound Broadband,"Seattle, WA, United States",https://www.speedtest.net/result/c/3be9ce35-2934-461d-859f-f68622a766d4
2026-04-06T11:37:29.350223,tmobile,eth1,155.82,47.26,19.97,0.43,Accretive Networks,"Seattle, WA, United States",https://www.speedtest.net/result/c/762258bc-3bd7-4235-b5bd-7e5f0d40fb26
2026-04-06T11:52:36.788939,tmobile,eth1,155.05,41.89,19.54,1.87,Accretive Networks,"Seattle, WA, United States",https://www.speedtest.net/result/c/5286357b-1787-4d18-9737-a186732c547f
2026-04-06T12:07:38.779370,tmobile,eth1,150.39,36.85,21.47,6.72,Accretive Networks,"Seattle, WA, United States",https://www.speedtest.net/result/c/2a359ee0-247d-49a4-b123-ae2948a1fa79
2026-04-06T12:22:34.355481,tmobile,eth1,125.34,13.08,26.43,7.72,Accretive Networks,"Seattle, WA, United States",https://www.speedtest.net/result/c/73ff90fb-76ec-44f5-8558-867f7b0afb75
2026-04-06T12:52:39.683999,tmobile,eth1,269.76,49.33,39.87,1.9,Accretive Networks,"Seattle, WA, United States",https://www.speedtest.net/result/c/e5287f28-3212-4d93-9f32-87180a394a1a
2026-04-06T13:07:27.839686,tmobile,eth1,138.46,49.29,19.94,0.58,Accretive Networks,"Seattle, WA, United States",https://www.speedtest.net/result/c/b2c2d61c-ec57-4dd4-a6fb-14d57c2511f3
2026-04-06T13:22:34.555040,tmobile,eth1,218.44,22.23,19.96,0.76,Accretive Networks,"Seattle, WA, United States",https://www.speedtest.net/result/c/99e714d0-0cb3-4082-836b-1de67d6aa3ec
2026-04-06T13:37:37.840754,tmobile,eth1,227.32,23.5,40.01,1.34,Accretive Networks,"Seattle, WA, United States",https://www.speedtest.net/result/c/6ad3f537-f2ad-4a36-8e5b-8f869714854d
2026-04-06T13:52:39.322560,tmobile,eth1,224.31,14.44,30.72,5.84,Sangoma,"Seattle, WA, United States",https://www.speedtest.net/result/c/2e93be1a-93f3-4967-bf36-1752541bd3ca
2026-04-06T14:07:32.619090,tmobile,eth1,214.18,12.21,25.04,12.58,Accretive Networks,"Seattle, WA, United States",https://www.speedtest.net/result/c/15251925-35b1-41c8-b33b-8d4237448778
2026-04-06T14:37:39.119671,tmobile,eth1,238.94,55.28,21.76,3.57,Accretive Networks,"Seattle, WA, United States",https://www.speedtest.net/result/c/8e11690c-45de-48cf-b640-6901261ae798
2026-04-06T14:52:34.197469,tmobile,eth1,192.23,33.22,20.14,0.81,Accretive Networks,"Seattle, WA, United States",https://www.speedtest.net/result/c/78f57158-bd1f-4ba9-a1b7-6d08b70971a6
2026-04-06T15:07:33.443779,tmobile,eth1,261.45,28.52,26.95,5.66,Accretive Networks,"Seattle, WA, United States",https://www.speedtest.net/result/c/99ecaf10-3292-4565-bce0-5b2e88639438
2026-04-06T15:22:32.275063,tmobile,eth1,256.17,84.78,21.39,7.77,Accretive Networks,"Seattle, WA, United States",https://www.speedtest.net/result/c/11c83966-981b-487a-8e40-042715d1c819
2026-04-06T15:37:40.153126,tmobile,eth1,279.64,34.53,20.02,0.1,Accretive Networks,"Seattle, WA, United States",https://www.speedtest.net/result/c/0b2b2e5f-fe90-439c-a949-f45adda43190
2026-04-06T15:52:37.832185,tmobile,eth1,267.7,56.58,39.47,2.02,GSL Networks,"Seattle, WA, United States",https://www.speedtest.net/result/c/80678ba4-5596-4a91-88a1-a2effcbce136
2026-04-06T16:07:34.116136,tmobile,eth1,181.79,41.27,23.44,2.77,Accretive Networks,"Seattle, WA, United States",https://www.speedtest.net/result/c/9263566c-0a7a-4cb7-9c6b-33f54ef1c50e
2026-04-06T16:22:31.056401,tmobile,eth1,187.23,45.12,19.95,0.75,Accretive Networks,"Seattle, WA, United States",https://www.speedtest.net/result/c/b7844fdd-20b2-476d-bdb4-928c84f0c4c6
2026-04-06T16:52:39.768713,tmobile,eth1,271.57,88.09,33.75,5.53,Accretive Networks,"Seattle, WA, United States",https://www.speedtest.net/result/c/f072d5a6-f2c0-4cb7-8326-89abb481fa27
2026-04-06T17:07:32.566947,tmobile,eth1,185.32,38.71,19.92,3.07,Accretive Networks,"Seattle, WA, United States",https://www.speedtest.net/result/c/31697b1f-08bb-443f-93b5-956c320f9281
2026-04-06T17:22:27.672373,tmobile,eth1,184.93,46.0,20.35,1.8,Accretive Networks,"Seattle, WA, United States",https://www.speedtest.net/result/c/29b4de00-bf8c-4813-9f1c-0b4293d879b8
2026-04-06T17:37:30.540288,tmobile,eth1,211.39,87.45,28.38,24.43,Accretive Networks,"Seattle, WA, United States",https://www.speedtest.net/result/c/8d8efce0-a899-474b-8003-e2ba549140ce
2026-04-06T17:52:39.532059,tmobile,eth1,182.56,53.81,19.95,0.27,Accretive Networks,"Seattle, WA, United States",https://www.speedtest.net/result/c/f542c1be-4478-4e09-a11d-f9fa06627944
2026-04-06T18:07:30.675502,tmobile,eth1,173.83,53.23,26.86,6.25,Accretive Networks,"Seattle, WA, United States",https://www.speedtest.net/result/c/2435bdf0-8dcd-45a4-89e3-a6e45664963f
2026-04-06T18:22:29.417996,tmobile,eth1,169.83,55.02,28.43,8.79,Accretive Networks,"Seattle, WA, United States",https://www.speedtest.net/result/c/19e5ec29-a042-4eb6-9af3-8d314e518ccd
2026-04-06T18:37:32.147352,tmobile,eth1,190.64,48.88,23.32,1.43,Accretive Networks,"Seattle, WA, United States",https://www.speedtest.net/result/c/ff04b27a-98f7-4105-9395-81e6e0720fe6
2026-04-06T18:52:41.625813,tmobile,eth1,151.0,12.48,27.89,10.84,Accretive Networks,"Seattle, WA, United States",https://www.speedtest.net/result/c/251a1fbb-dea5-4efc-a18a-29eb19e58a94
2026-04-06T19:07:33.161287,tmobile,eth1,219.37,51.24,20.0,2.37,Accretive Networks,"Seattle, WA, United States",https://www.speedtest.net/result/c/0fb01f2d-aef3-4f69-a6ac-3e201aa58eb2
2026-04-06T19:22:33.410417,tmobile,eth1,162.07,42.6,20.01,0.95,Accretive Networks,"Seattle, WA, United States",https://www.speedtest.net/result/c/e1d1d51d-6ea5-42eb-9dcc-0acbe1b201e8
2026-04-06T19:37:33.700993,tmobile,eth1,158.31,51.61,21.84,7.62,Accretive Networks,"Seattle, WA, United States",https://www.speedtest.net/result/c/26c8cf93-96d4-4dca-bd98-e09af3337996
2026-04-06T19:52:35.540061,tmobile,eth1,204.86,60.04,20.06,0.78,Accretive Networks,"Seattle, WA, United States",https://www.speedtest.net/result/c/d611c06a-bb78-4d57-9f4d-c0179b47f5f0
2026-04-06T20:07:38.455857,tmobile,eth1,30.4,28.05,40.08,0.44,Astound Broadband,"Seattle, WA, United States",https://www.speedtest.net/result/c/65585d07-2700-4eaa-aa70-92cd82af1992
2026-04-06T20:22:28.666559,tmobile,eth1,78.81,35.9,39.88,2.73,EZEE Fiber,"Seattle, WA, United States",https://www.speedtest.net/result/c/77d28933-cc0c-4721-9024-4a20e65fe736
2026-04-06T20:37:40.296237,tmobile,eth1,90.95,36.18,21.88,7.07,Accretive Networks,"Seattle, WA, United States",https://www.speedtest.net/result/c/f8a323ca-a0fe-4a17-90a2-665d674f139b
2026-04-06T20:52:36.005788,tmobile,eth1,204.94,34.93,26.48,8.68,fdcservers.net,"Seattle, WA, United States",https://www.speedtest.net/result/c/1ccf3c13-2ecb-453c-8f8f-20a19174f134
2026-04-06T21:07:37.924259,tmobile,eth1,232.81,38.89,21.86,7.82,Accretive Networks,"Seattle, WA, United States",https://www.speedtest.net/result/c/d6e649bd-7f37-4eae-ad29-868ab14bf6e8
2026-04-06T21:22:35.633640,tmobile,eth1,170.5,53.0,20.07,2.52,fdcservers.net,"Seattle, WA, United States",https://www.speedtest.net/result/c/50994ce6-a1bc-4296-aaf0-094acac61bd1
2026-04-06T21:37:27.646066,tmobile,eth1,191.73,58.35,20.09,0.37,Accretive Networks,"Seattle, WA, United States",https://www.speedtest.net/result/c/ce49be4f-a17f-450c-acc9-edd9abcf4c64
2026-04-06T21:52:35.279772,tmobile,eth1,169.33,58.78,39.51,2.08,Ziply Fiber,"Seattle, WA, United States",https://www.speedtest.net/result/c/2a31ef7c-68cb-414d-960d-383438d1630f
2026-04-06T22:07:37.180042,tmobile,eth1,175.81,40.04,34.21,9.74,EZEE Fiber,"Seattle, WA, United States",https://www.speedtest.net/result/c/fa2457b1-b248-41cc-97a6-d09799773465
2026-04-06T22:22:31.256586,tmobile,eth1,217.6,95.33,20.1,0.5,Accretive Networks,"Seattle, WA, United States",https://www.speedtest.net/result/c/6690939b-b4f8-4874-b641-c479eb01808a
2026-04-06T22:37:33.832858,tmobile,eth1,187.31,54.62,30.31,5.35,EZEE Fiber,"Seattle, WA, United States",https://www.speedtest.net/result/c/a4534aa1-7716-4484-baf2-6d619baca87b
2026-04-06T22:52:36.547408,tmobile,eth1,71.34,104.69,30.36,4.1,Astound Broadband,"Seattle, WA, United States",https://www.speedtest.net/result/c/b2b00e70-99fc-4adf-a4f6-3b123f043180
2026-04-06T23:07:27.345156,tmobile,eth1,189.85,42.55,20.0,1.74,Accretive Networks,"Seattle, WA, United States",https://www.speedtest.net/result/c/4a76df70-e9ed-442f-bb9c-47c50bd12392
2026-04-06T23:22:36.159079,tmobile,eth1,184.54,49.21,20.23,0.92,fdcservers.net,"Seattle, WA, United States",https://www.speedtest.net/result/c/d1c1bc4a-14f9-43eb-b4a9-8f18f93bfd35
2026-04-06T23:37:35.624484,tmobile,eth1,249.04,94.65,26.71,8.91,Accretive Networks,"Seattle, WA, United States",https://www.speedtest.net/result/c/6fa12e33-5e33-4d1d-ab2a-5e341b7e0ff1
2026-04-06T23:52:29.475505,tmobile,eth1,232.77,25.69,23.12,3.61,Accretive Networks,"Seattle, WA, United States",https://www.speedtest.net/result/c/6091441d-7e37-4de1-a1e8-af54da29b4f6
2026-04-07T00:07:35.386925,tmobile,eth1,341.79,46.35,20.35,2.17,Accretive Networks,"Seattle, WA, United States",https://www.speedtest.net/result/c/43e87760-4e9d-4d28-955a-3e141f042518
2026-04-07T00:22:39.950888,tmobile,eth1,284.27,55.21,20.01,0.09,fdcservers.net,"Seattle, WA, United States",https://www.speedtest.net/result/c/849010d2-c8d3-4238-96b5-084c7be0bc68
2026-04-07T00:37:29.812064,tmobile,eth1,277.16,48.11,20.64,2.55,Accretive Networks,"Seattle, WA, United States",https://www.speedtest.net/result/c/4f1c1506-c93e-4b60-a605-346ea8c24cb5
2026-04-07T00:52:40.065528,tmobile,eth1,235.73,104.22,31.01,10.69,Ziply Fiber,"Seattle, WA, United States",https://www.speedtest.net/result/c/89472a12-d890-4461-9181-430537b3aa06
2026-04-07T01:07:28.637969,tmobile,eth1,268.48,39.13,21.66,7.42,Accretive Networks,"Seattle, WA, United States",https://www.speedtest.net/result/c/7e339888-3af7-4f15-a5c9-9e25fb87a1b1
2026-04-07T01:22:33.388766,tmobile,eth1,27.67,29.14,31.15,1.68,Astound Broadband,"Seattle, WA, United States",https://www.speedtest.net/result/c/7144830d-6909-4ff5-bcd1-4c028c2ae117
2026-04-07T01:37:30.410072,tmobile,eth1,308.48,110.61,21.18,1.63,Accretive Networks,"Seattle, WA, United States",https://www.speedtest.net/result/c/45044301-3861-4244-912d-33d11723f58c
2026-04-07T01:52:33.553836,tmobile,eth1,263.98,83.06,20.05,1.26,Accretive Networks,"Seattle, WA, United States",https://www.speedtest.net/result/c/e678e6a1-678f-4462-8f7d-d30a0f6f252c
2026-04-07T02:07:22.770050,tmobile,eth1,140.85,82.97,21.19,9.4,Accretive Networks,"Seattle, WA, United States",https://www.speedtest.net/result/c/3507a2c6-12ac-4dc8-b9e3-89af8d02141d
2026-04-07T02:22:42.467677,tmobile,eth1,228.67,81.41,31.7,11.08,EZEE Fiber,"Seattle, WA, United States",https://www.speedtest.net/result/c/83d657ca-e4f6-42c7-a26e-c815eb834077
2026-04-07T02:37:32.694280,tmobile,eth1,208.88,77.61,19.82,0.83,Accretive Networks,"Seattle, WA, United States",https://www.speedtest.net/result/c/23dcb469-7249-4d8e-a0d5-ef50ab90f5f8
2026-04-07T02:52:29.727140,tmobile,eth1,216.66,48.81,28.07,10.21,Accretive Networks,"Seattle, WA, United States",https://www.speedtest.net/result/c/1bd40ba0-c4f0-4262-ae52-4719f3772b42
2026-04-07T03:07:27.507285,tmobile,eth1,249.92,40.93,20.29,1.3,Accretive Networks,"Seattle, WA, United States",https://www.speedtest.net/result/c/4b029f12-8ed5-47b5-a623-b56be9a4debc
2026-04-07T03:22:30.841785,tmobile,eth1,228.58,47.39,30.87,7.54,Accretive Networks,"Seattle, WA, United States",https://www.speedtest.net/result/c/700af2da-470f-4861-9254-531365b2201c
2026-04-07T03:37:33.920736,tmobile,eth1,237.95,46.78,19.98,0.87,Accretive Networks,"Seattle, WA, United States",https://www.speedtest.net/result/c/07699f89-7f22-4e75-ad48-2fabb6f84f7f
2026-04-07T03:52:31.757792,tmobile,eth1,245.36,58.44,21.66,3.29,Accretive Networks,"Seattle, WA, United States",https://www.speedtest.net/result/c/6518b2b1-68a0-4842-ba1c-8dd7dd4f32f0
2026-04-07T04:07:31.331360,tmobile,eth1,322.04,61.19,25.99,9.55,Accretive Networks,"Seattle, WA, United States",https://www.speedtest.net/result/c/fec51d3d-0aa7-434e-aa3c-7417243ffa12
2026-04-07T04:22:30.532275,tmobile,eth1,344.61,68.73,24.78,6.41,Accretive Networks,"Seattle, WA, United States",https://www.speedtest.net/result/c/f96a2d17-5325-4b49-a453-7e9d0ca5eb2d
2026-04-07T04:37:31.257700,tmobile,eth1,316.73,33.58,22.09,7.19,Accretive Networks,"Seattle, WA, United States",https://www.speedtest.net/result/c/6fa8406d-c7cc-42d1-b447-0f340b9014d3
2026-04-07T04:52:35.986037,tmobile,eth1,201.87,55.48,39.89,1.26,GigabitNow,"Seattle, WA, United States",https://www.speedtest.net/result/c/7a33eb67-86f8-4b71-a4ac-6c04a6e4ad2e
2026-04-07T05:07:40.612840,tmobile,eth1,336.43,41.2,21.52,5.27,Accretive Networks,"Seattle, WA, United States",https://www.speedtest.net/result/c/a163c958-953a-4b53-9327-e2b77e3016a4
2026-04-07T05:22:36.547574,tmobile,eth1,400.62,48.11,20.01,0.15,Accretive Networks,"Seattle, WA, United States",https://www.speedtest.net/result/c/1d92e3e2-b5bd-4de0-a158-9ce3cfc47400
2026-04-07T05:37:34.707945,tmobile,eth1,372.32,63.19,24.95,2.5,Accretive Networks,"Seattle, WA, United States",https://www.speedtest.net/result/c/42e0cdc1-8dad-4ca8-83d2-4ac288138dca
2026-04-07T05:52:32.565026,tmobile,eth1,274.16,80.54,22.13,5.08,Accretive Networks,"Seattle, WA, United States",https://www.speedtest.net/result/c/a05c8ec9-c5aa-40b9-beac-5c89387a00bd
2026-04-07T06:07:38.319666,tmobile,eth1,394.97,53.91,20.07,3.8,Accretive Networks,"Seattle, WA, United States",https://www.speedtest.net/result/c/d36fa2e7-b719-434f-9665-2db38e75c1ad
2026-04-07T06:22:35.016511,tmobile,eth1,374.59,44.3,36.68,4.24,GSL Networks,"Seattle, WA, United States",https://www.speedtest.net/result/c/3ff6636d-7153-424e-a9c0-8dbeb62df7b8
2026-04-07T06:37:41.507702,tmobile,eth1,359.27,44.29,32.4,12.3,fdcservers.net,"Seattle, WA, United States",https://www.speedtest.net/result/c/349b41c3-b303-4121-94ae-0f0e826d3586
2026-04-07T06:52:39.081912,tmobile,eth1,333.84,52.06,24.9,3.75,Accretive Networks,"Seattle, WA, United States",https://www.speedtest.net/result/c/cdc5d45a-ae86-4239-b7d6-1148de669f18
2026-04-07T07:07:31.404982,tmobile,eth1,260.64,24.37,23.79,7.95,Accretive Networks,"Seattle, WA, United States",https://www.speedtest.net/result/c/a1855d9d-dfc7-4db2-af85-fe9e7b91142f
2026-04-07T07:22:34.980378,tmobile,eth1,331.45,23.03,27.32,9.38,Accretive Networks,"Seattle, WA, United States",https://www.speedtest.net/result/c/8df1f849-bc50-4104-a867-af6f0e7d75d5
2026-04-07T07:37:35.398987,tmobile,eth1,196.95,14.63,39.97,5.21,fdcservers.net,"Seattle, WA, United States",https://www.speedtest.net/result/c/5f270499-4ea7-4956-a559-15132e7c9ecf
2026-04-07T07:52:26.642619,tmobile,eth1,230.2,22.29,20.06,0.43,Accretive Networks,"Seattle, WA, United States",https://www.speedtest.net/result/c/5e8fc479-9908-42d6-b402-40e022dff9d3
2026-04-07T08:07:27.344731,tmobile,eth1,289.7,28.32,19.64,1.95,Accretive Networks,"Seattle, WA, United States",https://www.speedtest.net/result/c/fe025069-67d5-4550-bfa2-f21bf8ff2985
2026-04-07T08:22:40.715027,tmobile,eth1,296.77,51.04,20.23,1.53,Accretive Networks,"Seattle, WA, United States",https://www.speedtest.net/result/c/0e41c6e1-3363-4753-8253-284d9b02b98b
2026-04-07T08:52:30.238738,tmobile,eth1,208.27,52.35,20.29,2.2,Accretive Networks,"Seattle, WA, United States",https://www.speedtest.net/result/c/e1ed1ae7-15c2-4948-be46-ce006cb11c87
2026-04-07T09:07:36.923559,tmobile,eth1,252.3,22.02,20.01,0.64,Accretive Networks,"Seattle, WA, United States",https://www.speedtest.net/result/c/7d6ed22c-cc01-427a-8610-e60e42036e64
2026-04-07T09:22:31.664843,tmobile,eth1,225.41,29.37,38.31,6.18,EZEE Fiber,"Seattle, WA, United States",https://www.speedtest.net/result/c/77916071-7b91-4265-b46b-ae2f266d89c1
2026-04-07T09:37:28.818787,tmobile,eth1,232.43,21.45,26.67,9.65,Accretive Networks,"Seattle, WA, United States",https://www.speedtest.net/result/c/9fba8b0a-f91c-4678-b46d-e5e74ff21bb8
2026-04-07T09:52:34.960045,tmobile,eth1,214.53,35.56,19.58,1.49,Accretive Networks,"Seattle, WA, United States",https://www.speedtest.net/result/c/cc5eee14-6581-4573-b335-b1945ad50da7
2026-04-07T10:07:31.312180,tmobile,eth1,253.68,44.86,21.69,6.57,Accretive Networks,"Seattle, WA, United States",https://www.speedtest.net/result/c/b2a44742-6cb8-4ae8-8888-a161bc0ac9e0
2026-04-07T10:22:39.497451,tmobile,eth1,173.29,20.44,20.05,5.28,Accretive Networks,"Seattle, WA, United States",https://www.speedtest.net/result/c/0c837719-096c-4a59-b41b-e95e50656717
2026-04-07T10:37:39.333797,tmobile,eth1,222.75,56.96,20.01,0.12,Accretive Networks,"Seattle, WA, United States",https://www.speedtest.net/result/c/f0a4da62-a90c-4216-8b69-6e6ac4a77c94
2026-04-07T10:52:43.379444,tmobile,eth1,188.9,43.83,21.5,1.68,fdcservers.net,"Seattle, WA, United States",https://www.speedtest.net/result/c/bce7a788-a7ef-47cb-bce4-969ce211c40b
2026-04-07T11:07:37.952712,tmobile,eth1,258.43,47.73,39.86,5.36,fdcservers.net,"Seattle, WA, United States",https://www.speedtest.net/result/c/7bd481b6-a1ac-441a-be5a-7309793b4f35
2026-04-07T11:22:29.183828,tmobile,eth1,138.68,42.8,20.26,4.31,Accretive Networks,"Seattle, WA, United States",https://www.speedtest.net/result/c/d58f0940-f278-4110-b4a4-996a3eb1342c
2026-04-07T11:37:29.848427,tmobile,eth1,199.26,36.27,26.8,11.73,Accretive Networks,"Seattle, WA, United States",https://www.speedtest.net/result/c/386b239c-5540-41cd-ae4f-90f8ef424d38
2026-04-07T11:52:34.921303,tmobile,eth1,109.65,53.91,25.03,8.45,Accretive Networks,"Seattle, WA, United States",https://www.speedtest.net/result/c/596b8857-c100-43c9-bfe4-e0dd9d7b36da
2026-04-07T12:07:40.695069,tmobile,eth1,157.33,40.77,21.28,1.56,Accretive Networks,"Seattle, WA, United States",https://www.speedtest.net/result/c/4277b43c-03a0-48e4-8998-1fe360f194fd
2026-04-07T12:22:31.346710,tmobile,eth1,171.01,43.45,21.8,3.76,Accretive Networks,"Seattle, WA, United States",https://www.speedtest.net/result/c/b10f8abc-1298-4106-ac09-21d380269adf
2026-04-07T12:37:31.904654,tmobile,eth1,248.58,43.4,20.03,0.26,Accretive Networks,"Seattle, WA, United States",https://www.speedtest.net/result/c/1dec1266-500a-4a80-a1db-79e39b9370a4
2026-04-07T12:52:31.556293,tmobile,eth1,189.65,27.91,36.66,7.34,GSL Networks,"Seattle, WA, United States",https://www.speedtest.net/result/c/8e17f0f8-a106-4852-9a75-94f093017093
2026-04-07T13:07:26.987674,tmobile,eth1,188.83,41.46,30.19,3.12,fdcservers.net,"Seattle, WA, United States",https://www.speedtest.net/result/c/40fe477f-29ad-46f2-b3d4-32d6380f9873
2026-04-07T13:22:33.163387,tmobile,eth1,215.15,48.34,19.84,0.51,Accretive Networks,"Seattle, WA, United States",https://www.speedtest.net/result/c/e935e123-f765-4a7b-b907-09aa75d6aae5
2026-04-07T13:37:32.988536,tmobile,eth1,213.13,40.87,19.98,0.46,Accretive Networks,"Seattle, WA, United States",https://www.speedtest.net/result/c/54bc66ac-6cc6-48bb-9f65-f5928f461041
2026-04-07T13:52:42.603787,tmobile,eth1,216.47,12.75,21.55,7.69,fdcservers.net,"Seattle, WA, United States",https://www.speedtest.net/result/c/e3ea6c28-ee3c-48d6-abe8-0ca64324b6e4
2026-04-07T14:07:33.808402,tmobile,eth1,177.94,35.1,32.67,8.73,Ziply Fiber,"Seattle, WA, United States",https://www.speedtest.net/result/c/9edeae5b-4741-4a5a-9ddd-3ad7e681b336
2026-04-07T14:22:42.691863,tmobile,eth1,181.9,31.45,21.74,3.91,fdcservers.net,"Seattle, WA, United States",https://www.speedtest.net/result/c/b8c45888-f026-404c-ba18-86133751d8f9
2026-04-07T14:37:31.878928,tmobile,eth1,201.28,38.77,21.5,6.13,Accretive Networks,"Seattle, WA, United States",https://www.speedtest.net/result/c/2afcb239-259c-40e3-8b5e-0d768e04e721
2026-04-07T14:52:33.553673,tmobile,eth1,224.41,43.3,40.03,1.51,Accretive Networks,"Seattle, WA, United States",https://www.speedtest.net/result/c/c223aa43-bc2b-4b08-8a5c-ac710c7413e6
2026-04-07T15:07:38.213189,tmobile,eth1,240.89,46.32,39.9,1.31,fdcservers.net,"Seattle, WA, United States",https://www.speedtest.net/result/c/878950f2-7b39-46a1-9939-c52f2673837d
2026-04-07T15:22:30.282017,tmobile,eth1,55.84,36.48,29.56,9.51,Astound Broadband,"Seattle, WA, United States",https://www.speedtest.net/result/c/5dca4638-afc0-4e65-9d5b-48daf68d14a4
2026-04-07T15:37:35.492959,tmobile,eth1,179.69,50.25,20.02,0.37,Accretive Networks,"Seattle, WA, United States",https://www.speedtest.net/result/c/d5797d2b-df37-461e-ab71-b98397e84f6a
2026-04-07T15:52:36.626275,tmobile,eth1,205.8,45.12,33.79,4.89,Ziply Fiber,"Seattle, WA, United States",https://www.speedtest.net/result/c/2d4951ae-29ed-4a6f-a17b-95d6039c7dc5
2026-04-07T16:07:36.677699,tmobile,eth1,260.7,52.69,19.98,1.14,Accretive Networks,"Seattle, WA, United States",https://www.speedtest.net/result/c/541e87b4-79fe-4b43-b450-f791351887bb
2026-04-07T16:22:33.855712,tmobile,eth1,213.44,46.26,23.4,6.17,Accretive Networks,"Seattle, WA, United States",https://www.speedtest.net/result/c/0487af3d-efcc-4b87-ba89-b9eb347e8575
2026-04-07T16:37:35.805033,tmobile,eth1,217.39,42.3,21.41,5.24,Accretive Networks,"Seattle, WA, United States",https://www.speedtest.net/result/c/4d8dd273-dbf8-4249-9075-a674a10e0e2b
2026-04-07T16:52:33.452786,tmobile,eth1,199.33,45.46,21.7,4.11,Accretive Networks,"Seattle, WA, United States",https://www.speedtest.net/result/c/892bf99b-fc09-49d5-9901-1921ed98136a
2026-04-07T17:07:37.472841,tmobile,eth1,249.71,53.04,29.54,7.44,EZEE Fiber,"Seattle, WA, United States",https://www.speedtest.net/result/c/6f9ffa24-2e7f-4248-b227-bc6106587b14
2026-04-07T17:22:27.442161,tmobile,eth1,170.9,38.58,35.49,6.58,Accretive Networks,"Seattle, WA, United States",https://www.speedtest.net/result/c/91a18222-264d-486e-8c43-e79e3e065751
2026-04-07T17:37:29.027361,tmobile,eth1,191.61,47.97,20.18,0.52,Accretive Networks,"Seattle, WA, United States",https://www.speedtest.net/result/c/dad81031-9917-44bd-ac17-9c049c84c4a3
2026-04-07T17:52:35.493240,tmobile,eth1,66.14,22.15,36.74,7.32,Astound Broadband,"Seattle, WA, United States",https://www.speedtest.net/result/c/6d8cad7a-951f-40a0-a4f5-dd53a01f1fec
2026-04-07T18:07:30.991174,tmobile,eth1,139.88,23.14,22.42,9.27,Accretive Networks,"Seattle, WA, United States",https://www.speedtest.net/result/c/fa8ea3a2-1267-4ac7-8d71-c144b84ab645
2026-04-07T18:22:41.755848,tmobile,eth1,192.35,54.16,27.85,5.53,fdcservers.net,"Seattle, WA, United States",https://www.speedtest.net/result/c/4904f117-8a4b-4d83-815e-6a8e45d1d22a
2026-04-07T18:37:36.556278,tmobile,eth1,208.82,42.03,21.66,4.7,Accretive Networks,"Seattle, WA, United States",https://www.speedtest.net/result/c/3e502dc3-d2c5-4f62-9b6d-1892c3c907c9
2026-04-07T18:52:33.571940,tmobile,eth1,198.28,49.52,21.55,1.35,Accretive Networks,"Seattle, WA, United States",https://www.speedtest.net/result/c/82ba0736-ce99-4bee-bca9-7f673295529c
2026-04-07T19:07:25.247642,tmobile,eth1,159.07,43.64,20.0,0.72,Accretive Networks,"Seattle, WA, United States",https://www.speedtest.net/result/c/d65e7ab3-8ecc-4b15-9814-5dc366670ac1
2026-04-07T19:22:36.799395,tmobile,eth1,114.36,28.31,20.43,1.83,Accretive Networks,"Seattle, WA, United States",https://www.speedtest.net/result/c/78d4cfcd-41ff-4597-855b-3b6819951614
2026-04-07T19:37:33.628563,tmobile,eth1,160.43,49.07,34.91,10.9,GigabitNow,"Seattle, WA, United States",https://www.speedtest.net/result/c/bdf49707-6934-4e8b-8373-9d0f9c7ed155
2026-04-07T19:52:44.085733,tmobile,eth1,125.45,13.99,35.94,5.69,fdcservers.net,"Seattle, WA, United States",https://www.speedtest.net/result/c/b5c3b050-a439-4809-86bd-cd68d4b700bf
2026-04-07T20:07:31.030728,tmobile,eth1,125.19,41.07,38.64,7.51,fdcservers.net,"Seattle, WA, United States",https://www.speedtest.net/result/c/d1337919-de2c-460f-8023-1cf3eaf0f9b4
2026-04-07T20:22:34.548836,tmobile,eth1,51.49,41.6,24.76,4.1,Astound Broadband,"Seattle, WA, United States",https://www.speedtest.net/result/c/ff9850ea-b828-47ff-b4ae-32f517c169fb
2026-04-07T20:37:38.575146,tmobile,eth1,185.73,26.21,21.9,4.57,Accretive Networks,"Seattle, WA, United States",https://www.speedtest.net/result/c/2c4b7690-d668-4d13-93b9-67e68ed9e4a6
2026-04-07T20:52:34.285463,tmobile,eth1,180.48,32.38,20.53,8.27,Accretive Networks,"Seattle, WA, United States",https://www.speedtest.net/result/c/389b0b6f-68a3-4128-83c3-39013230b5c9
2026-04-07T21:07:37.804718,tmobile,eth1,109.65,43.61,19.9,0.72,Accretive Networks,"Seattle, WA, United States",https://www.speedtest.net/result/c/c3e82378-eb53-4e57-b8e8-2ea68885ba71
2026-04-07T21:22:39.746701,tmobile,eth1,155.02,44.7,21.3,5.15,Accretive Networks,"Seattle, WA, United States",https://www.speedtest.net/result/c/9eba666d-73bb-4343-ae02-4b8459232839
2026-04-07T21:37:32.728807,tmobile,eth1,115.51,33.24,28.13,5.8,Accretive Networks,"Seattle, WA, United States",https://www.speedtest.net/result/c/2fbc6cb2-2631-48d7-a667-4b94ed04ef98
2026-04-07T21:52:33.786782,tmobile,eth1,109.97,58.46,21.44,1.32,Accretive Networks,"Seattle, WA, United States",https://www.speedtest.net/result/c/b7da324a-cd9a-497e-914e-cc0b043273c3
2026-04-07T22:07:33.527857,tmobile,eth1,198.67,47.14,20.11,1.04,Accretive Networks,"Seattle, WA, United States",https://www.speedtest.net/result/c/457ec4a1-072d-43fe-b6f3-d1129152fcca
2026-04-07T22:22:34.947500,tmobile,eth1,241.48,39.57,20.07,0.4,Accretive Networks,"Seattle, WA, United States",https://www.speedtest.net/result/c/766edbf0-b1b8-4aeb-9b6e-ac76328ea4d2
2026-04-07T22:37:29.969422,tmobile,eth1,230.83,45.73,20.16,0.43,Accretive Networks,"Seattle, WA, United States",https://www.speedtest.net/result/c/438ece55-7868-4004-9e73-02d93701387e
2026-04-07T22:52:36.996118,tmobile,eth1,178.57,54.03,39.75,4.4,fdcservers.net,"Seattle, WA, United States",https://www.speedtest.net/result/c/afcba530-0f8a-492b-9bb7-f1d0c8bcf1ff
2026-04-07T23:07:27.646715,tmobile,eth1,173.49,48.82,30.47,4.57,fdcservers.net,"Seattle, WA, United States",https://www.speedtest.net/result/c/42a84318-f919-43d2-9d79-6431249d3e8a
2026-04-07T23:22:29.321796,tmobile,eth1,188.9,51.48,40.04,3.93,Accretive Networks,"Seattle, WA, United States",https://www.speedtest.net/result/c/f796f448-3fa7-474d-ac9f-1adb83a80f94
2026-04-07T23:37:39.782692,tmobile,eth1,239.93,111.84,40.3,0.64,fdcservers.net,"Seattle, WA, United States",https://www.speedtest.net/result/c/2f6b2c6f-c0f4-4b9b-8373-f57a4016c461
2026-04-07T23:52:38.343876,tmobile,eth1,220.82,53.22,19.95,0.16,fdcservers.net,"Seattle, WA, United States",https://www.speedtest.net/result/c/41a37b16-a4c7-4aa0-9508-6b865126638b
2026-04-08T00:07:36.086108,tmobile,eth1,227.89,61.64,20.12,0.39,Accretive Networks,"Seattle, WA, United States",https://www.speedtest.net/result/c/229df16c-492f-4e10-af49-3681fd4cda9a
2026-04-08T00:22:29.264769,tmobile,eth1,224.93,49.1,20.05,4.09,Accretive Networks,"Seattle, WA, United States",https://www.speedtest.net/result/c/63fc829e-8567-4602-9ab7-2a0dacaed167
2026-04-08T00:37:33.906682,tmobile,eth1,285.14,59.97,20.02,1.12,Accretive Networks,"Seattle, WA, United States",https://www.speedtest.net/result/c/c235e516-a665-4f27-8d9a-d68196f5de9c
2026-04-08T00:52:30.668802,tmobile,eth1,263.82,112.25,23.7,5.51,Accretive Networks,"Seattle, WA, United States",https://www.speedtest.net/result/c/221c5efb-7658-4027-a915-a1f6327473ca
2026-04-08T01:07:31.745604,tmobile,eth1,241.99,51.48,19.9,2.02,Accretive Networks,"Seattle, WA, United States",https://www.speedtest.net/result/c/8415f658-4da1-4e49-acf9-a29a08d893a9
2026-04-08T01:22:36.156154,tmobile,eth1,199.66,63.44,21.21,3.65,Accretive Networks,"Seattle, WA, United States",https://www.speedtest.net/result/c/d578be9c-3888-4226-9c98-2c71312f15dd
2026-04-08T01:37:35.102335,tmobile,eth1,316.31,93.33,19.94,0.36,Accretive Networks,"Seattle, WA, United States",https://www.speedtest.net/result/c/bb7ee0c2-ad93-4d96-b5d7-579545018962
2026-04-08T01:52:26.881582,tmobile,eth1,256.35,45.72,26.88,9.13,Accretive Networks,"Seattle, WA, United States",https://www.speedtest.net/result/c/dd74a258-898c-4777-aa8a-6414bec0976c
2026-04-08T02:07:41.475198,tmobile,eth1,82.95,51.45,39.68,5.41,Accretive Networks,"Seattle, WA, United States",https://www.speedtest.net/result/c/ffb867f5-cdc3-4791-85c7-a57ad1eaa59b
2026-04-08T02:22:38.097881,tmobile,eth1,172.29,46.3,19.9,1.67,Accretive Networks,"Seattle, WA, United States",https://www.speedtest.net/result/c/2a80bf4d-033f-4d85-a2ec-9c146cdb2253
2026-04-08T02:37:43.878647,tmobile,eth1,153.09,28.74,39.99,0.33,Ziply Fiber,"Seattle, WA, United States",https://www.speedtest.net/result/c/23e19500-c776-42d6-8aec-3aff0c92b62f
2026-04-08T02:52:34.404407,tmobile,eth1,160.88,29.94,34.6,8.38,Nobull Networks LLC,"Federal Way, WA, United States",https://www.speedtest.net/result/c/8d3ea5f6-80c8-47a6-a357-65951c7a41ac
2026-04-08T03:07:34.240628,tmobile,eth1,132.13,48.26,26.46,5.65,Astound Broadband,"Seattle, WA, United States",https://www.speedtest.net/result/c/52aaa16b-8e6b-474e-a5e5-4d620b4a2457
2026-04-08T03:22:38.146443,tmobile,eth1,236.55,43.66,32.59,9.26,Nobull Networks LLC,"Federal Way, WA, United States",https://www.speedtest.net/result/c/97bea258-41aa-47be-8702-93e9d2b3d726
2026-04-08T03:37:40.650667,tmobile,eth1,239.94,27.54,32.06,11.4,EZEE Fiber,"Seattle, WA, United States",https://www.speedtest.net/result/c/324a212e-84bb-4c0c-b918-638d68dfcb7f
2026-04-08T03:52:29.286201,tmobile,eth1,369.88,63.04,39.97,2.05,Nobull Networks LLC,"Federal Way, WA, United States",https://www.speedtest.net/result/c/dfd0e691-3cbe-4d1b-ae9c-3fe1a7cd2f3b
2026-04-08T04:07:37.884919,tmobile,eth1,242.21,61.47,26.46,9.7,EZEE Fiber,"Seattle, WA, United States",https://www.speedtest.net/result/c/0947414e-8baa-4ca7-837a-8cc11b785fe2
2026-04-08T04:22:39.640086,tmobile,eth1,210.98,51.42,32.3,5.49,Astound Broadband,"Port Orchard, WA, United States",https://www.speedtest.net/result/c/0a6f4796-8891-476a-bc69-525fdf0f1f9f
2026-04-08T04:37:31.115514,tmobile,eth1,261.12,48.41,28.37,4.53,Astound Broadband,"Port Orchard, WA, United States",https://www.speedtest.net/result/c/583bc1ec-c0c6-4305-979c-7d72918bf121
2026-04-08T04:52:40.171714,tmobile,eth1,158.65,21.8,40.02,3.19,Nobull Networks LLC,"Federal Way, WA, United States",https://www.speedtest.net/result/c/97b6bc69-64ae-47e9-93a7-b96355692352
2026-04-08T05:07:34.307594,tmobile,eth1,249.45,44.96,32.12,14.57,Nobull Networks LLC,"Federal Way, WA, United States",https://www.speedtest.net/result/c/eee91953-240d-4e8d-9c00-4409f1993ac0
2026-04-08T05:22:35.138118,tmobile,eth1,266.14,41.31,39.97,0.37,EZEE Fiber,"Seattle, WA, United States",https://www.speedtest.net/result/c/69dbd3e5-2d26-44c6-8f94-996424694c32
2026-04-08T05:37:31.102874,tmobile,eth1,363.97,50.64,31.39,6.16,Rainier Connect,"Tacoma, WA, United States",https://www.speedtest.net/result/c/380fbd87-9c96-4b73-ac41-b568d153c636
2026-04-08T05:52:43.496310,tmobile,eth1,362.87,48.99,29.59,7.62,Astound Broadband,"Port Orchard, WA, United States",https://www.speedtest.net/result/c/ddddef34-af9e-4df7-bd45-df2465da064d
2026-04-08T06:07:30.786020,tmobile,eth1,348.45,43.13,29.38,2.93,Nobull Networks LLC,"Federal Way, WA, United States",https://www.speedtest.net/result/c/83a1ba4e-61a1-47b1-8e9a-78e4f03b358d
2026-04-08T06:22:39.725043,tmobile,eth1,382.81,41.61,36.38,11.69,"KamaTera, Inc.","Seattle, WA, United States",https://www.speedtest.net/result/c/7ad28ada-63d8-4744-a3ad-ea57e0659d92
2026-04-08T06:37:33.260308,tmobile,eth1,280.84,35.37,35.97,10.18,Astound Broadband,"Port Orchard, WA, United States",https://www.speedtest.net/result/c/9af0f082-5492-40d3-a3a7-82c5c60a8575
2026-04-08T06:52:35.081390,tmobile,eth1,213.69,27.7,28.35,1.91,Nobull Networks LLC,"Federal Way, WA, United States",https://www.speedtest.net/result/c/fe9be9c2-0338-4416-9384-e63c1c60e72b
2026-04-08T07:07:44.521893,tmobile,eth1,128.57,22.27,30.0,4.04,Astound Broadband,"Port Orchard, WA, United States",https://www.speedtest.net/result/c/8cdb2e44-3efc-41e5-85fa-29171b1831e1
2026-04-08T07:22:44.331727,tmobile,eth1,268.25,18.9,36.84,8.37,GSL Networks,"Seattle, WA, United States",https://www.speedtest.net/result/c/711c763d-2459-4c4e-a58f-fd8fd81b8ca7
2026-04-08T07:37:39.498961,tmobile,eth1,50.87,27.71,26.63,9.15,Astound Broadband,"Seattle, WA, United States",https://www.speedtest.net/result/c/1b4b0e54-44f6-4509-ad04-389c2e81cb0e
2026-04-08T07:52:35.217412,tmobile,eth1,246.65,24.41,31.35,12.06,Nobull Networks LLC,"Federal Way, WA, United States",https://www.speedtest.net/result/c/7482aa99-2ff7-4b5a-8ba7-2299412cbca6
2026-04-08T08:07:34.232418,tmobile,eth1,228.44,48.47,40.02,1.15,Nobull Networks LLC,"Federal Way, WA, United States",https://www.speedtest.net/result/c/55760413-e34d-4135-86cf-58639cd8c44a
2026-04-08T08:22:32.077798,tmobile,eth1,121.58,36.38,29.86,0.45,Rainier Connect,"Tacoma, WA, United States",https://www.speedtest.net/result/c/d1720a97-07cb-4755-be08-7b9e78b58bbe
2026-04-08T08:37:31.658409,tmobile,eth1,192.23,38.24,36.97,3.63,Ziply Fiber,"Seattle, WA, United States",https://www.speedtest.net/result/c/9efef820-cc9c-49cb-bfdd-5684b38b1a25
2026-04-08T08:52:42.268106,tmobile,eth1,190.97,53.4,30.4,8.27,GSL Networks,"Seattle, WA, United States",https://www.speedtest.net/result/c/d450b7a1-b8da-4adc-a25d-43a785ac7a39
2026-04-08T09:07:33.356387,tmobile,eth1,222.53,30.33,30.83,5.96,Ziply Fiber,"Seattle, WA, United States",https://www.speedtest.net/result/c/487aeab2-0de9-4edc-b402-377dadc18265
2026-04-08T09:22:38.159253,tmobile,eth1,188.15,22.65,29.41,3.67,GSL Networks,"Seattle, WA, United States",https://www.speedtest.net/result/c/c313a689-a6c5-4a94-9090-2657df550fbc
2026-04-08T09:37:39.967054,tmobile,eth1,227.11,23.91,26.65,7.23,GSL Networks,"Seattle, WA, United States",https://www.speedtest.net/result/c/b293b9fc-ff51-4854-a5bd-496e73531fba
2026-04-08T09:52:36.227908,tmobile,eth1,256.54,25.58,29.06,9.32,Astound Broadband,"Port Orchard, WA, United States",https://www.speedtest.net/result/c/f5eaece8-9d35-44dd-adda-b0e6d7a608ec
2026-04-08T10:07:31.073811,tmobile,eth1,172.4,41.99,36.48,8.92,Nobull Networks LLC,"Federal Way, WA, United States",https://www.speedtest.net/result/c/86bdab6a-0c62-4be0-985f-0bd465996c71
2026-04-08T10:22:31.223232,tmobile,eth1,239.5,12.58,35.61,5.12,EZEE Fiber,"Seattle, WA, United States",https://www.speedtest.net/result/c/b6abed08-c383-47b4-88d2-b8ac40270757
2026-04-08T10:37:33.789334,tmobile,eth1,263.12,22.36,28.75,8.34,Nobull Networks LLC,"Federal Way, WA, United States",https://www.speedtest.net/result/c/c01874ae-1e3d-4d9c-9598-92887787b112
2026-04-08T10:52:33.340924,tmobile,eth1,184.07,36.33,32.65,6.38,"KamaTera, Inc.","Seattle, WA, United States",https://www.speedtest.net/result/c/4cfed836-dc99-4409-8014-621de84acfa9
2026-04-08T11:07:42.221312,tmobile,eth1,217.09,9.69,39.93,1.16,Nobull Networks LLC,"Federal Way, WA, United States",https://www.speedtest.net/result/c/90c7ec20-71f3-4182-999d-eda9e44f67be
2026-04-08T11:22:41.512597,tmobile,eth1,215.14,30.81,39.94,0.12,Astound Broadband,"Seattle, WA, United States",https://www.speedtest.net/result/c/d747ee2e-9b3f-4f5a-8195-5fbb63f85e9d
2026-04-08T11:37:43.727425,tmobile,eth1,208.7,23.76,39.95,0.25,GSL Networks,"Seattle, WA, United States",https://www.speedtest.net/result/c/226ed7fd-a216-45ad-8508-365917cebbc5
2026-04-08T11:52:43.276244,tmobile,eth1,188.43,22.49,25.54,0.95,Ziply Fiber,"Seattle, WA, United States",https://www.speedtest.net/result/c/d8452421-82bc-4cea-af0e-93edc39d9235
2026-04-08T12:07:40.156033,tmobile,eth1,194.7,13.45,39.89,3.94,EZEE Fiber,"Seattle, WA, United States",https://www.speedtest.net/result/c/3e8be9a5-b55c-4462-a763-d430e49b6db0
2026-04-08T12:22:38.709382,tmobile,eth1,160.18,11.61,40.07,1.48,Astound Broadband,"Port Orchard, WA, United States",https://www.speedtest.net/result/c/579c147b-93c5-411b-bf0a-68da9a17f069
2026-04-08T12:37:36.250833,tmobile,eth1,212.62,36.85,39.16,4.22,Nobull Networks LLC,"Federal Way, WA, United States",https://www.speedtest.net/result/c/93f71635-aa04-4c0c-a932-3515d561ed3f
2026-04-08T12:52:33.230151,tmobile,eth1,220.72,30.68,26.4,3.62,EZEE Fiber,"Seattle, WA, United States",https://www.speedtest.net/result/c/7c46f2c8-eba8-43ce-9e16-80923c9e5ad1
2026-04-08T13:07:42.407058,tmobile,eth1,196.55,44.95,40.03,0.65,Ziply Fiber,"Seattle, WA, United States",https://www.speedtest.net/result/c/2a8f0754-4c0a-4fe4-8b38-ebe95d08f0a7
2026-04-08T13:22:38.887526,tmobile,eth1,212.17,45.2,29.5,6.81,Ziply Fiber,"Seattle, WA, United States",https://www.speedtest.net/result/c/e97a6842-7dae-4623-b884-227aa669d4b5
2026-04-08T13:37:42.193406,tmobile,eth1,224.23,89.39,37.93,8.53,"KamaTera, Inc.","Seattle, WA, United States",https://www.speedtest.net/result/c/14371491-8083-4f4b-8a67-211aaa8bf73c
